Date,puntaje_sent_fin_pos,puntaje_sent_fin_neu,puntaje_sent_fin_neg,ticker_individual,recom_inv_llm,idx
2023-08-01,0.0131055731326341,0.0169652439653873,0.9699291586875916,UBER,4,0
2023-08-01,0.0425627827644348,0.910592257976532,0.0468449555337429,TSLA,1,1
2023-08-01,0.0425627827644348,0.910592257976532,0.0468449555337429,UBER,5,2
2023-08-01,0.0386672466993331,0.5818313956260681,0.3795013129711151,GOOG,5,3
2023-08-01,0.0386672466993331,0.5818313956260681,0.3795013129711151,NVDA,3,4
2023-08-01,0.0386672466993331,0.5818313956260681,0.3795013129711151,SPY,2,5
2023-08-01,0.0563938654959201,0.7630883455276489,0.18051777780056,GS,3,6
2023-08-01,0.0386672466993331,0.5818313956260681,0.3795013129711151,GOOG,3,7
2023-08-01,0.0386672466993331,0.5818313956260681,0.3795013129711151,NVDA,5,8
2023-08-01,0.0386672466993331,0.5818313956260681,0.3795013129711151,SPY,1,9
2023-08-01,0.0425627827644348,0.910592257976532,0.0468449555337429,TSLA,3,10
2023-08-01,0.0425627827644348,0.910592257976532,0.0468449555337429,UBER,1,11
2023-08-01,0.0131055731326341,0.0169652439653873,0.9699291586875916,UBER,2,12
2023-08-01,0.0386672466993331,0.5818313956260681,0.3795013129711151,GOOG,5,13
2023-08-01,0.0386672466993331,0.5818313956260681,0.3795013129711151,NVDA,1,14
2023-08-01,0.0386672466993331,0.5818313956260681,0.3795013129711151,SPY,3,15
2023-08-01,0.0563938654959201,0.7630883455276489,0.18051777780056,GS,3,16
2023-08-01,0.0131055731326341,0.0169652439653873,0.9699291586875916,UBER,4,17
2023-08-01,0.0169032104313373,0.0217317715287208,0.961365044116974,UBER,4,18
2023-08-01,0.0169032104313373,0.0217317715287208,0.961365044116974,UBER,3,19
2023-08-01,0.0425627827644348,0.910592257976532,0.0468449555337429,TSLA,4,20
2023-08-01,0.0425627827644348,0.910592257976532,0.0468449555337429,UBER,3,21
2023-08-01,0.0131055731326341,0.0169652439653873,0.9699291586875916,UBER,3,22
2023-08-01,0.0169032104313373,0.0217317715287208,0.961365044116974,UBER,3,23
2023-08-01,0.0563938654959201,0.7630883455276489,0.18051777780056,GS,3,24
2023-08-01,0.0386672466993331,0.5818313956260681,0.3795013129711151,NVDA,5,25
2023-08-01,0.0386672466993331,0.5818313956260681,0.3795013129711151,SPY,3,26
2023-08-01,0.0425627827644348,0.910592257976532,0.0468449555337429,TSLA,3,27
2023-08-01,0.0425627827644348,0.910592257976532,0.0468449555337429,UBER,5,28
2023-08-01,0.0169032104313373,0.0217317715287208,0.961365044116974,UBER,3,29
2023-08-01,0.0386672466993331,0.5818313956260681,0.3795013129711151,GOOG,4,30
2023-08-01,0.0386672466993331,0.5818313956260681,0.3795013129711151,NVDA,3,31
2023-08-01,0.0386672466993331,0.5818313956260681,0.3795013129711151,SPY,3,32
2023-08-01,0.0169032104313373,0.0217317715287208,0.961365044116974,UBER,4,33
2023-08-01,0.0425627827644348,0.910592257976532,0.0468449555337429,TSLA,3,34
2023-08-01,0.0425627827644348,0.910592257976532,0.0468449555337429,UBER,4,35
2023-08-01,0.0425627827644348,0.910592257976532,0.0468449555337429,TSLA,3,36
2023-08-01,0.0425627827644348,0.910592257976532,0.0468449555337429,UBER,5,37
2023-08-01,0.0131055731326341,0.0169652439653873,0.9699291586875916,UBER,3,38
2023-08-01,0.0425627827644348,0.910592257976532,0.0468449555337429,TSLA,5,39
2023-08-01,0.0425627827644348,0.910592257976532,0.0468449555337429,UBER,1,40
2023-08-01,0.0386672466993331,0.5818313956260681,0.3795013129711151,GOOG,2,41
2023-08-01,0.0386672466993331,0.5818313956260681,0.3795013129711151,NVDA,4,42
2023-08-01,0.0386672466993331,0.5818313956260681,0.3795013129711151,SPY,3,43
2023-08-01,0.0563938654959201,0.7630883455276489,0.18051777780056,GS,4,44
2023-08-01,0.01953618042171,0.6209571361541748,0.3595066368579864,GS,3,45
2023-08-01,0.0131055731326341,0.0169652439653873,0.9699291586875916,UBER,3,46
2023-08-01,0.0425627827644348,0.910592257976532,0.0468449555337429,TSLA,2,47
2023-08-01,0.0425627827644348,0.910592257976532,0.0468449555337429,UBER,3,48
2023-08-01,0.0169032104313373,0.0217317715287208,0.961365044116974,UBER,4,49
2023-08-01,0.0456027463078498,0.9285750985145568,0.0258221291005611,AMD,3,50
2023-08-01,0.0456027463078498,0.9285750985145568,0.0258221291005611,NVDA,5,51
2023-08-01,0.0192902497947216,0.9319592118263244,0.0487504713237285,AMD,3,52
2023-08-01,0.0087578762322664,0.0311723668128252,0.96006977558136,AMD,3,53
2023-08-01,0.6440514326095581,0.2701302468776703,0.0858183354139328,MSFT,2,54
2023-08-01,0.6440514326095581,0.2701302468776703,0.0858183354139328,NVDA,5,55
2023-08-01,0.0563938654959201,0.7630883455276489,0.18051777780056,GS,5,56
2023-08-01,0.0386672466993331,0.5818313956260681,0.3795013129711151,GOOG,1,57
2023-08-01,0.0386672466993331,0.5818313956260681,0.3795013129711151,NVDA,5,58
2023-08-01,0.0386672466993331,0.5818313956260681,0.3795013129711151,SPY,5,59
2023-08-01,0.0488071255385875,0.9301442503929138,0.0210486780852079,AMZN,1,60
2023-08-01,0.0488071255385875,0.9301442503929138,0.0210486780852079,MSFT,3,61
2023-08-01,0.6440514326095581,0.2701302468776703,0.0858183354139328,AMD,3,62
2023-08-01,0.6440514326095581,0.2701302468776703,0.0858183354139328,MSFT,3,63
2023-08-01,0.6440514326095581,0.2701302468776703,0.0858183354139328,NVDA,3,64
2023-08-01,0.0563938654959201,0.7630883455276489,0.18051777780056,GS,4,65
2023-08-01,0.0425627827644348,0.910592257976532,0.0468449555337429,TSLA,3,66
2023-08-01,0.0425627827644348,0.910592257976532,0.0468449555337429,UBER,3,67
2023-08-01,0.0386672466993331,0.5818313956260681,0.3795013129711151,NVDA,4,68
2023-08-01,0.0386672466993331,0.5818313956260681,0.3795013129711151,SPY,3,69
2023-08-01,0.0169032104313373,0.0217317715287208,0.961365044116974,UBER,3,70
2023-08-01,0.1122172102332115,0.8756448030471802,0.0121380314230918,AMZN,2,71
2023-08-01,0.0563938654959201,0.7630883455276489,0.18051777780056,GS,1,72
2023-08-01,0.0103257251903414,0.0220057535916566,0.9676685333251952,UBER,3,73
2023-08-01,0.0345153212547302,0.1433337032794952,0.8221510052680969,AMD,2,74
2023-08-01,0.0345153212547302,0.1433337032794952,0.8221510052680969,MSFT,1,75
2023-08-01,0.0345153212547302,0.1433337032794952,0.8221510052680969,NVDA,2,76
2023-08-01,0.6440514326095581,0.2701302468776703,0.0858183354139328,AMD,3,77
2023-08-01,0.6440514326095581,0.2701302468776703,0.0858183354139328,MSFT,1,78
2023-08-01,0.6440514326095581,0.2701302468776703,0.0858183354139328,NVDA,3,79
2023-08-01,0.2320917099714279,0.740553617477417,0.0273546762764453,MSFT,3,80
2023-08-01,0.0131055731326341,0.0169652439653873,0.9699291586875916,UBER,3,81
2023-08-01,0.0425627827644348,0.910592257976532,0.0468449555337429,TSLA,3,82
2023-08-01,0.0425627827644348,0.910592257976532,0.0468449555337429,UBER,5,83
2023-08-01,0.0386672466993331,0.5818313956260681,0.3795013129711151,GOOG,5,84
2023-08-01,0.0386672466993331,0.5818313956260681,0.3795013129711151,NVDA,2,85
2023-08-01,0.0386672466993331,0.5818313956260681,0.3795013129711151,SPY,3,86
2023-08-01,0.0563938654959201,0.7630883455276489,0.18051777780056,GS,1,87
2023-08-01,0.0213827807456254,0.414319097995758,0.564298152923584,TSLA,3,88
2023-08-01,0.0425627827644348,0.910592257976532,0.0468449555337429,TSLA,5,89
2023-08-01,0.0425627827644348,0.910592257976532,0.0468449555337429,UBER,2,90
2023-08-01,0.0115776499733328,0.0213765315711498,0.9670458436012268,AAPL,3,91
2023-08-01,0.0131055731326341,0.0169652439653873,0.9699291586875916,UBER,2,92
2023-08-01,0.0425627827644348,0.910592257976532,0.0468449555337429,TSLA,3,93
2023-08-01,0.0425627827644348,0.910592257976532,0.0468449555337429,UBER,4,94
2023-08-01,0.0386672466993331,0.5818313956260681,0.3795013129711151,GOOG,3,95
2023-08-01,0.0386672466993331,0.5818313956260681,0.3795013129711151,NVDA,5,96
2023-08-01,0.0386672466993331,0.5818313956260681,0.3795013129711151,SPY,3,97
2023-08-01,0.0456027463078498,0.9285750985145568,0.0258221291005611,AMD,5,98
2023-08-01,0.0456027463078498,0.9285750985145568,0.0258221291005611,NVDA,3,99
2023-08-01,0.0488071255385875,0.9301442503929138,0.0210486780852079,MSFT,3,100
2023-08-01,0.0169032104313373,0.0217317715287208,0.961365044116974,UBER,3,101
2023-08-01,0.0147903906181454,0.1025499999523162,0.8826596140861511,TSLA,3,102
2023-08-01,0.0131055731326341,0.0169652439653873,0.9699291586875916,UBER,3,103
2023-08-01,0.0560833513736724,0.9279326796531676,0.0159839708358049,UBER,5,104
2023-08-01,0.0385960228741169,0.0152396708726882,0.9461642503738404,UBER,5,105
2023-08-01,0.0386672466993331,0.5818313956260681,0.3795013129711151,GOOG,1,106
2023-08-01,0.0386672466993331,0.5818313956260681,0.3795013129711151,NVDA,3,107
2023-08-01,0.0386672466993331,0.5818313956260681,0.3795013129711151,SPY,1,108
2023-08-01,0.0563938654959201,0.7630883455276489,0.18051777780056,GS,2,109
2023-08-01,0.0131055731326341,0.0169652439653873,0.9699291586875916,UBER,3,110
2023-08-01,0.0425627827644348,0.910592257976532,0.0468449555337429,TSLA,5,111
2023-08-01,0.0425627827644348,0.910592257976532,0.0468449555337429,UBER,3,112
2023-08-01,0.0425627827644348,0.910592257976532,0.0468449555337429,TSLA,5,113
2023-08-01,0.0425627827644348,0.910592257976532,0.0468449555337429,UBER,5,114
2023-08-01,0.0386672466993331,0.5818313956260681,0.3795013129711151,GOOG,1,115
2023-08-01,0.0386672466993331,0.5818313956260681,0.3795013129711151,SPY,4,116
2023-08-01,0.0131055731326341,0.0169652439653873,0.9699291586875916,UBER,2,117
2023-08-01,0.0386672466993331,0.5818313956260681,0.3795013129711151,GOOG,3,118
2023-08-01,0.0386672466993331,0.5818313956260681,0.3795013129711151,NVDA,1,119
2023-08-01,0.0308970026671886,0.9376100897789,0.0314929224550724,F,4,120
2023-08-01,0.1327401995658874,0.77704918384552,0.0902106612920761,F,5,121
2023-08-01,0.0131055731326341,0.0169652439653873,0.9699291586875916,UBER,3,122
2023-08-01,0.0425627827644348,0.910592257976532,0.0468449555337429,TSLA,2,123
2023-08-01,0.0425627827644348,0.910592257976532,0.0468449555337429,UBER,5,124
2023-08-01,0.0169032104313373,0.0217317715287208,0.961365044116974,UBER,3,125
2023-08-01,0.0386672466993331,0.5818313956260681,0.3795013129711151,GOOG,2,126
2023-08-01,0.0386672466993331,0.5818313956260681,0.3795013129711151,NVDA,4,127
2023-08-01,0.0620504654943943,0.9224892258644104,0.0154602387920022,NVDA,3,128
2023-08-01,0.0425627827644348,0.910592257976532,0.0468449555337429,TSLA,5,129
2023-08-01,0.0425627827644348,0.910592257976532,0.0468449555337429,UBER,2,130
2023-08-01,0.0386672466993331,0.5818313956260681,0.3795013129711151,GOOG,5,131
2023-08-01,0.0386672466993331,0.5818313956260681,0.3795013129711151,NVDA,4,132
2023-08-01,0.0386672466993331,0.5818313956260681,0.3795013129711151,SPY,3,133
2023-08-01,0.0131055731326341,0.0169652439653873,0.9699291586875916,UBER,3,134
2023-08-01,0.0131055731326341,0.0169652439653873,0.9699291586875916,UBER,3,135
2023-08-02,0.1908488869667053,0.7962383031845093,0.0129128508269786,TSLA,3,136
2023-08-02,0.0153166837990283,0.0672142654657363,0.9174689650535583,TSLA,5,137
2023-08-02,0.097961813211441,0.4168788492679596,0.485159307718277,AAPL,5,138
2023-08-02,0.0257731806486845,0.9359863996505736,0.0382403954863548,AMD,3,139
2023-08-02,0.0257731806486845,0.9359863996505736,0.0382403954863548,NVDA,3,140
2023-08-02,0.0561156459152698,0.9127840995788574,0.0311002675443887,AAPL,1,141
2023-08-02,0.0153166837990283,0.0672142654657363,0.9174689650535583,AMD,2,142
2023-08-02,0.0153166837990283,0.0672142654657363,0.9174689650535583,TSLA,2,143
2023-08-02,0.0153166837990283,0.0672142654657363,0.9174689650535583,TSLA,5,144
2023-08-02,0.0391067489981651,0.5389724969863892,0.4219207465648651,F,5,145
2023-08-02,0.0413481891155242,0.3564914762973785,0.6021602749824524,MSFT,1,146
2023-08-02,0.0391067489981651,0.5389724969863892,0.4219207465648651,F,3,147
2023-08-02,0.0660510435700416,0.8301266431808472,0.1038222983479499,KO,1,148
2023-08-02,0.0391067489981651,0.5389724969863892,0.4219207465648651,F,4,149
2023-08-02,0.0153166837990283,0.0672142654657363,0.9174689650535583,AMD,2,150
2023-08-02,0.9041768908500672,0.0171436071395874,0.07867943495512,UBER,3,151
2023-08-02,0.0559804439544677,0.9323070645332336,0.01171251013875,KO,3,152
2023-08-02,0.0578928440809249,0.9266353845596312,0.0154717043042182,UBER,3,153
2023-08-02,0.0153166837990283,0.0672142654657363,0.9174689650535583,AMD,5,154
2023-08-02,0.0153166837990283,0.0672142654657363,0.9174689650535583,TSLA,3,155
2023-08-02,0.0379084609448909,0.4053892791271209,0.5567022562026978,DIS,2,156
2023-08-02,0.0747623890638351,0.9043993949890136,0.0208382941782474,AMD,4,157
2023-08-02,0.0747623890638351,0.9043993949890136,0.0208382941782474,NVDA,3,158
2023-08-02,0.0476066842675209,0.916215479373932,0.0361778400838375,AMD,3,159
2023-08-02,0.0448148548603057,0.9333176612854004,0.0218674466013908,AMD,3,160
2023-08-02,0.0153166837990283,0.0672142654657363,0.9174689650535583,TSLA,3,161
2023-08-02,0.0660510435700416,0.8301266431808472,0.1038222983479499,KO,1,162
2023-08-02,0.0660510435700416,0.8301266431808472,0.1038222983479499,KO,4,163
2023-08-02,0.0950668826699256,0.8803003430366516,0.0246327817440032,AAPL,3,164
2023-08-02,0.0950668826699256,0.8803003430366516,0.0246327817440032,GS,5,165
2023-08-02,0.0245160963386297,0.0096378773450851,0.965846061706543,AAPL,3,166
2023-08-02,0.0416506417095661,0.9383576512336732,0.019991623237729,GS,2,167
2023-08-02,0.0660510435700416,0.8301266431808472,0.1038222983479499,KO,5,168
2023-08-02,0.3334196507930755,0.6368894577026367,0.0296908747404813,AMZN,3,169
2023-08-02,0.0153166837990283,0.0672142654657363,0.9174689650535583,AMD,3,170
2023-08-02,0.0153166837990283,0.0672142654657363,0.9174689650535583,TSLA,2,171
2023-08-02,0.0391067489981651,0.5389724969863892,0.4219207465648651,F,1,172
2023-08-02,0.0153166837990283,0.0672142654657363,0.9174689650535583,AMD,5,173
2023-08-02,0.1360048651695251,0.8017463684082031,0.0622488260269165,TSLA,3,174
2023-08-02,0.047394972294569,0.9247767925262452,0.0278282463550567,AMZN,2,175
2023-08-02,0.0660510435700416,0.8301266431808472,0.1038222983479499,KO,2,176
2023-08-02,0.0660510435700416,0.8301266431808472,0.1038222983479499,KO,5,177
2023-08-02,0.0391067489981651,0.5389724969863892,0.4219207465648651,F,3,178
2023-08-02,0.0391067489981651,0.5389724969863892,0.4219207465648651,F,3,179
2023-08-02,0.0153166837990283,0.0672142654657363,0.9174689650535583,AMD,2,180
2023-08-02,0.0153166837990283,0.0672142654657363,0.9174689650535583,TSLA,5,181
2023-08-02,0.0391067489981651,0.5389724969863892,0.4219207465648651,F,4,182
2023-08-02,0.0153166837990283,0.0672142654657363,0.9174689650535583,AMD,5,183
2023-08-02,0.0153166837990283,0.0672142654657363,0.9174689650535583,TSLA,1,184
2023-08-02,0.0264700204133987,0.4706392884254455,0.5028906464576721,AMZN,3,185
2023-08-02,0.1360048651695251,0.8017463684082031,0.0622488260269165,AMZN,5,186
2023-08-02,0.1360048651695251,0.8017463684082031,0.0622488260269165,TSLA,4,187
2023-08-02,0.0607519224286079,0.9223984479904176,0.0168496258556842,NVDA,3,188
2023-08-02,0.1111366376280784,0.8763706684112549,0.0124926278367638,F,3,189
2023-08-02,0.0257731806486845,0.9359863996505736,0.0382403954863548,AMD,3,190
2023-08-02,0.0257731806486845,0.9359863996505736,0.0382403954863548,NVDA,3,191
2023-08-02,0.0660510435700416,0.8301266431808472,0.1038222983479499,KO,1,192
2023-08-02,0.0153166837990283,0.0672142654657363,0.9174689650535583,AMD,3,193
2023-08-02,0.0391067489981651,0.5389724969863892,0.4219207465648651,F,2,194
2023-08-02,0.0153166837990283,0.0672142654657363,0.9174689650535583,AMD,1,195
2023-08-02,0.0153166837990283,0.0672142654657363,0.9174689650535583,TSLA,4,196
2023-08-02,0.0153166837990283,0.0672142654657363,0.9174689650535583,TSLA,5,197
2023-08-02,0.0391067489981651,0.5389724969863892,0.4219207465648651,F,1,198
2023-08-02,0.0391067489981651,0.5389724969863892,0.4219207465648651,F,2,199
2023-08-02,0.0660510435700416,0.8301266431808472,0.1038222983479499,KO,2,200
2023-08-03,0.0209804233163595,0.8422641158103943,0.1367554068565368,AMZN,5,201
2023-08-03,0.0624369867146015,0.9213739037513732,0.0161891710013151,NVDA,1,202
2023-08-03,0.0732654780149459,0.9096641540527344,0.017070360481739,MSFT,5,203
2023-08-03,0.0690021440386772,0.8751453757286072,0.0558524541556835,WMT,3,204
2023-08-03,0.4168730080127716,0.5191335678100586,0.063993439078331,BRK,5,205
2023-08-03,0.0543365031480789,0.8733408451080322,0.0723227187991142,TSLA,4,206
2023-08-03,0.0175736304372549,0.030823465436697,0.9516028761863708,NVDA,1,207
2023-08-03,0.0462892390787601,0.929228127002716,0.0244826097041368,AMD,5,208
2023-08-03,0.0543365031480789,0.8733408451080322,0.0723227187991142,BRK,3,209
2023-08-03,0.0543365031480789,0.8733408451080322,0.0723227187991142,TSLA,3,210
2023-08-03,0.4168730080127716,0.5191335678100586,0.063993439078331,BRK,3,211
2023-08-03,0.0449391268193721,0.0178378634154796,0.9372230172157288,MSFT,5,212
2023-08-03,0.0690021440386772,0.8751453757286072,0.0558524541556835,WMT,3,213
2023-08-03,0.4168730080127716,0.5191335678100586,0.063993439078331,BRK,3,214
2023-08-03,0.0690021440386772,0.8751453757286072,0.0558524541556835,WMT,1,215
2023-08-03,0.0543365031480789,0.8733408451080322,0.0723227187991142,BRK,4,216
2023-08-03,0.0543365031480789,0.8733408451080322,0.0723227187991142,TSLA,2,217
2023-08-03,0.0449391268193721,0.0178378634154796,0.9372230172157288,MSFT,4,218
2023-08-03,0.0690021440386772,0.8751453757286072,0.0558524541556835,WMT,4,219
2023-08-03,0.0342254973948001,0.8878904581069946,0.0778839811682701,GS,3,220
2023-08-03,0.0543365031480789,0.8733408451080322,0.0723227187991142,BRK,3,221
2023-08-03,0.0543365031480789,0.8733408451080322,0.0723227187991142,TSLA,1,222
2023-08-03,0.0791986137628555,0.9091699123382568,0.0116314534097909,GS,3,223
2023-08-03,0.0206606928259134,0.2440292835235595,0.7353099584579468,F,5,224
2023-08-03,0.0449391268193721,0.0178378634154796,0.9372230172157288,MSFT,4,225
2023-08-03,0.0543365031480789,0.8733408451080322,0.0723227187991142,TSLA,4,226
2023-08-03,0.0543365031480789,0.8733408451080322,0.0723227187991142,BRK,3,227
2023-08-03,0.4168730080127716,0.5191335678100586,0.063993439078331,BRK,5,228
2023-08-03,0.0345712192356586,0.937963366508484,0.0274653453379869,F,4,229
2023-08-03,0.0449391268193721,0.0178378634154796,0.9372230172157288,MSFT,2,230
2023-08-03,0.0524571612477302,0.6410378813743591,0.3065049648284912,TSLA,3,231
2023-08-03,0.4168730080127716,0.5191335678100586,0.063993439078331,BRK,5,232
2023-08-03,0.4168730080127716,0.5191335678100586,0.063993439078331,BRK,3,233
2023-08-03,0.0690021440386772,0.8751453757286072,0.0558524541556835,WMT,3,234
2023-08-03,0.0543365031480789,0.8733408451080322,0.0723227187991142,BRK,1,235
2023-08-03,0.0543365031480789,0.8733408451080322,0.0723227187991142,TSLA,3,236
2023-08-03,0.0690021440386772,0.8751453757286072,0.0558524541556835,WMT,1,237
2023-08-03,0.0218843519687652,0.9197354316711426,0.0583802312612533,DIS,3,238
2023-08-03,0.0690021440386772,0.8751453757286072,0.0558524541556835,WMT,1,239
2023-08-03,0.0855637043714523,0.8294813632965088,0.0849549248814582,AMZN,3,240
2023-08-03,0.0690021440386772,0.8751453757286072,0.0558524541556835,WMT,3,241
2023-08-03,0.4168730080127716,0.5191335678100586,0.063993439078331,BRK,5,242
2023-08-03,0.0543365031480789,0.8733408451080322,0.0723227187991142,BRK,1,243
2023-08-03,0.0543365031480789,0.8733408451080322,0.0723227187991142,TSLA,1,244
2023-08-03,0.4168730080127716,0.5191335678100586,0.063993439078331,BRK,3,245
2023-08-03,0.0107314037159085,0.0218791887164115,0.9673894047737122,AAPL,3,246
2023-08-03,0.0449391268193721,0.0178378634154796,0.9372230172157288,MSFT,4,247
2023-08-03,0.0080651873722672,0.0210689678788185,0.9708658456802368,SPY,4,248
2023-08-03,0.0270117670297622,0.3114497065544128,0.6615385413169861,AAPL,2,249
2023-08-03,0.0690021440386772,0.8751453757286072,0.0558524541556835,WMT,4,250
2023-08-03,0.0449391268193721,0.0178378634154796,0.9372230172157288,MSFT,4,251
2023-08-03,0.0543365031480789,0.8733408451080322,0.0723227187991142,BRK,4,252
2023-08-03,0.0543365031480789,0.8733408451080322,0.0723227187991142,TSLA,2,253
2023-08-03,0.0462892390787601,0.929228127002716,0.0244826097041368,AMD,4,254
2023-08-03,0.0449391268193721,0.0178378634154796,0.9372230172157288,MSFT,4,255
2023-08-03,0.0543365031480789,0.8733408451080322,0.0723227187991142,BRK,5,256
2023-08-03,0.0543365031480789,0.8733408451080322,0.0723227187991142,TSLA,5,257
2023-08-03,0.0690021440386772,0.8751453757286072,0.0558524541556835,WMT,3,258
2023-08-03,0.0543365031480789,0.8733408451080322,0.0723227187991142,BRK,5,259
2023-08-03,0.0543365031480789,0.8733408451080322,0.0723227187991142,TSLA,3,260
2023-08-03,0.0449391268193721,0.0178378634154796,0.9372230172157288,MSFT,5,261
2023-08-03,0.4168730080127716,0.5191335678100586,0.063993439078331,BRK,5,262
2023-08-03,0.0690021440386772,0.8751453757286072,0.0558524541556835,WMT,2,263
2023-08-03,0.0598582252860069,0.9251739978790284,0.0149678271263837,UBER,3,264
2023-08-03,0.4168730080127716,0.5191335678100586,0.063993439078331,BRK,5,265
2023-08-03,0.4168730080127716,0.5191335678100586,0.063993439078331,BRK,3,266
2023-08-03,0.0690021440386772,0.8751453757286072,0.0558524541556835,WMT,2,267
2023-08-03,0.1048758924007415,0.8695772886276245,0.0255467593669891,AAPL,3,268
2023-08-03,0.0449391268193721,0.0178378634154796,0.9372230172157288,MSFT,5,269
2023-08-03,0.4168730080127716,0.5191335678100586,0.063993439078331,BRK,3,270
2023-08-03,0.0325630828738212,0.93346506357193,0.0339718535542488,TSLA,4,271
2023-08-03,0.0192483589053154,0.934802770614624,0.045948889106512,AMZN,5,272
2023-08-03,0.0524571612477302,0.6410378813743591,0.3065049648284912,TSLA,5,273
2023-08-03,0.0166130941361188,0.0214017499238252,0.961985170841217,TSLA,4,274
2023-08-03,0.0543365031480789,0.8733408451080322,0.0723227187991142,BRK,3,275
2023-08-03,0.0543365031480789,0.8733408451080322,0.0723227187991142,TSLA,3,276
2023-08-04,0.0384823568165302,0.0124604366719722,0.9490572810173036,AAPL,4,277
2023-08-04,0.0384823568165302,0.0124604366719722,0.9490572810173036,AMZN,4,278
2023-08-04,0.0403292216360569,0.9381150603294371,0.0215556975454092,GS,3,279
2023-08-04,0.0213353689759969,0.0217124093323946,0.9569522738456726,AAPL,3,280
2023-08-04,0.0213353689759969,0.0217124093323946,0.9569522738456726,AMZN,3,281
2023-08-04,0.0187309719622135,0.0116129955276846,0.9696560502052308,AAPL,3,282
2023-08-04,0.0574945844709873,0.6291989684104919,0.3133063912391662,DIS,3,283
2023-08-04,0.0089808814227581,0.032626636326313,0.9583924412727356,MSFT,5,284
2023-08-04,0.0549322366714477,0.0182956904172897,0.9267720580101012,AAPL,3,285
2023-08-04,0.0549322366714477,0.0182956904172897,0.9267720580101012,AMZN,5,286
2023-08-04,0.0549322366714477,0.0182956904172897,0.9267720580101012,F,3,287
2023-08-04,0.0187309719622135,0.0116129955276846,0.9696560502052308,AAPL,3,288
2023-08-04,0.025272499769926,0.0167719107121229,0.957955539226532,AMZN,4,289
2023-08-04,0.025272499769926,0.0167719107121229,0.957955539226532,AMZN,3,290
2023-08-04,0.0468288734555244,0.9222732186317444,0.0308979097753763,F,1,291
2023-08-04,0.0468288734555244,0.9222732186317444,0.0308979097753763,TSLA,5,292
2023-08-04,0.0187309719622135,0.0116129955276846,0.9696560502052308,AAPL,5,293
2023-08-04,0.009164904244244,0.0304176844656467,0.9604174494743348,F,1,294
2023-08-04,0.0213353689759969,0.0217124093323946,0.9569522738456726,AAPL,3,295
2023-08-04,0.0468288734555244,0.9222732186317444,0.0308979097753763,F,4,296
2023-08-04,0.0468288734555244,0.9222732186317444,0.0308979097753763,TSLA,5,297
2023-08-04,0.0187309719622135,0.0116129955276846,0.9696560502052308,AAPL,3,298
2023-08-04,0.0192445535212755,0.0199010875076055,0.9608543515205384,AAPL,3,299
2023-08-04,0.0574945844709873,0.6291989684104919,0.3133063912391662,DIS,3,300
2023-08-04,0.0187309719622135,0.0116129955276846,0.9696560502052308,AAPL,3,301
2023-08-04,0.0213353689759969,0.0217124093323946,0.9569522738456726,AAPL,3,302
2023-08-04,0.0213353689759969,0.0217124093323946,0.9569522738456726,AMZN,3,303
2023-08-04,0.009164904244244,0.0304176844656467,0.9604174494743348,F,5,304
2023-08-04,0.0187309719622135,0.0116129955276846,0.9696560502052308,AAPL,3,305
2023-08-04,0.025272499769926,0.0167719107121229,0.957955539226532,AMZN,5,306
2023-08-04,0.009164904244244,0.0304176844656467,0.9604174494743348,F,3,307
2023-08-04,0.0213353689759969,0.0217124093323946,0.9569522738456726,AAPL,4,308
2023-08-04,0.0491366945207119,0.0151822306215763,0.935681164264679,WMT,3,309
2023-08-04,0.025272499769926,0.0167719107121229,0.957955539226532,AMZN,5,310
2023-08-04,0.0574945844709873,0.6291989684104919,0.3133063912391662,DIS,3,311
2023-08-04,0.0213353689759969,0.0217124093323946,0.9569522738456726,AMZN,3,312
2023-08-04,0.009164904244244,0.0304176844656467,0.9604174494743348,F,3,313
2023-08-04,0.0574945844709873,0.6291989684104919,0.3133063912391662,DIS,3,314
2023-08-04,0.0187309719622135,0.0116129955276846,0.9696560502052308,AAPL,2,315
2023-08-04,0.0574945844709873,0.6291989684104919,0.3133063912391662,DIS,3,316
2023-08-04,0.0213353689759969,0.0217124093323946,0.9569522738456726,AAPL,3,317
2023-08-04,0.0213353689759969,0.0217124093323946,0.9569522738456726,AMZN,3,318
2023-08-04,0.009164904244244,0.0304176844656467,0.9604174494743348,F,5,319
2023-08-04,0.0187309719622135,0.0116129955276846,0.9696560502052308,AAPL,5,320
2023-08-04,0.0574945844709873,0.6291989684104919,0.3133063912391662,DIS,5,321
2023-08-04,0.0187309719622135,0.0116129955276846,0.9696560502052308,AAPL,2,322
2023-08-04,0.025272499769926,0.0167719107121229,0.957955539226532,AMZN,4,323
2023-08-04,0.0213353689759969,0.0217124093323946,0.9569522738456726,AMZN,3,324
2023-08-04,0.0213353689759969,0.0217124093323946,0.9569522738456726,AAPL,3,325
2023-08-04,0.0213353689759969,0.0217124093323946,0.9569522738456726,AMZN,5,326
2023-08-04,0.009164904244244,0.0304176844656467,0.9604174494743348,F,2,327
2023-08-04,0.0574945844709873,0.6291989684104919,0.3133063912391662,DIS,5,328
2023-08-04,0.025272499769926,0.0167719107121229,0.957955539226532,AMZN,5,329
2023-08-04,0.0436163432896137,0.9361299276351928,0.0202537067234516,F,5,330
2023-08-04,0.3130750656127929,0.0245557948946952,0.6623691320419312,F,5,331
2023-08-04,0.0468288734555244,0.9222732186317444,0.0308979097753763,F,3,332
2023-08-04,0.0468288734555244,0.9222732186317444,0.0308979097753763,TSLA,3,333
2023-08-04,0.0574945844709873,0.6291989684104919,0.3133063912391662,DIS,5,334
2023-08-04,0.0187309719622135,0.0116129955276846,0.9696560502052308,AAPL,5,335
2023-08-04,0.0213353689759969,0.0217124093323946,0.9569522738456726,AMZN,3,336
2023-08-04,0.0213353689759969,0.0217124093323946,0.9569522738456726,AMZN,3,337
2023-08-04,0.009164904244244,0.0304176844656467,0.9604174494743348,F,3,338
2023-08-04,0.009164904244244,0.0304176844656467,0.9604174494743348,F,3,339
2023-08-04,0.0574945844709873,0.6291989684104919,0.3133063912391662,DIS,3,340
2023-08-04,0.0187309719622135,0.0116129955276846,0.9696560502052308,AAPL,3,341
2023-08-04,0.025272499769926,0.0167719107121229,0.957955539226532,AMZN,4,342
2023-08-04,0.0213353689759969,0.0217124093323946,0.9569522738456726,AAPL,1,343
2023-08-04,0.0358917340636253,0.9145678281784058,0.0495404154062271,AMZN,3,344
2023-08-04,0.0358917340636253,0.9145678281784058,0.0495404154062271,MSFT,5,345
2023-08-04,0.0213353689759969,0.0217124093323946,0.9569522738456726,AAPL,3,346
2023-08-04,0.0213353689759969,0.0217124093323946,0.9569522738456726,AMZN,5,347
2023-08-04,0.0187309719622135,0.0116129955276846,0.9696560502052308,AAPL,2,348
2023-08-04,0.0213353689759969,0.0217124093323946,0.9569522738456726,AAPL,5,349
2023-08-04,0.0574945844709873,0.6291989684104919,0.3133063912391662,DIS,4,350
2023-08-04,0.0424764305353164,0.9359840154647828,0.0215395614504814,AMD,4,351
2023-08-04,0.0213353689759969,0.0217124093323946,0.9569522738456726,AAPL,4,352
2023-08-04,0.0631279200315475,0.920307457447052,0.0165646336972713,NVDA,3,353
2023-08-04,0.0491366945207119,0.0151822306215763,0.935681164264679,AMZN,3,354
2023-08-04,0.0491366945207119,0.0151822306215763,0.935681164264679,WMT,2,355
2023-08-04,0.0192445535212755,0.0199010875076055,0.9608543515205384,AMZN,1,356
2023-08-04,0.009164904244244,0.0304176844656467,0.9604174494743348,F,3,357
2023-08-04,0.042010273784399,0.1341769099235534,0.8238128423690796,AMZN,4,358
2023-08-04,0.1760452091693878,0.7885700464248657,0.0353846922516822,AMZN,3,359
2023-08-04,0.009164904244244,0.0304176844656467,0.9604174494743348,F,5,360
2023-08-04,0.0574945844709873,0.6291989684104919,0.3133063912391662,DIS,3,361
2023-08-04,0.0187309719622135,0.0116129955276846,0.9696560502052308,AAPL,3,362
2023-08-04,0.0213353689759969,0.0217124093323946,0.9569522738456726,AMZN,3,363
2023-08-04,0.0384823568165302,0.0124604366719722,0.9490572810173036,AAPL,5,364
2023-08-04,0.0384823568165302,0.0124604366719722,0.9490572810173036,AMZN,3,365
2023-08-05,0.0646990537643432,0.9149459600448608,0.0203549414873123,AMD,3,366
2023-08-05,0.0646990537643432,0.9149459600448608,0.0203549414873123,NVDA,3,367
2023-08-05,0.0406784936785697,0.9303783774375916,0.0289431121200323,TSLA,5,368
2023-08-05,0.0181849729269742,0.0158700365573167,0.9659449458122252,TSLA,3,369
2023-08-05,0.0646990537643432,0.9149459600448608,0.0203549414873123,AMD,5,370
2023-08-05,0.0646990537643432,0.9149459600448608,0.0203549414873123,NVDA,3,371
2023-08-05,0.0406784936785697,0.9303783774375916,0.0289431121200323,TSLA,1,372
2023-08-06,0.0366701409220695,0.933891236782074,0.029438629746437,GOOG,5,373
2023-08-06,0.0944151952862739,0.8929752707481384,0.0126094808802008,F,3,374
2023-08-06,0.0944151952862739,0.8929752707481384,0.0126094808802008,TSLA,3,375
2023-08-06,0.0944151952862739,0.8929752707481384,0.0126094808802008,F,3,376
2023-08-06,0.0944151952862739,0.8929752707481384,0.0126094808802008,TSLA,1,377
2023-08-06,0.0366701409220695,0.933891236782074,0.029438629746437,GOOG,4,378
2023-08-06,0.0640353411436081,0.9195578694343568,0.0164067577570676,NVDA,3,379
2023-08-07,0.0444885268807411,0.1897124648094177,0.7657989859580994,BRK,4,380
2023-08-07,0.0444885268807411,0.1897124648094177,0.7657989859580994,TSLA,4,381
2023-08-07,0.0219490062445402,0.1826348304748535,0.7954161763191223,AAPL,3,382
2023-08-07,0.0219490062445402,0.1826348304748535,0.7954161763191223,AMZN,3,383
2023-08-07,0.0444885268807411,0.1897124648094177,0.7657989859580994,AAPL,5,384
2023-08-07,0.0444885268807411,0.1897124648094177,0.7657989859580994,TSLA,5,385
2023-08-07,0.0219490062445402,0.1826348304748535,0.7954161763191223,AAPL,2,386
2023-08-07,0.0444885268807411,0.1897124648094177,0.7657989859580994,AAPL,5,387
2023-08-07,0.0444885268807411,0.1897124648094177,0.7657989859580994,BRK,5,388
2023-08-07,0.0558766722679138,0.9229973554611206,0.0211259368807077,AMD,3,389
2023-08-07,0.0444885268807411,0.1897124648094177,0.7657989859580994,AAPL,5,390
2023-08-07,0.0444885268807411,0.1897124648094177,0.7657989859580994,BRK,4,391
2023-08-07,0.0444885268807411,0.1897124648094177,0.7657989859580994,TSLA,2,392
2023-08-07,0.0219490062445402,0.1826348304748535,0.7954161763191223,AAPL,1,393
2023-08-07,0.0219490062445402,0.1826348304748535,0.7954161763191223,AMZN,1,394
2023-08-07,0.0444885268807411,0.1897124648094177,0.7657989859580994,AAPL,2,395
2023-08-07,0.0444885268807411,0.1897124648094177,0.7657989859580994,BRK,4,396
2023-08-07,0.0444885268807411,0.1897124648094177,0.7657989859580994,TSLA,4,397
2023-08-07,0.0435872003436088,0.9361484050750732,0.0202643480151891,F,3,398
2023-08-07,0.0444885268807411,0.1897124648094177,0.7657989859580994,AAPL,5,399
2023-08-07,0.0563513003289699,0.915026605129242,0.0286220423877239,MSFT,5,400
2023-08-07,0.0459645576775074,0.6975153088569641,0.2565201818943023,MSFT,5,401
2023-08-07,0.8882454633712769,0.0402909368276596,0.0714636072516441,MSFT,2,402
2023-08-07,0.0444885268807411,0.1897124648094177,0.7657989859580994,AAPL,4,403
2023-08-07,0.0219490062445402,0.1826348304748535,0.7954161763191223,AAPL,3,404
2023-08-07,0.0219490062445402,0.1826348304748535,0.7954161763191223,AMZN,3,405
2023-08-07,0.0219490062445402,0.1826348304748535,0.7954161763191223,AAPL,5,406
2023-08-07,0.0219490062445402,0.1826348304748535,0.7954161763191223,AMZN,3,407
2023-08-07,0.0219490062445402,0.1826348304748535,0.7954161763191223,AAPL,3,408
2023-08-07,0.0219490062445402,0.1826348304748535,0.7954161763191223,AMZN,5,409
2023-08-07,0.0444885268807411,0.1897124648094177,0.7657989859580994,BRK,5,410
2023-08-07,0.0444885268807411,0.1897124648094177,0.7657989859580994,TSLA,5,411
2023-08-07,0.0444885268807411,0.1897124648094177,0.7657989859580994,AAPL,3,412
2023-08-07,0.0444885268807411,0.1897124648094177,0.7657989859580994,BRK,3,413
2023-08-07,0.0571007058024406,0.9038953185081482,0.0390039309859275,TSLA,3,414
2023-08-07,0.0189000274986028,0.6506415009498596,0.3304584324359894,TSLA,5,415
2023-08-07,0.0219490062445402,0.1826348304748535,0.7954161763191223,AAPL,1,416
2023-08-07,0.0219490062445402,0.1826348304748535,0.7954161763191223,AMZN,3,417
2023-08-07,0.0219490062445402,0.1826348304748535,0.7954161763191223,AAPL,3,418
2023-08-07,0.0219490062445402,0.1826348304748535,0.7954161763191223,AMZN,5,419
2023-08-07,0.020190168172121,0.6589382290840149,0.3208716213703155,TSLA,3,420
2023-08-07,0.0302891712635755,0.945418655872345,0.0242921467870473,SPY,5,421
2023-08-07,0.0071858814917504,0.0238213576376438,0.9689928293228148,AAPL,5,422
2023-08-07,0.0219490062445402,0.1826348304748535,0.7954161763191223,AAPL,3,423
2023-08-07,0.0219490062445402,0.1826348304748535,0.7954161763191223,AMZN,3,424
2023-08-07,0.0380759835243225,0.93683260679245,0.0250913966447114,UBER,4,425
2023-08-07,0.0305623561143875,0.9126862287521362,0.0567513480782508,GS,3,426
2023-08-07,0.0191562585532665,0.7876372933387756,0.1932064294815063,GS,5,427
2023-08-07,0.0403722189366817,0.9380990862846376,0.0215287208557128,GS,3,428
2023-08-07,0.0198677163571119,0.8285446763038635,0.1515876054763794,GS,5,429
2023-08-07,0.0384413264691829,0.9344552755355836,0.0271033868193626,AMZN,4,430
2023-08-07,0.019588429480791,0.4630554318428039,0.5173561573028564,AMZN,3,431
2023-08-07,0.0219490062445402,0.1826348304748535,0.7954161763191223,AAPL,5,432
2023-08-07,0.1397203803062439,0.0131570529192686,0.8471226096153259,TSLA,1,433
2023-08-07,0.0219490062445402,0.1826348304748535,0.7954161763191223,AAPL,3,434
2023-08-07,0.0219490062445402,0.1826348304748535,0.7954161763191223,AMZN,3,435
2023-08-07,0.0444885268807411,0.1897124648094177,0.7657989859580994,AAPL,4,436
2023-08-07,0.0444885268807411,0.1897124648094177,0.7657989859580994,BRK,4,437
2023-08-07,0.0444885268807411,0.1897124648094177,0.7657989859580994,TSLA,2,438
2023-08-08,0.0507999844849109,0.8489987850189209,0.1002011969685554,AMD,2,439
2023-08-08,0.0507999844849109,0.8489987850189209,0.1002011969685554,AMD,4,440
2023-08-08,0.1834078133106231,0.2436899542808532,0.5729022026062012,SPY,3,441
2023-08-08,0.1834078133106231,0.2436899542808532,0.5729022026062012,SPY,3,442
2023-08-08,0.1834078133106231,0.2436899542808532,0.5729022026062012,SPY,3,443
2023-08-08,0.0279934536665678,0.9466375708580016,0.0253689438104629,AAPL,4,444
2023-08-08,0.0133133176714181,0.0257925447076559,0.9608941674232484,TSLA,4,445
2023-08-08,0.0808838754892349,0.9087961316108704,0.0103200506418943,AMZN,1,446
2023-08-08,0.0808838754892349,0.9087961316108704,0.0103200506418943,AMZN,1,447
2023-08-08,0.0427265390753746,0.9343007206916808,0.0229726675897836,F,5,448
2023-08-08,0.0621402189135551,0.9224059581756592,0.01545384619385,NVDA,4,449
2023-08-08,0.6779501438140869,0.3067411184310913,0.0153087237849831,AMZN,1,450
2023-08-08,0.0808838754892349,0.9087961316108704,0.0103200506418943,AMZN,4,451
2023-08-08,0.0133133176714181,0.0257925447076559,0.9608941674232484,TSLA,4,452
2023-08-08,0.0808838754892349,0.9087961316108704,0.0103200506418943,AMZN,5,453
2023-08-08,0.0507999844849109,0.8489987850189209,0.1002011969685554,AMD,1,454
2023-08-08,0.0808838754892349,0.9087961316108704,0.0103200506418943,AMZN,5,455
2023-08-08,0.0133133176714181,0.0257925447076559,0.9608941674232484,TSLA,4,456
2023-08-08,0.0507999844849109,0.8489987850189209,0.1002011969685554,AMD,3,457
2023-08-08,0.0133133176714181,0.0257925447076559,0.9608941674232484,TSLA,3,458
2023-08-08,0.0808838754892349,0.9087961316108704,0.0103200506418943,AMZN,3,459
2023-08-08,0.1834078133106231,0.2436899542808532,0.5729022026062012,SPY,5,460
2023-08-08,0.1834078133106231,0.2436899542808532,0.5729022026062012,SPY,3,461
2023-08-08,0.5310385823249817,0.0645595490932464,0.4044018685817718,AAPL,5,462
2023-08-08,0.5310385823249817,0.0645595490932464,0.4044018685817718,AMZN,5,463
2023-08-08,0.6779501438140869,0.3067411184310913,0.0153087237849831,AMZN,4,464
2023-08-08,0.6779501438140869,0.3067411184310913,0.0153087237849831,NVDA,3,465
2023-08-08,0.0808838754892349,0.9087961316108704,0.0103200506418943,AMZN,3,466
2023-08-08,0.0546605847775936,0.932218372821808,0.0131210042163729,DIS,5,467
2023-08-08,0.077887900173664,0.9095752835273744,0.0125368125736713,DIS,1,468
2023-08-08,0.0808838754892349,0.9087961316108704,0.0103200506418943,AMZN,5,469
2023-08-08,0.5469316244125366,0.0242520570755004,0.4288163185119629,AMZN,2,470
2023-08-08,0.0477776154875755,0.9312146902084352,0.0210077501833438,AMZN,5,471
2023-08-08,0.0477776154875755,0.9312146902084352,0.0210077501833438,MSFT,1,472
2023-08-08,0.0477776154875755,0.9312146902084352,0.0210077501833438,NVDA,3,473
2023-08-08,0.0133133176714181,0.0257925447076559,0.9608941674232484,TSLA,4,474
2023-08-08,0.1834078133106231,0.2436899542808532,0.5729022026062012,SPY,3,475
2023-08-08,0.1834078133106231,0.2436899542808532,0.5729022026062012,SPY,5,476
2023-08-08,0.1834078133106231,0.2436899542808532,0.5729022026062012,SPY,2,477
2023-08-08,0.0477776154875755,0.9312146902084352,0.0210077501833438,AMZN,3,478
2023-08-08,0.0477776154875755,0.9312146902084352,0.0210077501833438,NVDA,4,479
2023-08-08,0.0507999844849109,0.8489987850189209,0.1002011969685554,AMD,5,480
2023-08-08,0.0133133176714181,0.0257925447076559,0.9608941674232484,TSLA,3,481
2023-08-08,0.0102686705067753,0.0164709147065877,0.973260462284088,GOOG,3,482
2023-08-08,0.0114017743617296,0.0181797891855239,0.970418393611908,GOOG,3,483
2023-08-08,0.0477776154875755,0.9312146902084352,0.0210077501833438,AMZN,3,484
2023-08-08,0.0477776154875755,0.9312146902084352,0.0210077501833438,MSFT,4,485
2023-08-08,0.0477776154875755,0.9312146902084352,0.0210077501833438,NVDA,1,486
2023-08-08,0.0477776154875755,0.9312146902084352,0.0210077501833438,AMZN,3,487
2023-08-08,0.0477776154875755,0.9312146902084352,0.0210077501833438,MSFT,4,488
2023-08-08,0.0477776154875755,0.9312146902084352,0.0210077501833438,NVDA,3,489
2023-08-08,0.0133133176714181,0.0257925447076559,0.9608941674232484,TSLA,3,490
2023-08-08,0.1834078133106231,0.2436899542808532,0.5729022026062012,SPY,5,491
2023-08-08,0.1834078133106231,0.2436899542808532,0.5729022026062012,SPY,5,492
2023-08-08,0.1834078133106231,0.2436899542808532,0.5729022026062012,SPY,3,493
2023-08-08,0.0133133176714181,0.0257925447076559,0.9608941674232484,TSLA,3,494
2023-08-08,0.0808838754892349,0.9087961316108704,0.0103200506418943,AMZN,3,495
2023-08-08,0.0808838754892349,0.9087961316108704,0.0103200506418943,AMZN,2,496
2023-08-08,0.010169412009418,0.0345032177865505,0.9553274512290956,GS,3,497
2023-08-08,0.0507999844849109,0.8489987850189209,0.1002011969685554,AMD,4,498
2023-08-08,0.0507999844849109,0.8489987850189209,0.1002011969685554,AMD,4,499
2023-08-08,0.0477776154875755,0.9312146902084352,0.0210077501833438,AMZN,4,500
2023-08-08,0.0477776154875755,0.9312146902084352,0.0210077501833438,MSFT,3,501
2023-08-08,0.0477776154875755,0.9312146902084352,0.0210077501833438,NVDA,4,502
2023-08-08,0.0808838754892349,0.9087961316108704,0.0103200506418943,AMZN,1,503
2023-08-08,0.0311303250491619,0.0112931970506906,0.95757657289505,TSLA,3,504
2023-08-08,0.0231487452983856,0.3895685374736786,0.5872827172279358,GS,3,505
2023-08-08,0.0507999844849109,0.8489987850189209,0.1002011969685554,AMD,1,506
2023-08-08,0.0808838754892349,0.9087961316108704,0.0103200506418943,AMZN,2,507
2023-08-08,0.0808838754892349,0.9087961316108704,0.0103200506418943,AMZN,1,508
2023-08-08,0.0365532077848911,0.8553667068481445,0.1080800965428352,TSLA,3,509
2023-08-08,0.0092483656480908,0.0274039376527071,0.9633476734161376,AMZN,5,510
2023-08-08,0.0092483656480908,0.0274039376527071,0.9633476734161376,TSLA,3,511
2023-08-08,0.0507999844849109,0.8489987850189209,0.1002011969685554,AMD,5,512
2023-08-08,0.0808838754892349,0.9087961316108704,0.0103200506418943,AMZN,4,513
2023-08-08,0.0450425781309604,0.8412438035011292,0.113713651895523,TSLA,4,514
2023-08-08,0.0133133176714181,0.0257925447076559,0.9608941674232484,TSLA,4,515
2023-08-08,0.0808838754892349,0.9087961316108704,0.0103200506418943,AMZN,5,516
2023-08-08,0.9297540187835692,0.0603294856846332,0.0099165150895714,TSLA,2,517
2023-08-08,0.1834078133106231,0.2436899542808532,0.5729022026062012,SPY,3,518
2023-08-08,0.0808838754892349,0.9087961316108704,0.0103200506418943,AMZN,3,519
2023-08-09,0.0244688894599676,0.1882226169109344,0.7873084545135498,AAPL,5,520
2023-08-09,0.0635921061038971,0.5445259809494019,0.3918818831443786,GS,3,521
2023-08-09,0.0629528388381004,0.8865113854408264,0.050535712391138,UBER,1,522
2023-08-09,0.0323306731879711,0.3587929904460907,0.6088764071464539,SPY,2,523
2023-08-09,0.0244688894599676,0.1882226169109344,0.7873084545135498,AAPL,3,524
2023-08-09,0.0244688894599676,0.1882226169109344,0.7873084545135498,MSFT,1,525
2023-08-09,0.9448423385620116,0.0341162234544754,0.0210413765162229,DIS,5,526
2023-08-09,0.9448423385620116,0.0341162234544754,0.0210413765162229,DIS,3,527
2023-08-09,0.0635921061038971,0.5445259809494019,0.3918818831443786,GS,3,528
2023-08-09,0.0728718563914299,0.9138287305831908,0.0132994009181857,MSFT,5,529
2023-08-09,0.0728718563914299,0.9138287305831908,0.0132994009181857,MSFT,5,530
2023-08-09,0.0629528388381004,0.8865113854408264,0.050535712391138,UBER,3,531
2023-08-09,0.0629528388381004,0.8865113854408264,0.050535712391138,UBER,3,532
2023-08-09,0.0323306731879711,0.3587929904460907,0.6088764071464539,NVDA,1,533
2023-08-09,0.0323306731879711,0.3587929904460907,0.6088764071464539,SPY,4,534
2023-08-09,0.0728718563914299,0.9138287305831908,0.0132994009181857,MSFT,5,535
2023-08-09,0.04075488448143,0.9385967254638672,0.0206483397632837,GS,4,536
2023-08-09,0.0323306731879711,0.3587929904460907,0.6088764071464539,NVDA,1,537
2023-08-09,0.0539322197437286,0.676087498664856,0.2699802815914154,GOOG,3,538
2023-08-09,0.0635921061038971,0.5445259809494019,0.3918818831443786,GS,5,539
2023-08-09,0.0323306731879711,0.3587929904460907,0.6088764071464539,SPY,2,540
2023-08-09,0.0539322197437286,0.676087498664856,0.2699802815914154,GOOG,2,541
2023-08-09,0.0728718563914299,0.9138287305831908,0.0132994009181857,MSFT,4,542
2023-08-09,0.9448423385620116,0.0341162234544754,0.0210413765162229,DIS,3,543
2023-08-09,0.0728718563914299,0.9138287305831908,0.0132994009181857,MSFT,5,544
2023-08-09,0.0323306731879711,0.3587929904460907,0.6088764071464539,NVDA,3,545
2023-08-09,0.0244688894599676,0.1882226169109344,0.7873084545135498,AAPL,3,546
2023-08-09,0.0244688894599676,0.1882226169109344,0.7873084545135498,AMZN,1,547
2023-08-09,0.0244688894599676,0.1882226169109344,0.7873084545135498,MSFT,2,548
2023-08-09,0.9448423385620116,0.0341162234544754,0.0210413765162229,DIS,3,549
2023-08-09,0.0244688894599676,0.1882226169109344,0.7873084545135498,AAPL,3,550
2023-08-09,0.0244688894599676,0.1882226169109344,0.7873084545135498,AMZN,5,551
2023-08-09,0.0635921061038971,0.5445259809494019,0.3918818831443786,GS,5,552
2023-08-09,0.0223937146365642,0.0183708593249321,0.959235429763794,DIS,4,553
2023-08-09,0.0435947366058826,0.9322261214256288,0.0241791028529405,NVDA,3,554
2023-08-09,0.0323306731879711,0.3587929904460907,0.6088764071464539,NVDA,3,555
2023-08-09,0.0323306731879711,0.3587929904460907,0.6088764071464539,SPY,1,556
2023-08-09,0.0539322197437286,0.676087498664856,0.2699802815914154,GOOG,3,557
2023-08-09,0.0635921061038971,0.5445259809494019,0.3918818831443786,GS,3,558
2023-08-09,0.0539322197437286,0.676087498664856,0.2699802815914154,GOOG,3,559
2023-08-09,0.0244688894599676,0.1882226169109344,0.7873084545135498,AMZN,3,560
2023-08-09,0.0728718563914299,0.9138287305831908,0.0132994009181857,MSFT,4,561
2023-08-09,0.0728718563914299,0.9138287305831908,0.0132994009181857,MSFT,1,562
2023-08-09,0.9448423385620116,0.0341162234544754,0.0210413765162229,DIS,5,563
2023-08-09,0.0223937146365642,0.0183708593249321,0.959235429763794,DIS,4,564
2023-08-09,0.9448423385620116,0.0341162234544754,0.0210413765162229,DIS,3,565
2023-08-09,0.0223937146365642,0.0183708593249321,0.959235429763794,DIS,3,566
2023-08-09,0.9448423385620116,0.0341162234544754,0.0210413765162229,DIS,3,567
2023-08-09,0.0635921061038971,0.5445259809494019,0.3918818831443786,GS,3,568
2023-08-09,0.0323306731879711,0.3587929904460907,0.6088764071464539,SPY,3,569
2023-08-09,0.0539322197437286,0.676087498664856,0.2699802815914154,GOOG,4,570
2023-08-09,0.0635921061038971,0.5445259809494019,0.3918818831443786,GS,3,571
2023-08-09,0.0244688894599676,0.1882226169109344,0.7873084545135498,AAPL,2,572
2023-08-09,0.0244688894599676,0.1882226169109344,0.7873084545135498,AMZN,5,573
2023-08-09,0.0244688894599676,0.1882226169109344,0.7873084545135498,MSFT,4,574
2023-08-09,0.0356786660850048,0.9396948218345642,0.024626450613141,AMZN,2,575
2023-08-09,0.1487561017274856,0.8338561058044434,0.0173878539353609,AMZN,3,576
2023-08-09,0.1487561017274856,0.8338561058044434,0.0173878539353609,UBER,3,577
2023-08-09,0.0435947366058826,0.9322261214256288,0.0241791028529405,NVDA,3,578
2023-08-09,0.0244688894599676,0.1882226169109344,0.7873084545135498,AAPL,5,579
2023-08-09,0.0244688894599676,0.1882226169109344,0.7873084545135498,AMZN,3,580
2023-08-09,0.0244688894599676,0.1882226169109344,0.7873084545135498,MSFT,1,581
2023-08-09,0.9448423385620116,0.0341162234544754,0.0210413765162229,DIS,5,582
2023-08-09,0.0728718563914299,0.9138287305831908,0.0132994009181857,MSFT,3,583
2023-08-09,0.925990879535675,0.0515143051743507,0.0224948544055223,KO,4,584
2023-08-09,0.0244688894599676,0.1882226169109344,0.7873084545135498,AAPL,2,585
2023-08-09,0.0244688894599676,0.1882226169109344,0.7873084545135498,AMZN,4,586
2023-08-09,0.0635921061038971,0.5445259809494019,0.3918818831443786,GS,3,587
2023-08-09,0.0223937146365642,0.0183708593249321,0.959235429763794,DIS,3,588
2023-08-09,0.0323306731879711,0.3587929904460907,0.6088764071464539,NVDA,1,589
2023-08-09,0.0244688894599676,0.1882226169109344,0.7873084545135498,AAPL,3,590
2023-08-09,0.0244688894599676,0.1882226169109344,0.7873084545135498,AMZN,3,591
2023-08-09,0.0435947366058826,0.9322261214256288,0.0241791028529405,NVDA,4,592
2023-08-09,0.0097995223477482,0.0167488418519496,0.9734516739845276,MSFT,4,593
2023-08-09,0.0728718563914299,0.9138287305831908,0.0132994009181857,MSFT,3,594
2023-08-09,0.0728718563914299,0.9138287305831908,0.0132994009181857,MSFT,5,595
2023-08-09,0.0220625586807727,0.0742451250553131,0.9036923050880432,F,3,596
2023-08-09,0.0323306731879711,0.3587929904460907,0.6088764071464539,NVDA,5,597
2023-08-09,0.0323306731879711,0.3587929904460907,0.6088764071464539,SPY,3,598
2023-08-09,0.0244688894599676,0.1882226169109344,0.7873084545135498,AAPL,2,599
2023-08-09,0.0244688894599676,0.1882226169109344,0.7873084545135498,AMZN,4,600
2023-08-09,0.0244688894599676,0.1882226169109344,0.7873084545135498,MSFT,1,601
2023-08-09,0.0629528388381004,0.8865113854408264,0.050535712391138,UBER,3,602
2023-08-09,0.0323306731879711,0.3587929904460907,0.6088764071464539,NVDA,5,603
2023-08-09,0.0323306731879711,0.3587929904460907,0.6088764071464539,SPY,1,604
2023-08-09,0.0728718563914299,0.9138287305831908,0.0132994009181857,MSFT,5,605
2023-08-09,0.0223937146365642,0.0183708593249321,0.959235429763794,DIS,1,606
2023-08-09,0.0132170636206865,0.124320238828659,0.8624626994132996,DIS,3,607
2023-08-09,0.0223937146365642,0.0183708593249321,0.959235429763794,DIS,3,608
2023-08-09,0.0563088282942771,0.0866196379065513,0.8570715188980103,DIS,3,609
2023-08-09,0.0202794708311557,0.935723841190338,0.0439967028796672,DIS,1,610
2023-08-09,0.0201002992689609,0.0121553698554635,0.9677442908287048,DIS,3,611
2023-08-09,0.1305344700813293,0.839391827583313,0.0300737209618091,DIS,2,612
2023-08-09,0.5597279071807861,0.2013537138700485,0.2389183491468429,F,2,613
2023-08-09,0.5597279071807861,0.2013537138700485,0.2389183491468429,F,2,614
2023-08-09,0.0539322197437286,0.676087498664856,0.2699802815914154,GOOG,3,615
2023-08-09,0.032524362206459,0.9104583263397216,0.0570173300802707,DIS,2,616
2023-08-09,0.0519574433565139,0.0348893329501152,0.9131532311439514,UBER,3,617
2023-08-09,0.0728718563914299,0.9138287305831908,0.0132994009181857,MSFT,5,618
2023-08-09,0.0323306731879711,0.3587929904460907,0.6088764071464539,NVDA,1,619
2023-08-09,0.0323306731879711,0.3587929904460907,0.6088764071464539,SPY,5,620
2023-08-09,0.0323306731879711,0.3587929904460907,0.6088764071464539,SPY,2,621
2023-08-09,0.0244688894599676,0.1882226169109344,0.7873084545135498,AAPL,4,622
2023-08-09,0.0244688894599676,0.1882226169109344,0.7873084545135498,AMZN,3,623
2023-08-09,0.0539322197437286,0.676087498664856,0.2699802815914154,GOOG,3,624
2023-08-09,0.0728718563914299,0.9138287305831908,0.0132994009181857,MSFT,3,625
2023-08-09,0.0539322197437286,0.676087498664856,0.2699802815914154,GOOG,3,626
2023-08-09,0.0635921061038971,0.5445259809494019,0.3918818831443786,GS,5,627
2023-08-09,0.0728718563914299,0.9138287305831908,0.0132994009181857,MSFT,2,628
2023-08-09,0.0223937146365642,0.0183708593249321,0.959235429763794,DIS,4,629
2023-08-09,0.0323306731879711,0.3587929904460907,0.6088764071464539,SPY,4,630
2023-08-09,0.0629528388381004,0.8865113854408264,0.050535712391138,UBER,4,631
2023-08-09,0.0635921061038971,0.5445259809494019,0.3918818831443786,GS,4,632
2023-08-09,0.0629528388381004,0.8865113854408264,0.050535712391138,UBER,3,633
2023-08-09,0.0728718563914299,0.9138287305831908,0.0132994009181857,MSFT,1,634
2023-08-09,0.0608368180692195,0.9223549365997314,0.0168081708252429,NVDA,4,635
2023-08-09,0.0435947366058826,0.9322261214256288,0.0241791028529405,NVDA,3,636
2023-08-09,0.0362649261951446,0.9140352606773376,0.0496998578310012,NVDA,5,637
2023-08-09,0.037794329226017,0.9268468618392944,0.0353588387370109,AAPL,5,638
2023-08-09,0.0244688894599676,0.1882226169109344,0.7873084545135498,AAPL,5,639
2023-08-09,0.0244688894599676,0.1882226169109344,0.7873084545135498,AMZN,3,640
2023-08-09,0.0244688894599676,0.1882226169109344,0.7873084545135498,MSFT,5,641
2023-08-09,0.0244688894599676,0.1882226169109344,0.7873084545135498,AMZN,2,642
2023-08-09,0.0635921061038971,0.5445259809494019,0.3918818831443786,GS,1,643
2023-08-09,0.0629528388381004,0.8865113854408264,0.050535712391138,UBER,1,644
2023-08-09,0.0244688894599676,0.1882226169109344,0.7873084545135498,AAPL,3,645
2023-08-09,0.0244688894599676,0.1882226169109344,0.7873084545135498,AMZN,3,646
2023-08-09,0.0244688894599676,0.1882226169109344,0.7873084545135498,MSFT,5,647
2023-08-10,0.0198242887854576,0.3042261302471161,0.6759495139122009,AMZN,2,648
2023-08-10,0.0198242887854576,0.3042261302471161,0.6759495139122009,AMZN,2,649
2023-08-10,0.1587042808532714,0.1393300145864486,0.7019656896591187,AMZN,5,650
2023-08-10,0.1587042808532714,0.1393300145864486,0.7019656896591187,DIS,3,651
2023-08-10,0.0198242887854576,0.3042261302471161,0.6759495139122009,AMZN,5,652
2023-08-10,0.0198242887854576,0.3042261302471161,0.6759495139122009,AMZN,5,653
2023-08-10,0.0525326654314994,0.5257388949394226,0.4217284619808197,AAPL,5,654
2023-08-10,0.0525326654314994,0.5257388949394226,0.4217284619808197,MSFT,5,655
2023-08-10,0.1587042808532714,0.1393300145864486,0.7019656896591187,AMZN,3,656
2023-08-10,0.1587042808532714,0.1393300145864486,0.7019656896591187,DIS,3,657
2023-08-10,0.0934483930468559,0.8913800120353699,0.0151716051623225,AAPL,4,658
2023-08-10,0.0934483930468559,0.8913800120353699,0.0151716051623225,TSLA,4,659
2023-08-10,0.0198242887854576,0.3042261302471161,0.6759495139122009,AMZN,3,660
2023-08-10,0.0206025745719671,0.0111378291621804,0.968259572982788,DIS,3,661
2023-08-10,0.0154921356588602,0.0462859347462654,0.9382218718528748,DIS,1,662
2023-08-10,0.0130041977390646,0.0172984804958105,0.9696972966194152,DIS,3,663
2023-08-10,0.0198242887854576,0.3042261302471161,0.6759495139122009,AMZN,5,664
2023-08-10,0.1587042808532714,0.1393300145864486,0.7019656896591187,AMZN,2,665
2023-08-10,0.1587042808532714,0.1393300145864486,0.7019656896591187,DIS,3,666
2023-08-10,0.0198242887854576,0.3042261302471161,0.6759495139122009,AMZN,1,667
2023-08-10,0.1587042808532714,0.1393300145864486,0.7019656896591187,AMZN,5,668
2023-08-10,0.1587042808532714,0.1393300145864486,0.7019656896591187,DIS,3,669
2023-08-10,0.0198242887854576,0.3042261302471161,0.6759495139122009,AMZN,3,670
2023-08-10,0.0198242887854576,0.3042261302471161,0.6759495139122009,AMZN,4,671
2023-08-10,0.1587042808532714,0.1393300145864486,0.7019656896591187,AMZN,3,672
2023-08-10,0.1587042808532714,0.1393300145864486,0.7019656896591187,DIS,3,673
2023-08-10,0.0198242887854576,0.3042261302471161,0.6759495139122009,AMZN,4,674
2023-08-10,0.0195104144513607,0.1149360388517379,0.865553617477417,AMZN,5,675
2023-08-10,0.0525326654314994,0.5257388949394226,0.4217284619808197,AAPL,5,676
2023-08-10,0.0525326654314994,0.5257388949394226,0.4217284619808197,MSFT,5,677
2023-08-10,0.0211435873061418,0.9192213416099548,0.0596351288259029,MSFT,4,678
2023-08-10,0.1587042808532714,0.1393300145864486,0.7019656896591187,AMZN,3,679
2023-08-10,0.1587042808532714,0.1393300145864486,0.7019656896591187,DIS,2,680
2023-08-10,0.0198242887854576,0.3042261302471161,0.6759495139122009,AMZN,4,681
2023-08-10,0.1587042808532714,0.1393300145864486,0.7019656896591187,AMZN,3,682
2023-08-10,0.1587042808532714,0.1393300145864486,0.7019656896591187,DIS,5,683
2023-08-10,0.0198242887854576,0.3042261302471161,0.6759495139122009,AMZN,5,684
2023-08-10,0.0198242887854576,0.3042261302471161,0.6759495139122009,AMZN,1,685
2023-08-10,0.1587042808532714,0.1393300145864486,0.7019656896591187,DIS,4,686
2023-08-10,0.1587042808532714,0.1393300145864486,0.7019656896591187,AMZN,5,687
2023-08-10,0.1587042808532714,0.1393300145864486,0.7019656896591187,DIS,5,688
2023-08-10,0.0198242887854576,0.3042261302471161,0.6759495139122009,AMZN,1,689
2023-08-10,0.1587042808532714,0.1393300145864486,0.7019656896591187,DIS,3,690
2023-08-10,0.8514740467071533,0.1398681998252868,0.0086577646434307,AMZN,4,691
2023-08-10,0.8514740467071533,0.1398681998252868,0.0086577646434307,UBER,5,692
2023-08-10,0.5638067722320557,0.4231312870979309,0.0130618894472718,UBER,3,693
2023-08-10,0.0198242887854576,0.3042261302471161,0.6759495139122009,AMZN,3,694
2023-08-10,0.0544436685740947,0.9236605763435364,0.0218957625329494,NVDA,1,695
2023-08-10,0.020709017291665,0.9107087254524232,0.0685823112726211,MSFT,4,696
2023-08-10,0.0621404014527797,0.9216235280036926,0.0162361022084951,NVDA,3,697
2023-08-11,0.109857752919197,0.8690956830978394,0.0210465565323829,TSLA,4,698
2023-08-11,0.109857752919197,0.8690956830978394,0.0210465565323829,TSLA,1,699
2023-08-11,0.0226418711245059,0.2348569929599762,0.7425010800361633,TSLA,3,700
2023-08-11,0.109857752919197,0.8690956830978394,0.0210465565323829,TSLA,4,701
2023-08-11,0.109857752919197,0.8690956830978394,0.0210465565323829,TSLA,4,702
2023-08-11,0.0628985837101936,0.9205292463302612,0.0165722034871578,NVDA,3,703
2023-08-11,0.0387606509029865,0.93636816740036,0.0248711388558149,NVDA,3,704
2023-08-11,0.109857752919197,0.8690956830978394,0.0210465565323829,TSLA,1,705
2023-08-11,0.109857752919197,0.8690956830978394,0.0210465565323829,TSLA,5,706
2023-08-11,0.0435859598219394,0.936147391796112,0.0202666539698839,F,3,707
2023-08-11,0.109857752919197,0.8690956830978394,0.0210465565323829,TSLA,3,708
2023-08-11,0.109857752919197,0.8690956830978394,0.0210465565323829,TSLA,4,709
2023-08-11,0.109857752919197,0.8690956830978394,0.0210465565323829,TSLA,1,710
2023-08-11,0.0094868186861276,0.0370936281979084,0.9534196257591248,DIS,4,711
2023-08-11,0.109857752919197,0.8690956830978394,0.0210465565323829,TSLA,1,712
2023-08-11,0.109857752919197,0.8690956830978394,0.0210465565323829,TSLA,4,713
2023-08-11,0.109857752919197,0.8690956830978394,0.0210465565323829,TSLA,3,714
2023-08-11,0.0118177626281976,0.0155839091166853,0.9725983142852784,MSFT,5,715
2023-08-11,0.011987242847681,0.0155590344220399,0.9724536538124084,MSFT,1,716
2023-08-11,0.109857752919197,0.8690956830978394,0.0210465565323829,TSLA,3,717
2023-08-11,0.0431826785206794,0.8522346019744873,0.104582779109478,MSFT,3,718
2023-08-11,0.1140156909823417,0.856519341468811,0.0294650495052337,F,5,719
2023-08-11,0.109857752919197,0.8690956830978394,0.0210465565323829,TSLA,4,720
2023-08-11,0.1349606812000274,0.8512570858001709,0.0137822842225432,F,3,721
2023-08-12,0.0437567494809627,0.9317849278450012,0.024458298459649,TSLA,3,722
2023-08-12,0.0496823564171791,0.9273681640625,0.0229494832456111,TSLA,3,723
2023-08-12,0.0281741302460432,0.9452913403511048,0.0265344940125942,GS,4,724
2023-08-13,0.0411444082856178,0.9387450814247132,0.0201105792075395,GS,3,725
2023-08-14,0.0297153554856777,0.945790469646454,0.0244942400604486,SPY,5,726
2023-08-14,0.0575177073478698,0.8488656878471375,0.0936165526509285,TSLA,4,727
2023-08-14,0.017224920913577,0.0351635925471782,0.9476115703582764,TSLA,5,728
2023-08-14,0.017224920913577,0.0351635925471782,0.9476115703582764,TSLA,3,729
2023-08-14,0.1484947204589843,0.8396540284156799,0.0118512418121099,AAPL,2,730
2023-08-14,0.1484947204589843,0.8396540284156799,0.0118512418121099,F,3,731
2023-08-14,0.017224920913577,0.0351635925471782,0.9476115703582764,TSLA,3,732
2023-08-14,0.1289112418889999,0.8095687627792358,0.0615200027823448,SPY,2,733
2023-08-14,0.0538395494222641,0.8306406140327454,0.1155198290944099,BRK,3,734
2023-08-14,0.8632463216781616,0.0353684946894645,0.1013852134346962,SPY,3,735
2023-08-14,0.068712368607521,0.8673102855682373,0.0639773160219192,WMT,5,736
2023-08-14,0.017224920913577,0.0351635925471782,0.9476115703582764,TSLA,4,737
2023-08-14,0.0538395494222641,0.8306406140327454,0.1155198290944099,BRK,5,738
2023-08-14,0.1289112418889999,0.8095687627792358,0.0615200027823448,SPY,2,739
2023-08-14,0.0575177073478698,0.8488656878471375,0.0936165526509285,TSLA,5,740
2023-08-14,0.1289112418889999,0.8095687627792358,0.0615200027823448,SPY,2,741
2023-08-14,0.021319581195712,0.2909159064292907,0.687764585018158,AMZN,4,742
2023-08-14,0.0538395494222641,0.8306406140327454,0.1155198290944099,BRK,5,743
2023-08-14,0.068712368607521,0.8673102855682373,0.0639773160219192,WMT,1,744
2023-08-14,0.068712368607521,0.8673102855682373,0.0639773160219192,WMT,3,745
2023-08-14,0.1289112418889999,0.8095687627792358,0.0615200027823448,SPY,3,746
2023-08-14,0.068712368607521,0.8673102855682373,0.0639773160219192,WMT,3,747
2023-08-14,0.1289112418889999,0.8095687627792358,0.0615200027823448,SPY,3,748
2023-08-14,0.0093716653063893,0.0177148357033729,0.9729135036468506,TSLA,3,749
2023-08-14,0.0575177073478698,0.8488656878471375,0.0936165526509285,TSLA,3,750
2023-08-14,0.0575177073478698,0.8488656878471375,0.0936165526509285,TSLA,1,751
2023-08-14,0.0093716653063893,0.0177148357033729,0.9729135036468506,TSLA,3,752
2023-08-14,0.017224920913577,0.0351635925471782,0.9476115703582764,AMZN,3,753
2023-08-14,0.017224920913577,0.0351635925471782,0.9476115703582764,TSLA,4,754
2023-08-14,0.017224920913577,0.0351635925471782,0.9476115703582764,AMZN,3,755
2023-08-14,0.017224920913577,0.0351635925471782,0.9476115703582764,TSLA,3,756
2023-08-14,0.0575177073478698,0.8488656878471375,0.0936165526509285,TSLA,2,757
2023-08-14,0.1289112418889999,0.8095687627792358,0.0615200027823448,SPY,2,758
2023-08-14,0.0538395494222641,0.8306406140327454,0.1155198290944099,BRK,5,759
2023-08-14,0.0083594508469104,0.0161626432090997,0.975477933883667,AAPL,3,760
2023-08-14,0.1376784592866897,0.0315552242100238,0.8307663202285767,TSLA,5,761
2023-08-14,0.0413662120699882,0.938052237033844,0.0205815751105546,DIS,5,762
2023-08-14,0.1289112418889999,0.8095687627792358,0.0615200027823448,SPY,2,763
2023-08-14,0.0575177073478698,0.8488656878471375,0.0936165526509285,TSLA,3,764
2023-08-14,0.068712368607521,0.8673102855682373,0.0639773160219192,WMT,1,765
2023-08-14,0.0093716653063893,0.0177148357033729,0.9729135036468506,TSLA,1,766
2023-08-14,0.0538395494222641,0.8306406140327454,0.1155198290944099,BRK,4,767
2023-08-14,0.017224920913577,0.0351635925471782,0.9476115703582764,AMZN,5,768
2023-08-14,0.017224920913577,0.0351635925471782,0.9476115703582764,TSLA,3,769
2023-08-14,0.0612291358411312,0.1483300626277923,0.7904408574104309,TSLA,2,770
2023-08-14,0.0177270453423261,0.146309345960617,0.8359636068344116,GS,3,771
2023-08-14,0.0231350008398294,0.0176045875996351,0.95926034450531,TSLA,1,772
2023-08-14,0.0480409860610961,0.9074503183364868,0.0445087030529975,TSLA,3,773
2023-08-14,0.1224014684557914,0.8624061942100525,0.0151923457160592,TSLA,3,774
2023-08-14,0.0093716653063893,0.0177148357033729,0.9729135036468506,TSLA,3,775
2023-08-14,0.1289112418889999,0.8095687627792358,0.0615200027823448,SPY,2,776
2023-08-14,0.0575177073478698,0.8488656878471375,0.0936165526509285,TSLA,3,777
2023-08-14,0.017224920913577,0.0351635925471782,0.9476115703582764,AMZN,3,778
2023-08-14,0.017224920913577,0.0351635925471782,0.9476115703582764,TSLA,3,779
2023-08-14,0.0538395494222641,0.8306406140327454,0.1155198290944099,BRK,5,780
2023-08-14,0.017224920913577,0.0351635925471782,0.9476115703582764,AMZN,3,781
2023-08-14,0.017224920913577,0.0351635925471782,0.9476115703582764,TSLA,3,782
2023-08-14,0.0538395494222641,0.8306406140327454,0.1155198290944099,BRK,4,783
2023-08-14,0.0747445747256279,0.914954662322998,0.0103008346632123,AAPL,4,784
2023-08-14,0.0575177073478698,0.8488656878471375,0.0936165526509285,TSLA,1,785
2023-08-14,0.065900333225727,0.9150326251983644,0.0190670229494571,DIS,3,786
2023-08-14,0.0538395494222641,0.8306406140327454,0.1155198290944099,BRK,3,787
2023-08-14,0.0093716653063893,0.0177148357033729,0.9729135036468506,TSLA,3,788
2023-08-14,0.017224920913577,0.0351635925471782,0.9476115703582764,AMZN,3,789
2023-08-14,0.068712368607521,0.8673102855682373,0.0639773160219192,WMT,4,790
2023-08-14,0.0093716653063893,0.0177148357033729,0.9729135036468506,TSLA,3,791
2023-08-14,0.0538395494222641,0.8306406140327454,0.1155198290944099,BRK,1,792
2023-08-14,0.0093716653063893,0.0177148357033729,0.9729135036468506,TSLA,1,793
2023-08-14,0.017224920913577,0.0351635925471782,0.9476115703582764,AMZN,3,794
2023-08-14,0.017224920913577,0.0351635925471782,0.9476115703582764,TSLA,3,795
2023-08-14,0.0575177073478698,0.8488656878471375,0.0936165526509285,TSLA,3,796
2023-08-14,0.1289112418889999,0.8095687627792358,0.0615200027823448,SPY,3,797
2023-08-14,0.0538395494222641,0.8306406140327454,0.1155198290944099,BRK,1,798
2023-08-14,0.0575177073478698,0.8488656878471375,0.0936165526509285,TSLA,4,799
2023-08-14,0.0538395494222641,0.8306406140327454,0.1155198290944099,BRK,1,800
2023-08-14,0.017224920913577,0.0351635925471782,0.9476115703582764,TSLA,5,801
2023-08-14,0.068712368607521,0.8673102855682373,0.0639773160219192,WMT,1,802
2023-08-15,0.0067759309895336,0.0189516898244619,0.97427237033844,AAPL,3,803
2023-08-15,0.0607640706002712,0.9277422428131104,0.0114937629550695,AMZN,5,804
2023-08-15,0.0327584110200405,0.4069775938987732,0.5602639317512512,DIS,1,805
2023-08-15,0.0247710160911083,0.6921680569648743,0.2830609083175659,TSLA,5,806
2023-08-15,0.2349817007780075,0.7199729084968567,0.0450454093515872,TSLA,3,807
2023-08-15,0.0541821271181106,0.8658639192581177,0.0799539536237716,MSFT,3,808
2023-08-15,0.0339094288647174,0.1309639811515808,0.8351266384124756,TSLA,5,809
2023-08-15,0.0607640706002712,0.9277422428131104,0.0114937629550695,AMZN,3,810
2023-08-15,0.0094549860805273,0.0333497524261474,0.9571952223777772,BRK,3,811
2023-08-15,0.0541821271181106,0.8658639192581177,0.0799539536237716,MSFT,5,812
2023-08-15,0.0324653796851635,0.40237757563591,0.5651569962501526,DIS,2,813
2023-08-15,0.0324653796851635,0.40237757563591,0.5651569962501526,DIS,5,814
2023-08-15,0.0324653796851635,0.40237757563591,0.5651569962501526,DIS,4,815
2023-08-15,0.0607640706002712,0.9277422428131104,0.0114937629550695,AMZN,5,816
2023-08-15,0.0324653796851635,0.40237757563591,0.5651569962501526,DIS,2,817
2023-08-15,0.0377253256738185,0.9274892807006836,0.0347854606807231,AMD,4,818
2023-08-15,0.0465393513441085,0.9329946637153624,0.0204659570008516,DIS,3,819
2023-08-15,0.0607640706002712,0.9277422428131104,0.0114937629550695,AMZN,3,820
2023-08-15,0.0607640706002712,0.9277422428131104,0.0114937629550695,AMZN,3,821
2023-08-15,0.0247710160911083,0.6921680569648743,0.2830609083175659,TSLA,3,822
2023-08-15,0.0607640706002712,0.9277422428131104,0.0114937629550695,AMZN,5,823
2023-08-15,0.0541821271181106,0.8658639192581177,0.0799539536237716,MSFT,3,824
2023-08-15,0.0541821271181106,0.8658639192581177,0.0799539536237716,MSFT,3,825
2023-08-15,0.0327584110200405,0.4069775938987732,0.5602639317512512,DIS,3,826
2023-08-15,0.0247710160911083,0.6921680569648743,0.2830609083175659,TSLA,2,827
2023-08-15,0.0767871588468551,0.9060704112052916,0.0171424560248851,MSFT,4,828
2023-08-15,0.0607640706002712,0.9277422428131104,0.0114937629550695,AMZN,4,829
2023-08-15,0.0324653796851635,0.40237757563591,0.5651569962501526,DIS,3,830
2023-08-15,0.9062809348106384,0.0238746628165245,0.0698443204164505,AMZN,3,831
2023-08-15,0.0390918441116809,0.9405240416526794,0.0203840900212526,GS,5,832
2023-08-15,0.0070411753840744,0.0178193654865026,0.9751393795013428,GS,5,833
2023-08-15,0.0324653796851635,0.40237757563591,0.5651569962501526,DIS,1,834
2023-08-15,0.0247710160911083,0.6921680569648743,0.2830609083175659,TSLA,3,835
2023-08-15,0.0541821271181106,0.8658639192581177,0.0799539536237716,MSFT,3,836
2023-08-15,0.0094549860805273,0.0333497524261474,0.9571952223777772,BRK,5,837
2023-08-15,0.0247710160911083,0.6921680569648743,0.2830609083175659,TSLA,3,838
2023-08-15,0.0607640706002712,0.9277422428131104,0.0114937629550695,AMZN,5,839
2023-08-15,0.0247710160911083,0.6921680569648743,0.2830609083175659,TSLA,3,840
2023-08-15,0.0607640706002712,0.9277422428131104,0.0114937629550695,AMZN,3,841
2023-08-15,0.0197091717272996,0.1052667424082756,0.875024139881134,F,3,842
2023-08-15,0.0247710160911083,0.6921680569648743,0.2830609083175659,TSLA,5,843
2023-08-15,0.0541821271181106,0.8658639192581177,0.0799539536237716,MSFT,1,844
2023-08-15,0.0094549860805273,0.0333497524261474,0.9571952223777772,BRK,4,845
2023-08-15,0.0607640706002712,0.9277422428131104,0.0114937629550695,AMZN,5,846
2023-08-15,0.0541821271181106,0.8658639192581177,0.0799539536237716,MSFT,3,847
2023-08-15,0.0541821271181106,0.8658639192581177,0.0799539536237716,MSFT,1,848
2023-08-15,0.0607640706002712,0.9277422428131104,0.0114937629550695,AMZN,5,849
2023-08-15,0.0324653796851635,0.40237757563591,0.5651569962501526,DIS,3,850
2023-08-15,0.0541821271181106,0.8658639192581177,0.0799539536237716,MSFT,4,851
2023-08-15,0.0094549860805273,0.0333497524261474,0.9571952223777772,BRK,2,852
2023-08-15,0.0247710160911083,0.6921680569648743,0.2830609083175659,TSLA,3,853
2023-08-15,0.0327584110200405,0.4069775938987732,0.5602639317512512,DIS,4,854
2023-08-15,0.0247710160911083,0.6921680569648743,0.2830609083175659,TSLA,1,855
2023-08-15,0.0541821271181106,0.8658639192581177,0.0799539536237716,MSFT,4,856
2023-08-15,0.0094549860805273,0.0333497524261474,0.9571952223777772,BRK,2,857
2023-08-15,0.0541821271181106,0.8658639192581177,0.0799539536237716,MSFT,4,858
2023-08-15,0.0094549860805273,0.0333497524261474,0.9571952223777772,BRK,3,859
2023-08-15,0.0541821271181106,0.8658639192581177,0.0799539536237716,MSFT,2,860
2023-08-15,0.0607640706002712,0.9277422428131104,0.0114937629550695,AMZN,2,861
2023-08-15,0.0541821271181106,0.8658639192581177,0.0799539536237716,MSFT,3,862
2023-08-15,0.0247710160911083,0.6921680569648743,0.2830609083175659,TSLA,3,863
2023-08-15,0.0541821271181106,0.8658639192581177,0.0799539536237716,MSFT,4,864
2023-08-15,0.0607640706002712,0.9277422428131104,0.0114937629550695,AMZN,3,865
2023-08-15,0.0620961934328079,0.92246013879776,0.015443630516529,NVDA,5,866
2023-08-15,0.0324653796851635,0.40237757563591,0.5651569962501526,DIS,4,867
2023-08-15,0.0327584110200405,0.4069775938987732,0.5602639317512512,DIS,2,868
2023-08-15,0.0607640706002712,0.9277422428131104,0.0114937629550695,AMZN,5,869
2023-08-16,0.1350334584712982,0.04988843947649,0.8150781393051147,AMZN,3,870
2023-08-16,0.1350334584712982,0.04988843947649,0.8150781393051147,MSFT,3,871
2023-08-16,0.278824508190155,0.7124627828598022,0.0087126959115266,GS,5,872
2023-08-16,0.0747673586010932,0.7660475373268127,0.1591850966215133,AMD,5,873
2023-08-16,0.1350334584712982,0.04988843947649,0.8150781393051147,AMZN,3,874
2023-08-16,0.1350334584712982,0.04988843947649,0.8150781393051147,MSFT,3,875
2023-08-16,0.1350334584712982,0.04988843947649,0.8150781393051147,AMZN,1,876
2023-08-16,0.1350334584712982,0.04988843947649,0.8150781393051147,MSFT,5,877
2023-08-16,0.1350334584712982,0.04988843947649,0.8150781393051147,AMZN,3,878
2023-08-16,0.1350334584712982,0.04988843947649,0.8150781393051147,MSFT,1,879
2023-08-16,0.1350334584712982,0.04988843947649,0.8150781393051147,AMZN,2,880
2023-08-16,0.1350334584712982,0.04988843947649,0.8150781393051147,MSFT,4,881
2023-08-16,0.1350334584712982,0.04988843947649,0.8150781393051147,AMZN,3,882
2023-08-16,0.1350334584712982,0.04988843947649,0.8150781393051147,MSFT,1,883
2023-08-16,0.1350334584712982,0.04988843947649,0.8150781393051147,AMZN,5,884
2023-08-16,0.1350334584712982,0.04988843947649,0.8150781393051147,MSFT,3,885
2023-08-16,0.0146508021280169,0.030834749341011,0.9545144438743592,TSLA,3,886
2023-08-16,0.1350334584712982,0.04988843947649,0.8150781393051147,AMZN,3,887
2023-08-16,0.1350334584712982,0.04988843947649,0.8150781393051147,MSFT,1,888
2023-08-16,0.0570605061948299,0.3749854564666748,0.5679540634155273,TSLA,2,889
2023-08-16,0.1350334584712982,0.04988843947649,0.8150781393051147,AMZN,3,890
2023-08-16,0.1350334584712982,0.04988843947649,0.8150781393051147,MSFT,5,891
2023-08-16,0.1904136389493942,0.7877068519592285,0.0218795035034418,TSLA,3,892
2023-08-16,0.0219077635556459,0.2416191697120666,0.7364730834960938,TSLA,3,893
2023-08-16,0.0391600802540779,0.9308297634124756,0.0300102084875106,TSLA,5,894
2023-08-16,0.1350334584712982,0.04988843947649,0.8150781393051147,AMZN,3,895
2023-08-16,0.0747673586010932,0.7660475373268127,0.1591850966215133,AMD,5,896
2023-08-16,0.1350334584712982,0.04988843947649,0.8150781393051147,AMZN,3,897
2023-08-16,0.1350334584712982,0.04988843947649,0.8150781393051147,MSFT,4,898
2023-08-16,0.0608231090009212,0.9223482608795166,0.0168285872787237,NVDA,4,899
2023-08-16,0.0747673586010932,0.7660475373268127,0.1591850966215133,AMD,4,900
2023-08-16,0.0560647509992122,0.922353446483612,0.0215817838907241,NVDA,5,901
2023-08-16,0.0747673586010932,0.7660475373268127,0.1591850966215133,AMD,3,902
2023-08-16,0.1350334584712982,0.04988843947649,0.8150781393051147,AMZN,4,903
2023-08-16,0.1350334584712982,0.04988843947649,0.8150781393051147,MSFT,1,904
2023-08-16,0.0382232181727886,0.937437117099762,0.0243396610021591,AMD,3,905
2023-08-16,0.1350334584712982,0.04988843947649,0.8150781393051147,AMZN,5,906
2023-08-16,0.1350334584712982,0.04988843947649,0.8150781393051147,MSFT,3,907
2023-08-16,0.0463706664741039,0.9228983521461488,0.0307309906929731,AAPL,4,908
2023-08-16,0.0463706664741039,0.9228983521461488,0.0307309906929731,DIS,3,909
2023-08-16,0.0747673586010932,0.7660475373268127,0.1591850966215133,AMD,3,910
2023-08-16,0.1350334584712982,0.04988843947649,0.8150781393051147,AMZN,4,911
2023-08-17,0.0548677667975425,0.1775280833244323,0.7676041722297668,SPY,3,912
2023-08-17,0.6476823687553406,0.0269092433154582,0.3254084289073944,WMT,4,913
2023-08-17,0.0561853535473346,0.5653456449508667,0.3784689903259277,AAPL,3,914
2023-08-17,0.0561853535473346,0.5653456449508667,0.3784689903259277,AMZN,1,915
2023-08-17,0.0561853535473346,0.5653456449508667,0.3784689903259277,MSFT,1,916
2023-08-17,0.0548677667975425,0.1775280833244323,0.7676041722297668,SPY,5,917
2023-08-17,0.0810524374246597,0.8587083220481873,0.060239303857088,GOOG,3,918
2023-08-17,0.0810524374246597,0.8587083220481873,0.060239303857088,NVDA,2,919
2023-08-17,0.6476823687553406,0.0269092433154582,0.3254084289073944,WMT,4,920
2023-08-17,0.0810524374246597,0.8587083220481873,0.060239303857088,GOOG,4,921
2023-08-17,0.0810524374246597,0.8587083220481873,0.060239303857088,NVDA,3,922
2023-08-17,0.0590628273785114,0.7789096236228943,0.1620275825262069,TSLA,2,923
2023-08-17,0.0684328824281692,0.8131451606750488,0.1184219270944595,GS,2,924
2023-08-17,0.6476823687553406,0.0269092433154582,0.3254084289073944,WMT,5,925
2023-08-17,0.0561853535473346,0.5653456449508667,0.3784689903259277,AMZN,1,926
2023-08-17,0.0561853535473346,0.5653456449508667,0.3784689903259277,MSFT,3,927
2023-08-17,0.0684328824281692,0.8131451606750488,0.1184219270944595,GS,4,928
2023-08-17,0.0684328824281692,0.8131451606750488,0.1184219270944595,GS,3,929
2023-08-17,0.0810524374246597,0.8587083220481873,0.060239303857088,GOOG,4,930
2023-08-17,0.0810524374246597,0.8587083220481873,0.060239303857088,NVDA,3,931
2023-08-17,0.0561853535473346,0.5653456449508667,0.3784689903259277,AAPL,3,932
2023-08-17,0.0561853535473346,0.5653456449508667,0.3784689903259277,AMZN,2,933
2023-08-17,0.0561853535473346,0.5653456449508667,0.3784689903259277,MSFT,1,934
2023-08-17,0.0548677667975425,0.1775280833244323,0.7676041722297668,SPY,3,935
2023-08-17,0.1638967841863632,0.8054282069206238,0.0306750107556581,F,2,936
2023-08-17,0.1638967841863632,0.8054282069206238,0.0306750107556581,TSLA,3,937
2023-08-17,0.0684328824281692,0.8131451606750488,0.1184219270944595,GS,3,938
2023-08-17,0.0810524374246597,0.8587083220481873,0.060239303857088,GOOG,5,939
2023-08-17,0.0810524374246597,0.8587083220481873,0.060239303857088,NVDA,5,940
2023-08-17,0.0684328824281692,0.8131451606750488,0.1184219270944595,GS,1,941
2023-08-17,0.0684328824281692,0.8131451606750488,0.1184219270944595,GS,2,942
2023-08-17,0.0420901216566562,0.9370040893554688,0.0209058001637458,GS,5,943
2023-08-17,0.0561853535473346,0.5653456449508667,0.3784689903259277,AAPL,3,944
2023-08-17,0.0561853535473346,0.5653456449508667,0.3784689903259277,AMZN,4,945
2023-08-17,0.0561853535473346,0.5653456449508667,0.3784689903259277,MSFT,5,946
2023-08-17,0.0810524374246597,0.8587083220481873,0.060239303857088,GOOG,4,947
2023-08-17,0.0561853535473346,0.5653456449508667,0.3784689903259277,AAPL,3,948
2023-08-17,0.0561853535473346,0.5653456449508667,0.3784689903259277,AMZN,5,949
2023-08-17,0.4894602000713348,0.5008827447891235,0.0096570178866386,MSFT,4,950
2023-08-17,0.0112956538796424,0.016995146870613,0.9717091917991638,AMZN,2,951
2023-08-17,0.0810524374246597,0.8587083220481873,0.060239303857088,GOOG,2,952
2023-08-17,0.0810524374246597,0.8587083220481873,0.060239303857088,NVDA,4,953
2023-08-17,0.0561853535473346,0.5653456449508667,0.3784689903259277,AAPL,1,954
2023-08-17,0.0561853535473346,0.5653456449508667,0.3784689903259277,AMZN,1,955
2023-08-17,0.0561853535473346,0.5653456449508667,0.3784689903259277,MSFT,5,956
2023-08-17,0.0241523534059524,0.4513896405696869,0.5244580507278442,MSFT,3,957
2023-08-17,0.0548677667975425,0.1775280833244323,0.7676041722297668,SPY,3,958
2023-08-17,0.0251715555787086,0.7413464784622192,0.2334819585084915,AMZN,1,959
2023-08-17,0.0561853535473346,0.5653456449508667,0.3784689903259277,AMZN,4,960
2023-08-17,0.0561853535473346,0.5653456449508667,0.3784689903259277,MSFT,1,961
2023-08-17,0.0810524374246597,0.8587083220481873,0.060239303857088,GOOG,3,962
2023-08-17,0.0810524374246597,0.8587083220481873,0.060239303857088,NVDA,4,963
2023-08-17,0.6476823687553406,0.0269092433154582,0.3254084289073944,WMT,4,964
2023-08-17,0.6476823687553406,0.0269092433154582,0.3254084289073944,WMT,3,965
2023-08-17,0.0561853535473346,0.5653456449508667,0.3784689903259277,AAPL,4,966
2023-08-17,0.0561853535473346,0.5653456449508667,0.3784689903259277,MSFT,1,967
2023-08-17,0.0810524374246597,0.8587083220481873,0.060239303857088,GOOG,5,968
2023-08-17,0.0810524374246597,0.8587083220481873,0.060239303857088,NVDA,2,969
2023-08-17,0.0548677667975425,0.1775280833244323,0.7676041722297668,SPY,5,970
2023-08-17,0.0684328824281692,0.8131451606750488,0.1184219270944595,GS,3,971
2023-08-17,0.0561853535473346,0.5653456449508667,0.3784689903259277,AAPL,4,972
2023-08-17,0.0561853535473346,0.5653456449508667,0.3784689903259277,AMZN,3,973
2023-08-17,0.0561853535473346,0.5653456449508667,0.3784689903259277,MSFT,5,974
2023-08-17,0.0810524374246597,0.8587083220481873,0.060239303857088,GOOG,3,975
2023-08-17,0.0810524374246597,0.8587083220481873,0.060239303857088,NVDA,4,976
2023-08-17,0.6476823687553406,0.0269092433154582,0.3254084289073944,WMT,5,977
2023-08-17,0.0466475710272789,0.9219851493835448,0.0313673354685306,WMT,5,978
2023-08-17,0.0561853535473346,0.5653456449508667,0.3784689903259277,AMZN,4,979
2023-08-17,0.0561853535473346,0.5653456449508667,0.3784689903259277,AMZN,3,980
2023-08-17,0.6476823687553406,0.0269092433154582,0.3254084289073944,WMT,4,981
2023-08-17,0.0203261580318212,0.9296050071716307,0.0500688105821609,WMT,5,982
2023-08-17,0.9558618068695068,0.0187775716185569,0.0253606624901294,WMT,3,983
2023-08-17,0.6476823687553406,0.0269092433154582,0.3254084289073944,WMT,5,984
2023-08-17,0.0684328824281692,0.8131451606750488,0.1184219270944595,GS,5,985
2023-08-17,0.0810524374246597,0.8587083220481873,0.060239303857088,GOOG,3,986
2023-08-17,0.0810524374246597,0.8587083220481873,0.060239303857088,NVDA,3,987
2023-08-17,0.0548677667975425,0.1775280833244323,0.7676041722297668,SPY,5,988
2023-08-17,0.0810524374246597,0.8587083220481873,0.060239303857088,GOOG,5,989
2023-08-17,0.0810524374246597,0.8587083220481873,0.060239303857088,NVDA,3,990
2023-08-17,0.0622244663536548,0.9215661883354188,0.0162093117833137,NVDA,2,991
2023-08-17,0.0391715317964553,0.9356848001480104,0.0251436941325664,AMD,5,992
2023-08-17,0.0391715317964553,0.9356848001480104,0.0251436941325664,NVDA,4,993
2023-08-17,0.0684328824281692,0.8131451606750488,0.1184219270944595,GS,5,994
2023-08-17,0.6476823687553406,0.0269092433154582,0.3254084289073944,WMT,4,995
2023-08-17,0.0561853535473346,0.5653456449508667,0.3784689903259277,MSFT,5,996
2023-08-17,0.0810524374246597,0.8587083220481873,0.060239303857088,GOOG,5,997
2023-08-17,0.0810524374246597,0.8587083220481873,0.060239303857088,NVDA,3,998
2023-08-17,0.6476823687553406,0.0269092433154582,0.3254084289073944,WMT,3,999
2023-08-17,0.0561853535473346,0.5653456449508667,0.3784689903259277,AAPL,1,1000
2023-08-17,0.0561853535473346,0.5653456449508667,0.3784689903259277,AMZN,5,1001
2023-08-17,0.0561853535473346,0.5653456449508667,0.3784689903259277,MSFT,3,1002
2023-08-17,0.0561853535473346,0.5653456449508667,0.3784689903259277,AAPL,3,1003
2023-08-17,0.0561853535473346,0.5653456449508667,0.3784689903259277,MSFT,4,1004
2023-08-17,0.0548677667975425,0.1775280833244323,0.7676041722297668,SPY,1,1005
2023-08-17,0.0548677667975425,0.1775280833244323,0.7676041722297668,SPY,1,1006
2023-08-17,0.0810524374246597,0.8587083220481873,0.060239303857088,GOOG,3,1007
2023-08-17,0.0810524374246597,0.8587083220481873,0.060239303857088,NVDA,1,1008
2023-08-17,0.0684328824281692,0.8131451606750488,0.1184219270944595,GS,1,1009
2023-08-17,0.0810524374246597,0.8587083220481873,0.060239303857088,GOOG,3,1010
2023-08-17,0.0810524374246597,0.8587083220481873,0.060239303857088,NVDA,3,1011
2023-08-17,0.6476823687553406,0.0269092433154582,0.3254084289073944,WMT,3,1012
2023-08-17,0.0229925382882356,0.9061639308929444,0.0708435699343681,GS,4,1013
2023-08-17,0.0684328824281692,0.8131451606750488,0.1184219270944595,GS,2,1014
2023-08-17,0.6476823687553406,0.0269092433154582,0.3254084289073944,WMT,5,1015
2023-08-17,0.0684328824281692,0.8131451606750488,0.1184219270944595,GS,2,1016
2023-08-17,0.0369304306805133,0.9346681237220764,0.0284014325588941,TSLA,5,1017
2023-08-17,0.5683283805847168,0.3489805459976196,0.0826909989118576,WMT,3,1018
2023-08-17,0.6476823687553406,0.0269092433154582,0.3254084289073944,WMT,3,1019
2023-08-17,0.0537160374224185,0.9225921034812928,0.0236917864531278,F,3,1020
2023-08-17,0.0548677667975425,0.1775280833244323,0.7676041722297668,SPY,2,1021
2023-08-17,0.0561853535473346,0.5653456449508667,0.3784689903259277,AAPL,2,1022
2023-08-17,0.0561853535473346,0.5653456449508667,0.3784689903259277,AMZN,4,1023
2023-08-17,0.0561853535473346,0.5653456449508667,0.3784689903259277,MSFT,5,1024
2023-08-17,0.1819590926170349,0.6474090814590454,0.1706317961215973,DIS,5,1025
2023-08-17,0.0684328824281692,0.8131451606750488,0.1184219270944595,GS,5,1026
2023-08-17,0.6476823687553406,0.0269092433154582,0.3254084289073944,WMT,4,1027
2023-08-17,0.1638967841863632,0.8054282069206238,0.0306750107556581,F,2,1028
2023-08-17,0.1638967841863632,0.8054282069206238,0.0306750107556581,TSLA,1,1029
2023-08-17,0.0810524374246597,0.8587083220481873,0.060239303857088,GOOG,4,1030
2023-08-17,0.0810524374246597,0.8587083220481873,0.060239303857088,NVDA,5,1031
2023-08-18,0.0352376922965049,0.0237776059657335,0.9409846663475036,DIS,4,1032
2023-08-18,0.1834824085235595,0.8001387119293213,0.0163788311183452,NVDA,3,1033
2023-08-18,0.062948040664196,0.9205358028411864,0.0165162086486816,NVDA,2,1034
2023-08-18,0.0352376922965049,0.0237776059657335,0.9409846663475036,DIS,5,1035
2023-08-18,0.0352376922965049,0.0237776059657335,0.9409846663475036,DIS,5,1036
2023-08-18,0.0121727008372545,0.0168188586831092,0.9710084199905396,GOOG,4,1037
2023-08-18,0.0089379679411649,0.0286864154040813,0.9623756408691406,F,4,1038
2023-08-18,0.0352376922965049,0.0237776059657335,0.9409846663475036,DIS,5,1039
2023-08-18,0.0293300524353981,0.0862235352396965,0.884446382522583,AAPL,3,1040
2023-08-18,0.0293300524353981,0.0862235352396965,0.884446382522583,WMT,3,1041
2023-08-18,0.0352376922965049,0.0237776059657335,0.9409846663475036,DIS,2,1042
2023-08-18,0.0352376922965049,0.0237776059657335,0.9409846663475036,DIS,4,1043
2023-08-18,0.0293300524353981,0.0862235352396965,0.884446382522583,MSFT,5,1044
2023-08-18,0.0352376922965049,0.0237776059657335,0.9409846663475036,DIS,3,1045
2023-08-18,0.0273505821824073,0.0831277444958686,0.8895216584205627,TSLA,3,1046
2023-08-18,0.0352376922965049,0.0237776059657335,0.9409846663475036,DIS,2,1047
2023-08-18,0.0352376922965049,0.0237776059657335,0.9409846663475036,DIS,3,1048
2023-08-19,0.0497416667640209,0.9303656816482544,0.0198926534503698,AMD,4,1049
2023-08-19,0.0388540253043174,0.9366971254348756,0.0244488511234521,F,5,1050
2023-08-19,0.0388540253043174,0.9366971254348756,0.0244488511234521,TSLA,5,1051
2023-08-19,0.0373028479516506,0.9247515201568604,0.0379455685615539,TSLA,3,1052
2023-08-19,0.0222935192286968,0.2736793756484985,0.7040270566940308,AAPL,5,1053
2023-08-19,0.0398074984550476,0.9413743019104004,0.0188181698322296,F,3,1054
2023-08-19,0.0388540253043174,0.9366971254348756,0.0244488511234521,F,5,1055
2023-08-19,0.0388540253043174,0.9366971254348756,0.0244488511234521,TSLA,3,1056
2023-08-19,0.0497416667640209,0.9303656816482544,0.0198926534503698,AMD,1,1057
2023-08-19,0.0562902875244617,0.9277761578559875,0.0159335825592279,UBER,5,1058
2023-08-20,0.0438301898539066,0.1442091315984726,0.8119606971740723,SPY,1,1059
2023-08-21,0.7675023674964905,0.1428114920854568,0.0896861404180526,AAPL,3,1060
2023-08-21,0.7675023674964905,0.1428114920854568,0.0896861404180526,TSLA,2,1061
2023-08-21,0.0537281520664691,0.920328974723816,0.0259428825229406,NVDA,3,1062
2023-08-21,0.0450759194791317,0.9322863221168518,0.0226377639919519,AAPL,3,1063
2023-08-21,0.0450759194791317,0.9322863221168518,0.0226377639919519,MSFT,5,1064
2023-08-21,0.7675023674964905,0.1428114920854568,0.0896861404180526,AAPL,3,1065
2023-08-21,0.7675023674964905,0.1428114920854568,0.0896861404180526,F,4,1066
2023-08-21,0.7675023674964905,0.1428114920854568,0.0896861404180526,TSLA,4,1067
2023-08-21,0.0179205369204282,0.0216684602200984,0.960411012172699,GS,3,1068
2023-08-21,0.0309663377702236,0.6835417747497559,0.2854918539524078,AAPL,3,1069
2023-08-21,0.0780059769749641,0.894407331943512,0.0275866352021694,GS,3,1070
2023-08-21,0.0537281520664691,0.920328974723816,0.0259428825229406,NVDA,3,1071
2023-08-21,0.0587713010609149,0.584130585193634,0.3570981323719024,GS,5,1072
2023-08-21,0.0537281520664691,0.920328974723816,0.0259428825229406,NVDA,4,1073
2023-08-21,0.0678962767124176,0.913476586341858,0.0186271648854017,MSFT,5,1074
2023-08-21,0.7535065412521362,0.2383560836315155,0.0081374077126383,GS,3,1075
2023-08-21,0.0450759194791317,0.9322863221168518,0.0226377639919519,AAPL,4,1076
2023-08-21,0.0450759194791317,0.9322863221168518,0.0226377639919519,MSFT,3,1077
2023-08-21,0.0396136492490768,0.9381647109985352,0.0222216714173555,GS,3,1078
2023-08-21,0.3159428536891937,0.6553583741188049,0.028698805719614,MSFT,3,1079
2023-08-21,0.0523651018738746,0.9264872074127196,0.0211476888507604,KO,3,1080
2023-08-21,0.0537281520664691,0.920328974723816,0.0259428825229406,NVDA,3,1081
2023-08-21,0.0537281520664691,0.920328974723816,0.0259428825229406,NVDA,3,1082
2023-08-21,0.0571033917367458,0.9270334839820862,0.0158631596714258,UBER,5,1083
2023-08-21,0.0302327070385217,0.9454415440559388,0.0243257600814104,SPY,5,1084
2023-08-21,0.0537281520664691,0.920328974723816,0.0259428825229406,NVDA,3,1085
2023-08-21,0.7675023674964905,0.1428114920854568,0.0896861404180526,AAPL,4,1086
2023-08-21,0.7675023674964905,0.1428114920854568,0.0896861404180526,TSLA,4,1087
2023-08-21,0.0436136350035667,0.9361169934272766,0.0202693678438663,F,1,1088
2023-08-21,0.0186801217496395,0.0857582837343216,0.8955615758895874,F,3,1089
2023-08-21,0.0537281520664691,0.920328974723816,0.0259428825229406,NVDA,3,1090
2023-08-21,0.0537281520664691,0.920328974723816,0.0259428825229406,NVDA,5,1091
2023-08-21,0.0537281520664691,0.920328974723816,0.0259428825229406,NVDA,3,1092
2023-08-21,0.0537281520664691,0.920328974723816,0.0259428825229406,NVDA,5,1093
2023-08-21,0.0537281520664691,0.920328974723816,0.0259428825229406,NVDA,2,1094
2023-08-21,0.0537281520664691,0.920328974723816,0.0259428825229406,NVDA,4,1095
2023-08-21,0.0537281520664691,0.920328974723816,0.0259428825229406,NVDA,5,1096
2023-08-21,0.0541879050433635,0.6579013466835022,0.2879107296466827,F,3,1097
2023-08-22,0.9236350655555724,0.0605322904884815,0.0158326812088489,NVDA,4,1098
2023-08-22,0.0498945862054824,0.7976399064064026,0.1524654775857925,WMT,3,1099
2023-08-22,0.0351298004388809,0.9375107288360596,0.0273594744503498,WMT,3,1100
2023-08-22,0.0581751838326454,0.8536619544029236,0.0881628692150116,KO,3,1101
2023-08-22,0.0250701215118169,0.9434680938720704,0.0314617604017257,MSFT,1,1102
2023-08-22,0.0849350988864898,0.8683354258537292,0.0467294789850711,TSLA,4,1103
2023-08-22,0.0581751838326454,0.8536619544029236,0.0881628692150116,KO,1,1104
2023-08-22,0.0849350988864898,0.8683354258537292,0.0467294789850711,TSLA,3,1105
2023-08-22,0.0581751838326454,0.8536619544029236,0.0881628692150116,KO,5,1106
2023-08-22,0.0849350988864898,0.8683354258537292,0.0467294789850711,TSLA,3,1107
2023-08-22,0.1195788607001304,0.8293081521987915,0.0511130020022392,GS,3,1108
2023-08-22,0.1195788607001304,0.8293081521987915,0.0511130020022392,MSFT,5,1109
2023-08-22,0.0849350988864898,0.8683354258537292,0.0467294789850711,TSLA,3,1110
2023-08-22,0.0561849772930145,0.9265795350074768,0.0172355305403471,MSFT,1,1111
2023-08-22,0.0561849772930145,0.9265795350074768,0.0172355305403471,NVDA,2,1112
2023-08-22,0.0581751838326454,0.8536619544029236,0.0881628692150116,KO,4,1113
2023-08-22,0.0581751838326454,0.8536619544029236,0.0881628692150116,KO,3,1114
2023-08-22,0.0581751838326454,0.8536619544029236,0.0881628692150116,KO,5,1115
2023-08-22,0.0581751838326454,0.8536619544029236,0.0881628692150116,KO,5,1116
2023-08-22,0.0501238778233528,0.6715227961540222,0.2783532738685608,MSFT,3,1117
2023-08-22,0.0498945862054824,0.7976399064064026,0.1524654775857925,WMT,4,1118
2023-08-22,0.0849350988864898,0.8683354258537292,0.0467294789850711,TSLA,4,1119
2023-08-22,0.0561849772930145,0.9265795350074768,0.0172355305403471,MSFT,5,1120
2023-08-22,0.0561849772930145,0.9265795350074768,0.0172355305403471,NVDA,5,1121
2023-08-22,0.2042988985776901,0.7414443492889404,0.0542567148804664,TSLA,1,1122
2023-08-22,0.0849350988864898,0.8683354258537292,0.0467294789850711,TSLA,5,1123
2023-08-22,0.0498945862054824,0.7976399064064026,0.1524654775857925,WMT,5,1124
2023-08-22,0.0620336942374706,0.9224761724472046,0.0154901109635829,NVDA,5,1125
2023-08-22,0.0411192886531353,0.9339340925216676,0.0249466374516487,F,3,1126
2023-08-22,0.0581751838326454,0.8536619544029236,0.0881628692150116,KO,3,1127
2023-08-22,0.0498945862054824,0.7976399064064026,0.1524654775857925,WMT,4,1128
2023-08-22,0.0581751838326454,0.8536619544029236,0.0881628692150116,KO,4,1129
2023-08-22,0.1195788607001304,0.8293081521987915,0.0511130020022392,GS,2,1130
2023-08-22,0.1195788607001304,0.8293081521987915,0.0511130020022392,MSFT,4,1131
2023-08-22,0.2076843082904815,0.7793939113616943,0.0129217868670821,NVDA,1,1132
2023-08-22,0.0581751838326454,0.8536619544029236,0.0881628692150116,KO,3,1133
2023-08-22,0.0498945862054824,0.7976399064064026,0.1524654775857925,WMT,3,1134
2023-08-22,0.9236350655555724,0.0605322904884815,0.0158326812088489,MSFT,4,1135
2023-08-22,0.9236350655555724,0.0605322904884815,0.0158326812088489,NVDA,5,1136
2023-08-22,0.0581751838326454,0.8536619544029236,0.0881628692150116,KO,4,1137
2023-08-22,0.0504177175462245,0.9298302531242372,0.0197520162910223,NVDA,3,1138
2023-08-22,0.0122344000265002,0.017886184155941,0.969879388809204,NVDA,5,1139
2023-08-22,0.0581751838326454,0.8536619544029236,0.0881628692150116,KO,1,1140
2023-08-22,0.0498945862054824,0.7976399064064026,0.1524654775857925,WMT,4,1141
2023-08-22,0.0498945862054824,0.7976399064064026,0.1524654775857925,WMT,1,1142
2023-08-22,0.0498945862054824,0.7976399064064026,0.1524654775857925,WMT,5,1143
2023-08-22,0.0581751838326454,0.8536619544029236,0.0881628692150116,KO,4,1144
2023-08-23,0.0692766457796096,0.8752696514129639,0.0554536916315555,BRK,4,1145
2023-08-23,0.0692766457796096,0.8752696514129639,0.0554536916315555,BRK,4,1146
2023-08-23,0.2937875092029571,0.0288572870194911,0.677355170249939,GS,5,1147
2023-08-23,0.0692766457796096,0.8752696514129639,0.0554536916315555,BRK,1,1148
2023-08-23,0.4130340814590454,0.0619244687259197,0.5250414609909058,GS,3,1149
2023-08-23,0.4269963502883911,0.0675695315003395,0.5054340958595276,NVDA,3,1150
2023-08-23,0.0847354158759117,0.8782665729522705,0.0369979888200759,MSFT,3,1151
2023-08-23,0.4130340814590454,0.0619244687259197,0.5250414609909058,GS,5,1152
2023-08-23,0.1419660896062851,0.7685486078262329,0.0894853100180625,AAPL,3,1153
2023-08-23,0.2069878131151199,0.0508065223693847,0.7422056794166565,GS,5,1154
2023-08-23,0.4269963502883911,0.0675695315003395,0.5054340958595276,NVDA,4,1155
2023-08-23,0.0580029636621475,0.926546275615692,0.0154508035629987,UBER,3,1156
2023-08-23,0.0099971713498234,0.0158485583961009,0.97415429353714,GS,3,1157
2023-08-23,0.2937875092029571,0.0288572870194911,0.677355170249939,GS,1,1158
2023-08-23,0.4269963502883911,0.0675695315003395,0.5054340958595276,NVDA,3,1159
2023-08-23,0.0847354158759117,0.8782665729522705,0.0369979888200759,MSFT,1,1160
2023-08-23,0.0360984541475772,0.7673561573028564,0.1965453475713729,GS,3,1161
2023-08-23,0.2937875092029571,0.0288572870194911,0.677355170249939,GS,3,1162
2023-08-23,0.1041008457541465,0.6771945357322693,0.2187046259641647,GS,5,1163
2023-08-23,0.4130340814590454,0.0619244687259197,0.5250414609909058,GS,2,1164
2023-08-23,0.0847354158759117,0.8782665729522705,0.0369979888200759,MSFT,5,1165
2023-08-23,0.4269963502883911,0.0675695315003395,0.5054340958595276,NVDA,3,1166
2023-08-23,0.0692766457796096,0.8752696514129639,0.0554536916315555,BRK,4,1167
2023-08-23,0.2937875092029571,0.0288572870194911,0.677355170249939,GS,5,1168
2023-08-23,0.2937875092029571,0.0288572870194911,0.677355170249939,GS,5,1169
2023-08-23,0.0847354158759117,0.8782665729522705,0.0369979888200759,MSFT,3,1170
2023-08-23,0.0692766457796096,0.8752696514129639,0.0554536916315555,BRK,5,1171
2023-08-23,0.0692766457796096,0.8752696514129639,0.0554536916315555,BRK,1,1172
2023-08-23,0.0847354158759117,0.8782665729522705,0.0369979888200759,MSFT,4,1173
2023-08-23,0.4130340814590454,0.0619244687259197,0.5250414609909058,GS,4,1174
2023-08-23,0.0692766457796096,0.8752696514129639,0.0554536916315555,BRK,2,1175
2023-08-23,0.2069878131151199,0.0508065223693847,0.7422056794166565,GS,4,1176
2023-08-23,0.2937875092029571,0.0288572870194911,0.677355170249939,GS,1,1177
2023-08-23,0.4269963502883911,0.0675695315003395,0.5054340958595276,NVDA,3,1178
2023-08-23,0.2937875092029571,0.0288572870194911,0.677355170249939,GS,2,1179
2023-08-23,0.4269963502883911,0.0675695315003395,0.5054340958595276,NVDA,3,1180
2023-08-23,0.4269963502883911,0.0675695315003395,0.5054340958595276,NVDA,3,1181
2023-08-23,0.4130340814590454,0.0619244687259197,0.5250414609909058,GS,4,1182
2023-08-23,0.4130340814590454,0.0619244687259197,0.5250414609909058,GS,3,1183
2023-08-23,0.0847354158759117,0.8782665729522705,0.0369979888200759,MSFT,3,1184
2023-08-23,0.0847354158759117,0.8782665729522705,0.0369979888200759,MSFT,4,1185
2023-08-23,0.0692766457796096,0.8752696514129639,0.0554536916315555,BRK,3,1186
2023-08-23,0.4269963502883911,0.0675695315003395,0.5054340958595276,NVDA,3,1187
2023-08-23,0.2937875092029571,0.0288572870194911,0.677355170249939,GS,3,1188
2023-08-23,0.2937875092029571,0.0288572870194911,0.677355170249939,GS,4,1189
2023-08-23,0.0108241429552435,0.0269288271665573,0.96224707365036,TSLA,3,1190
2023-08-23,0.2069878131151199,0.0508065223693847,0.7422056794166565,GS,3,1191
2023-08-23,0.5595409870147705,0.428689569234848,0.0117694456130266,NVDA,4,1192
2023-08-23,0.2695724368095398,0.0263102650642395,0.7041172981262207,NVDA,3,1193
2023-08-23,0.0094827031716704,0.038551490753889,0.951965868473053,NVDA,1,1194
2023-08-23,0.2069878131151199,0.0508065223693847,0.7422056794166565,GS,3,1195
2023-08-23,0.0535454377532005,0.0377064235508441,0.9087481498718262,AMZN,3,1196
2023-08-23,0.0535454377532005,0.0377064235508441,0.9087481498718262,DIS,4,1197
2023-08-23,0.0847354158759117,0.8782665729522705,0.0369979888200759,MSFT,5,1198
2023-08-23,0.5247029066085815,0.4632299840450287,0.0120670897886157,AMZN,2,1199
2023-08-23,0.5411641597747803,0.4293134808540344,0.0295223630964756,AMZN,5,1200
2023-08-23,0.2066447287797927,0.7036565542221069,0.0896987095475196,NVDA,5,1201
2023-08-23,0.4130340814590454,0.0619244687259197,0.5250414609909058,GS,3,1202
2023-08-23,0.2937875092029571,0.0288572870194911,0.677355170249939,GS,1,1203
2023-08-23,0.2069878131151199,0.0508065223693847,0.7422056794166565,GS,3,1204
2023-08-23,0.0469548925757408,0.9204683303833008,0.0325767323374748,NVDA,3,1205
2023-08-23,0.0692766457796096,0.8752696514129639,0.0554536916315555,BRK,3,1206
2023-08-23,0.4130340814590454,0.0619244687259197,0.5250414609909058,GS,3,1207
2023-08-23,0.4130340814590454,0.0619244687259197,0.5250414609909058,GS,3,1208
2023-08-23,0.7207184433937073,0.2394608110189438,0.0398206450045108,NVDA,4,1209
2023-08-23,0.0416382066905498,0.9386573433876038,0.0197044312953948,F,3,1210
2023-08-23,0.0847354158759117,0.8782665729522705,0.0369979888200759,MSFT,3,1211
2023-08-23,0.2937875092029571,0.0288572870194911,0.677355170249939,GS,3,1212
2023-08-23,0.04043959826231,0.9329173564910888,0.0266430955380201,NVDA,4,1213
2023-08-23,0.0535454377532005,0.0377064235508441,0.9087481498718262,AMZN,5,1214
2023-08-23,0.0535454377532005,0.0377064235508441,0.9087481498718262,DIS,5,1215
2023-08-23,0.4130340814590454,0.0619244687259197,0.5250414609909058,GS,3,1216
2023-08-23,0.2069878131151199,0.0508065223693847,0.7422056794166565,GS,1,1217
2023-08-23,0.4130340814590454,0.0619244687259197,0.5250414609909058,GS,4,1218
2023-08-23,0.0605349279940128,0.9225814938545228,0.0168836321681737,NVDA,3,1219
2023-08-23,0.0692766457796096,0.8752696514129639,0.0554536916315555,BRK,3,1220
2023-08-23,0.0445111654698848,0.9325575828552246,0.0229312870651483,NVDA,5,1221
2023-08-23,0.2069878131151199,0.0508065223693847,0.7422056794166565,GS,4,1222
2023-08-23,0.9372331500053406,0.0443310439586639,0.0184358824044466,F,4,1223
2023-08-23,0.9372331500053406,0.0443310439586639,0.0184358824044466,NVDA,2,1224
2023-08-23,0.2586722075939178,0.7098111510276794,0.0315166190266609,NVDA,3,1225
2023-08-23,0.4269963502883911,0.0675695315003395,0.5054340958595276,NVDA,3,1226
2023-08-23,0.9392884969711304,0.0302876643836498,0.0304238330572843,NVDA,3,1227
2023-08-23,0.9458513259887696,0.0338809937238693,0.0202676653861999,MSFT,5,1228
2023-08-23,0.9458513259887696,0.0338809937238693,0.0202676653861999,NVDA,4,1229
2023-08-23,0.9372331500053406,0.0443310439586639,0.0184358824044466,MSFT,5,1230
2023-08-23,0.9372331500053406,0.0443310439586639,0.0184358824044466,NVDA,3,1231
2023-08-23,0.8545800447463989,0.1063150763511657,0.0391049310564994,MSFT,5,1232
2023-08-23,0.8545800447463989,0.1063150763511657,0.0391049310564994,NVDA,5,1233
2023-08-23,0.0847354158759117,0.8782665729522705,0.0369979888200759,MSFT,4,1234
2023-08-23,0.0692766457796096,0.8752696514129639,0.0554536916315555,BRK,5,1235
2023-08-23,0.0847354158759117,0.8782665729522705,0.0369979888200759,MSFT,3,1236
2023-08-23,0.4269963502883911,0.0675695315003395,0.5054340958595276,NVDA,5,1237
2023-08-23,0.8545800447463989,0.1063150763511657,0.0391049310564994,MSFT,3,1238
2023-08-23,0.8545800447463989,0.1063150763511657,0.0391049310564994,NVDA,4,1239
2023-08-23,0.4269963502883911,0.0675695315003395,0.5054340958595276,NVDA,5,1240
2023-08-23,0.4130340814590454,0.0619244687259197,0.5250414609909058,GS,4,1241
2023-08-23,0.4269963502883911,0.0675695315003395,0.5054340958595276,NVDA,3,1242
2023-08-23,0.4130340814590454,0.0619244687259197,0.5250414609909058,GS,3,1243
2023-08-23,0.4130340814590454,0.0619244687259197,0.5250414609909058,GS,2,1244
2023-08-23,0.0692766457796096,0.8752696514129639,0.0554536916315555,BRK,5,1245
2023-08-23,0.2069878131151199,0.0508065223693847,0.7422056794166565,GS,3,1246
2023-08-23,0.2937875092029571,0.0288572870194911,0.677355170249939,GS,3,1247
2023-08-23,0.0469548925757408,0.9204683303833008,0.0325767323374748,NVDA,3,1248
2023-08-23,0.0692766457796096,0.8752696514129639,0.0554536916315555,BRK,4,1249
2023-08-24,0.0208157561719417,0.9451531767845154,0.0340310148894786,NVDA,3,1250
2023-08-24,0.9450831413269044,0.0329515375196933,0.0219653118401765,NVDA,4,1251
2023-08-24,0.2480088770389557,0.115956149995327,0.6360349655151367,AAPL,3,1252
2023-08-24,0.2480088770389557,0.115956149995327,0.6360349655151367,NVDA,5,1253
2023-08-24,0.0080316318199038,0.0316820926964283,0.9602862000465392,DIS,1,1254
2023-08-24,0.9450831413269044,0.0329515375196933,0.0219653118401765,NVDA,3,1255
2023-08-24,0.0208157561719417,0.9451531767845154,0.0340310148894786,NVDA,5,1256
2023-08-24,0.0161156356334686,0.0187835525721311,0.9651008248329164,TSLA,3,1257
2023-08-24,0.0208157561719417,0.9451531767845154,0.0340310148894786,NVDA,2,1258
2023-08-24,0.047476764768362,0.6000991463661194,0.3524241149425506,AMD,5,1259
2023-08-24,0.0208157561719417,0.9451531767845154,0.0340310148894786,NVDA,5,1260
2023-08-24,0.0101536884903907,0.0184899251908063,0.9713563323020936,GS,5,1261
2023-08-24,0.9450831413269044,0.0329515375196933,0.0219653118401765,NVDA,3,1262
2023-08-24,0.6385861039161682,0.0854113399982452,0.2760025560855865,NVDA,4,1263
2023-08-24,0.0081471521407365,0.0198418293148279,0.9720110297203064,DIS,1,1264
2023-08-24,0.0101536884903907,0.0184899251908063,0.9713563323020936,GS,4,1265
2023-08-24,0.7891489267349243,0.2012842148542404,0.0095668584108352,AMD,4,1266
2023-08-24,0.7891489267349243,0.2012842148542404,0.0095668584108352,AMZN,3,1267
2023-08-24,0.7891489267349243,0.2012842148542404,0.0095668584108352,MSFT,4,1268
2023-08-24,0.7891489267349243,0.2012842148542404,0.0095668584108352,NVDA,3,1269
2023-08-24,0.0208157561719417,0.9451531767845154,0.0340310148894786,NVDA,4,1270
2023-08-24,0.1397325694561004,0.8444410562515259,0.0158263407647609,TSLA,4,1271
2023-08-24,0.0342444106936454,0.9461373686790466,0.0196182709187269,AMZN,2,1272
2023-08-24,0.0342444106936454,0.9461373686790466,0.0196182709187269,DIS,5,1273
2023-08-24,0.047476764768362,0.6000991463661194,0.3524241149425506,AMD,3,1274
2023-08-24,0.0619430430233478,0.9217789769172668,0.0162780005484819,NVDA,3,1275
2023-08-24,0.2480088770389557,0.115956149995327,0.6360349655151367,AAPL,5,1276
2023-08-24,0.2480088770389557,0.115956149995327,0.6360349655151367,NVDA,3,1277
2023-08-24,0.047476764768362,0.6000991463661194,0.3524241149425506,AMD,3,1278
2023-08-24,0.917588233947754,0.0249253548681736,0.0574864745140075,NVDA,3,1279
2023-08-24,0.9450831413269044,0.0329515375196933,0.0219653118401765,NVDA,3,1280
2023-08-24,0.2480088770389557,0.115956149995327,0.6360349655151367,NVDA,3,1281
2023-08-24,0.9450831413269044,0.0329515375196933,0.0219653118401765,NVDA,3,1282
2023-08-24,0.2480088770389557,0.115956149995327,0.6360349655151367,AAPL,5,1283
2023-08-24,0.2480088770389557,0.115956149995327,0.6360349655151367,NVDA,3,1284
2023-08-24,0.047476764768362,0.6000991463661194,0.3524241149425506,AMD,4,1285
2023-08-24,0.0101536884903907,0.0184899251908063,0.9713563323020936,GS,4,1286
2023-08-24,0.9450831413269044,0.0329515375196933,0.0219653118401765,NVDA,3,1287
2023-08-24,0.0208157561719417,0.9451531767845154,0.0340310148894786,NVDA,3,1288
2023-08-24,0.9450831413269044,0.0329515375196933,0.0219653118401765,NVDA,5,1289
2023-08-24,0.9450831413269044,0.0329515375196933,0.0219653118401765,NVDA,3,1290
2023-08-24,0.2480088770389557,0.115956149995327,0.6360349655151367,NVDA,3,1291
2023-08-24,0.0208157561719417,0.9451531767845154,0.0340310148894786,NVDA,3,1292
2023-08-24,0.0101536884903907,0.0184899251908063,0.9713563323020936,GS,5,1293
2023-08-24,0.7891489267349243,0.2012842148542404,0.0095668584108352,AMD,1,1294
2023-08-24,0.7891489267349243,0.2012842148542404,0.0095668584108352,AMZN,5,1295
2023-08-24,0.7891489267349243,0.2012842148542404,0.0095668584108352,MSFT,3,1296
2023-08-24,0.7891489267349243,0.2012842148542404,0.0095668584108352,NVDA,2,1297
2023-08-24,0.047476764768362,0.6000991463661194,0.3524241149425506,AMD,5,1298
2023-08-24,0.2480088770389557,0.115956149995327,0.6360349655151367,AAPL,4,1299
2023-08-24,0.2480088770389557,0.115956149995327,0.6360349655151367,NVDA,5,1300
2023-08-24,0.0101536884903907,0.0184899251908063,0.9713563323020936,GS,4,1301
2023-08-24,0.2480088770389557,0.115956149995327,0.6360349655151367,AAPL,5,1302
2023-08-24,0.2480088770389557,0.115956149995327,0.6360349655151367,AAPL,4,1303
2023-08-24,0.2480088770389557,0.115956149995327,0.6360349655151367,NVDA,2,1304
2023-08-24,0.0762140080332756,0.910287618637085,0.0134984292089939,MSFT,4,1305
2023-08-24,0.047476764768362,0.6000991463661194,0.3524241149425506,AMD,4,1306
2023-08-24,0.9450831413269044,0.0329515375196933,0.0219653118401765,NVDA,5,1307
2023-08-24,0.7891489267349243,0.2012842148542404,0.0095668584108352,AMD,4,1308
2023-08-24,0.7891489267349243,0.2012842148542404,0.0095668584108352,AMZN,3,1309
2023-08-24,0.7891489267349243,0.2012842148542404,0.0095668584108352,MSFT,1,1310
2023-08-24,0.7891489267349243,0.2012842148542404,0.0095668584108352,NVDA,2,1311
2023-08-24,0.0208157561719417,0.9451531767845154,0.0340310148894786,NVDA,3,1312
2023-08-24,0.2480088770389557,0.115956149995327,0.6360349655151367,AAPL,5,1313
2023-08-24,0.0251024421304464,0.8624057769775391,0.1124918237328529,WMT,4,1314
2023-08-24,0.0281435493379831,0.8610936999320984,0.1107627153396606,WMT,3,1315
2023-08-24,0.9450831413269044,0.0329515375196933,0.0219653118401765,NVDA,3,1316
2023-08-24,0.0101536884903907,0.0184899251908063,0.9713563323020936,GS,5,1317
2023-08-24,0.7891489267349243,0.2012842148542404,0.0095668584108352,AMZN,5,1318
2023-08-24,0.7891489267349243,0.2012842148542404,0.0095668584108352,MSFT,3,1319
2023-08-24,0.7891489267349243,0.2012842148542404,0.0095668584108352,NVDA,5,1320
2023-08-24,0.0342444106936454,0.9461373686790466,0.0196182709187269,AMZN,3,1321
2023-08-24,0.0342444106936454,0.9461373686790466,0.0196182709187269,DIS,4,1322
2023-08-24,0.1244477927684784,0.8619189262390137,0.0136332930997014,AMZN,4,1323
2023-08-24,0.0364621803164482,0.9314386248588562,0.0320992209017276,TSLA,3,1324
2023-08-24,0.0101536884903907,0.0184899251908063,0.9713563323020936,GS,4,1325
2023-08-24,0.9450831413269044,0.0329515375196933,0.0219653118401765,NVDA,5,1326
2023-08-24,0.0208157561719417,0.9451531767845154,0.0340310148894786,NVDA,5,1327
2023-08-24,0.9450831413269044,0.0329515375196933,0.0219653118401765,NVDA,2,1328
2023-08-24,0.047476764768362,0.6000991463661194,0.3524241149425506,AMD,3,1329
2023-08-24,0.2480088770389557,0.115956149995327,0.6360349655151367,NVDA,3,1330
2023-08-24,0.2480088770389557,0.115956149995327,0.6360349655151367,NVDA,4,1331
2023-08-24,0.0208157561719417,0.9451531767845154,0.0340310148894786,NVDA,5,1332
2023-08-24,0.0097330501303076,0.0167683251202106,0.9734987020492554,NVDA,3,1333
2023-08-24,0.1397325694561004,0.8444410562515259,0.0158263407647609,TSLA,5,1334
2023-08-24,0.0350357256829738,0.9392934441566468,0.0256708227097988,TSLA,5,1335
2023-08-24,0.2480088770389557,0.115956149995327,0.6360349655151367,AAPL,3,1336
2023-08-24,0.2480088770389557,0.115956149995327,0.6360349655151367,NVDA,3,1337
2023-08-24,0.0101536884903907,0.0184899251908063,0.9713563323020936,GS,4,1338
2023-08-24,0.0208157561719417,0.9451531767845154,0.0340310148894786,NVDA,5,1339
2023-08-24,0.9450831413269044,0.0329515375196933,0.0219653118401765,NVDA,3,1340
2023-08-24,0.0101536884903907,0.0184899251908063,0.9713563323020936,GS,2,1341
2023-08-25,0.0571115389466285,0.7523421049118042,0.1905463486909866,DIS,3,1342
2023-08-25,0.0571115389466285,0.7523421049118042,0.1905463486909866,DIS,4,1343
2023-08-25,0.025342958047986,0.9502848386764526,0.0243721771985292,AMZN,5,1344
2023-08-25,0.025342958047986,0.9502848386764526,0.0243721771985292,MSFT,5,1345
2023-08-25,0.047413557767868,0.8368282318115234,0.1157581880688667,GS,5,1346
2023-08-25,0.025342958047986,0.9502848386764526,0.0243721771985292,DIS,4,1347
2023-08-25,0.025342958047986,0.9502848386764526,0.0243721771985292,MSFT,5,1348
2023-08-25,0.047413557767868,0.8368282318115234,0.1157581880688667,GS,1,1349
2023-08-25,0.025342958047986,0.9502848386764526,0.0243721771985292,AMZN,1,1350
2023-08-25,0.025342958047986,0.9502848386764526,0.0243721771985292,DIS,4,1351
2023-08-25,0.025342958047986,0.9502848386764526,0.0243721771985292,MSFT,4,1352
2023-08-25,0.0797763019800186,0.8831850290298462,0.0370387062430381,AMZN,4,1353
2023-08-25,0.0797763019800186,0.8831850290298462,0.0370387062430381,MSFT,3,1354
2023-08-25,0.0201628562062978,0.0296375565230846,0.9501996040344238,SPY,5,1355
2023-08-25,0.0201628562062978,0.0296375565230846,0.9501996040344238,SPY,3,1356
2023-08-25,0.0797763019800186,0.8831850290298462,0.0370387062430381,AMZN,3,1357
2023-08-25,0.0797763019800186,0.8831850290298462,0.0370387062430381,MSFT,3,1358
2023-08-25,0.047413557767868,0.8368282318115234,0.1157581880688667,GS,1,1359
2023-08-25,0.0201628562062978,0.0296375565230846,0.9501996040344238,SPY,3,1360
2023-08-25,0.025342958047986,0.9502848386764526,0.0243721771985292,AMZN,4,1361
2023-08-25,0.025342958047986,0.9502848386764526,0.0243721771985292,DIS,4,1362
2023-08-25,0.025342958047986,0.9502848386764526,0.0243721771985292,MSFT,3,1363
2023-08-25,0.0571115389466285,0.7523421049118042,0.1905463486909866,DIS,2,1364
2023-08-25,0.0201628562062978,0.0296375565230846,0.9501996040344238,SPY,3,1365
2023-08-25,0.0571115389466285,0.7523421049118042,0.1905463486909866,DIS,3,1366
2023-08-25,0.0562043897807598,0.9139381647109984,0.0298574771732091,GS,3,1367
2023-08-25,0.025342958047986,0.9502848386764526,0.0243721771985292,AMZN,3,1368
2023-08-25,0.025342958047986,0.9502848386764526,0.0243721771985292,DIS,3,1369
2023-08-25,0.025342958047986,0.9502848386764526,0.0243721771985292,MSFT,4,1370
2023-08-25,0.0797763019800186,0.8831850290298462,0.0370387062430381,AAPL,1,1371
2023-08-25,0.025342958047986,0.9502848386764526,0.0243721771985292,AMZN,5,1372
2023-08-25,0.025342958047986,0.9502848386764526,0.0243721771985292,DIS,2,1373
2023-08-25,0.025342958047986,0.9502848386764526,0.0243721771985292,MSFT,3,1374
2023-08-25,0.0201628562062978,0.0296375565230846,0.9501996040344238,SPY,4,1375
2023-08-25,0.0797763019800186,0.8831850290298462,0.0370387062430381,AAPL,3,1376
2023-08-25,0.0797763019800186,0.8831850290298462,0.0370387062430381,AMZN,3,1377
2023-08-25,0.0797763019800186,0.8831850290298462,0.0370387062430381,MSFT,5,1378
2023-08-25,0.0468881726264953,0.9353148937225342,0.0177970137447118,GS,3,1379
2023-08-25,0.0201628562062978,0.0296375565230846,0.9501996040344238,SPY,1,1380
2023-08-25,0.0797763019800186,0.8831850290298462,0.0370387062430381,AAPL,3,1381
2023-08-25,0.0797763019800186,0.8831850290298462,0.0370387062430381,AMZN,3,1382
2023-08-25,0.0562043897807598,0.9139381647109984,0.0298574771732091,AAPL,3,1383
2023-08-25,0.0562043897807598,0.9139381647109984,0.0298574771732091,GS,4,1384
2023-08-25,0.0201628562062978,0.0296375565230846,0.9501996040344238,SPY,1,1385
2023-08-25,0.0201628562062978,0.0296375565230846,0.9501996040344238,SPY,4,1386
2023-08-25,0.0337889567017555,0.4637825191020965,0.5024285316467285,AMZN,4,1387
2023-08-25,0.047413557767868,0.8368282318115234,0.1157581880688667,GS,3,1388
2023-08-25,0.0797763019800186,0.8831850290298462,0.0370387062430381,AAPL,4,1389
2023-08-25,0.0797763019800186,0.8831850290298462,0.0370387062430381,AMZN,4,1390
2023-08-25,0.0797763019800186,0.8831850290298462,0.0370387062430381,MSFT,2,1391
2023-08-25,0.2484497427940368,0.4140627384185791,0.3374875485897064,F,4,1392
2023-08-25,0.0571115389466285,0.7523421049118042,0.1905463486909866,DIS,4,1393
2023-08-25,0.025342958047986,0.9502848386764526,0.0243721771985292,AMZN,4,1394
2023-08-25,0.025342958047986,0.9502848386764526,0.0243721771985292,DIS,4,1395
2023-08-25,0.025342958047986,0.9502848386764526,0.0243721771985292,MSFT,3,1396
2023-08-25,0.0569326505064964,0.927158534526825,0.0159088037908077,UBER,5,1397
2023-08-25,0.0642775446176529,0.8423925042152405,0.0933299139142036,AMD,3,1398
2023-08-25,0.0642775446176529,0.8423925042152405,0.0933299139142036,NVDA,4,1399
2023-08-25,0.025342958047986,0.9502848386764526,0.0243721771985292,AMZN,4,1400
2023-08-25,0.025342958047986,0.9502848386764526,0.0243721771985292,DIS,1,1401
2023-08-25,0.025342958047986,0.9502848386764526,0.0243721771985292,MSFT,4,1402
2023-08-25,0.0797763019800186,0.8831850290298462,0.0370387062430381,AAPL,3,1403
2023-08-25,0.0797763019800186,0.8831850290298462,0.0370387062430381,AMZN,4,1404
2023-08-25,0.0797763019800186,0.8831850290298462,0.0370387062430381,MSFT,3,1405
2023-08-25,0.0525767318904399,0.9156813621520996,0.0317419692873954,AMZN,3,1406
2023-08-25,0.0337889567017555,0.4637825191020965,0.5024285316467285,AMZN,5,1407
2023-08-25,0.0337889567017555,0.4637825191020965,0.5024285316467285,WMT,5,1408
2023-08-25,0.0797763019800186,0.8831850290298462,0.0370387062430381,AAPL,3,1409
2023-08-25,0.0797763019800186,0.8831850290298462,0.0370387062430381,AMZN,4,1410
2023-08-25,0.0797763019800186,0.8831850290298462,0.0370387062430381,MSFT,3,1411
2023-08-25,0.025342958047986,0.9502848386764526,0.0243721771985292,DIS,4,1412
2023-08-25,0.025342958047986,0.9502848386764526,0.0243721771985292,MSFT,3,1413
2023-08-25,0.025342958047986,0.9502848386764526,0.0243721771985292,AMZN,4,1414
2023-08-25,0.025342958047986,0.9502848386764526,0.0243721771985292,DIS,1,1415
2023-08-25,0.025342958047986,0.9502848386764526,0.0243721771985292,MSFT,3,1416
2023-08-25,0.0797763019800186,0.8831850290298462,0.0370387062430381,AAPL,3,1417
2023-08-25,0.0797763019800186,0.8831850290298462,0.0370387062430381,AMZN,4,1418
2023-08-25,0.0797763019800186,0.8831850290298462,0.0370387062430381,MSFT,3,1419
2023-08-25,0.047413557767868,0.8368282318115234,0.1157581880688667,GS,3,1420
2023-08-25,0.8917434215545654,0.0731242969632148,0.0351323634386062,NVDA,3,1421
2023-08-25,0.025342958047986,0.9502848386764526,0.0243721771985292,AMZN,3,1422
2023-08-25,0.025342958047986,0.9502848386764526,0.0243721771985292,DIS,5,1423
2023-08-25,0.025342958047986,0.9502848386764526,0.0243721771985292,MSFT,4,1424
2023-08-25,0.0571115389466285,0.7523421049118042,0.1905463486909866,DIS,3,1425
2023-08-25,0.0797763019800186,0.8831850290298462,0.0370387062430381,AMZN,1,1426
2023-08-25,0.0797763019800186,0.8831850290298462,0.0370387062430381,MSFT,4,1427
2023-08-25,0.0797763019800186,0.8831850290298462,0.0370387062430381,AAPL,2,1428
2023-08-25,0.0797763019800186,0.8831850290298462,0.0370387062430381,AMZN,5,1429
2023-08-25,0.0797763019800186,0.8831850290298462,0.0370387062430381,MSFT,2,1430
2023-08-25,0.025342958047986,0.9502848386764526,0.0243721771985292,AMZN,5,1431
2023-08-25,0.025342958047986,0.9502848386764526,0.0243721771985292,DIS,4,1432
2023-08-25,0.025342958047986,0.9502848386764526,0.0243721771985292,MSFT,3,1433
2023-08-25,0.0201628562062978,0.0296375565230846,0.9501996040344238,SPY,3,1434
2023-08-25,0.047413557767868,0.8368282318115234,0.1157581880688667,GS,5,1435
2023-08-25,0.0571115389466285,0.7523421049118042,0.1905463486909866,DIS,1,1436
2023-08-25,0.047413557767868,0.8368282318115234,0.1157581880688667,GS,3,1437
2023-08-25,0.0571115389466285,0.7523421049118042,0.1905463486909866,DIS,2,1438
2023-08-25,0.047413557767868,0.8368282318115234,0.1157581880688667,GS,5,1439
2023-08-25,0.025342958047986,0.9502848386764526,0.0243721771985292,AMZN,1,1440
2023-08-25,0.025342958047986,0.9502848386764526,0.0243721771985292,DIS,3,1441
2023-08-25,0.025342958047986,0.9502848386764526,0.0243721771985292,MSFT,1,1442
2023-08-25,0.025342958047986,0.9502848386764526,0.0243721771985292,AMZN,5,1443
2023-08-25,0.025342958047986,0.9502848386764526,0.0243721771985292,DIS,4,1444
2023-08-25,0.025342958047986,0.9502848386764526,0.0243721771985292,MSFT,1,1445
2023-08-25,0.0201628562062978,0.0296375565230846,0.9501996040344238,SPY,3,1446
2023-08-25,0.0571115389466285,0.7523421049118042,0.1905463486909866,DIS,5,1447
2023-08-25,0.0797763019800186,0.8831850290298462,0.0370387062430381,AAPL,3,1448
2023-08-25,0.047413557767868,0.8368282318115234,0.1157581880688667,GS,3,1449
2023-08-25,0.0797763019800186,0.8831850290298462,0.0370387062430381,AMZN,1,1450
2023-08-25,0.0797763019800186,0.8831850290298462,0.0370387062430381,MSFT,1,1451
2023-08-25,0.025342958047986,0.9502848386764526,0.0243721771985292,AMZN,4,1452
2023-08-25,0.025342958047986,0.9502848386764526,0.0243721771985292,DIS,3,1453
2023-08-25,0.025342958047986,0.9502848386764526,0.0243721771985292,MSFT,4,1454
2023-08-25,0.0571115389466285,0.7523421049118042,0.1905463486909866,DIS,2,1455
2023-08-25,0.025342958047986,0.9502848386764526,0.0243721771985292,AMZN,4,1456
2023-08-25,0.025342958047986,0.9502848386764526,0.0243721771985292,DIS,4,1457
2023-08-26,0.048123862594366,0.9312114715576172,0.0206646732985973,AAPL,4,1458
2023-08-27,0.1110482886433601,0.8071151971817017,0.081836499273777,AAPL,1,1459
2023-08-27,0.1533405780792236,0.6030701994895935,0.2435892522335052,F,3,1460
2023-08-27,0.0526054538786411,0.9270933866500854,0.0203011259436607,TSLA,1,1461
2023-08-27,0.0479310862720012,0.9324426054954528,0.0196263194084167,NVDA,5,1462
2023-08-27,0.0479310862720012,0.9324426054954528,0.0196263194084167,TSLA,3,1463
2023-08-28,0.0108189610764384,0.1091617867350578,0.8800191879272461,WMT,5,1464
2023-08-28,0.0356357209384441,0.5831074714660645,0.3812567889690399,SPY,2,1465
2023-08-28,0.8898158073425293,0.07422436773777,0.0359598062932491,GS,5,1466
2023-08-28,0.0356357209384441,0.5831074714660645,0.3812567889690399,SPY,2,1467
2023-08-28,0.0455527268350124,0.9256933331489564,0.028753962367773,AMZN,3,1468
2023-08-28,0.4940315783023834,0.4897454082965851,0.0162229854613542,AAPL,5,1469
2023-08-28,0.4940315783023834,0.4897454082965851,0.0162229854613542,NVDA,4,1470
2023-08-28,0.4940315783023834,0.4897454082965851,0.0162229854613542,AAPL,3,1471
2023-08-28,0.4940315783023834,0.4897454082965851,0.0162229854613542,NVDA,3,1472
2023-08-28,0.0356357209384441,0.5831074714660645,0.3812567889690399,SPY,2,1473
2023-08-28,0.0356357209384441,0.5831074714660645,0.3812567889690399,SPY,2,1474
2023-08-28,0.4940315783023834,0.4897454082965851,0.0162229854613542,AAPL,4,1475
2023-08-28,0.4940315783023834,0.4897454082965851,0.0162229854613542,NVDA,1,1476
2023-08-28,0.0356357209384441,0.5831074714660645,0.3812567889690399,SPY,3,1477
2023-08-28,0.4940315783023834,0.4897454082965851,0.0162229854613542,AAPL,3,1478
2023-08-28,0.4940315783023834,0.4897454082965851,0.0162229854613542,NVDA,4,1479
2023-08-28,0.4940315783023834,0.4897454082965851,0.0162229854613542,AAPL,5,1480
2023-08-28,0.4940315783023834,0.4897454082965851,0.0162229854613542,NVDA,5,1481
2023-08-28,0.8898158073425293,0.07422436773777,0.0359598062932491,GS,5,1482
2023-08-28,0.0488509237766265,0.9216132760047911,0.0295357722789049,NVDA,2,1483
2023-08-28,0.8898158073425293,0.07422436773777,0.0359598062932491,GS,3,1484
2023-08-28,0.4940315783023834,0.4897454082965851,0.0162229854613542,AAPL,3,1485
2023-08-28,0.4940315783023834,0.4897454082965851,0.0162229854613542,NVDA,5,1486
2023-08-28,0.1092588230967521,0.8643014430999756,0.0264397729188203,MSFT,4,1487
2023-08-28,0.0472770184278488,0.9319915175437928,0.0207314323633909,AAPL,1,1488
2023-08-28,0.0128619959577918,0.1025349721312522,0.8846030831336975,TSLA,2,1489
2023-08-28,0.0159227270632982,0.2400568574666977,0.744020402431488,TSLA,5,1490
2023-08-28,0.0341147370636463,0.9389703273773192,0.0269149374216794,AAPL,5,1491
2023-08-28,0.8898158073425293,0.07422436773777,0.0359598062932491,GS,5,1492
2023-08-28,0.0356357209384441,0.5831074714660645,0.3812567889690399,SPY,3,1493
2023-08-28,0.0356357209384441,0.5831074714660645,0.3812567889690399,SPY,2,1494
2023-08-28,0.4940315783023834,0.4897454082965851,0.0162229854613542,AAPL,5,1495
2023-08-28,0.4940315783023834,0.4897454082965851,0.0162229854613542,NVDA,3,1496
2023-08-28,0.8898158073425293,0.07422436773777,0.0359598062932491,GS,3,1497
2023-08-28,0.0455527268350124,0.9256933331489564,0.028753962367773,AMZN,3,1498
2023-08-28,0.8898158073425293,0.07422436773777,0.0359598062932491,GS,5,1499
2023-08-28,0.0356357209384441,0.5831074714660645,0.3812567889690399,SPY,3,1500
2023-08-28,0.0379134304821491,0.9415765404701232,0.0205100700259208,GS,3,1501
2023-08-28,0.0318193957209587,0.9429964423179626,0.0251841116696596,GS,4,1502
2023-08-28,0.037648893892765,0.8163825869560242,0.145968496799469,DIS,5,1503
2023-08-28,0.033690121024847,0.9388490915298462,0.0274607799947261,GOOG,5,1504
2023-08-28,0.4940315783023834,0.4897454082965851,0.0162229854613542,AAPL,4,1505
2023-08-28,0.4940315783023834,0.4897454082965851,0.0162229854613542,NVDA,4,1506
2023-08-28,0.0356357209384441,0.5831074714660645,0.3812567889690399,SPY,2,1507
2023-08-28,0.0349586494266986,0.9371697306632996,0.0278716310858726,GS,5,1508
2023-08-28,0.0382559932768344,0.9377028346061708,0.0240411236882209,F,3,1509
2023-08-28,0.0356357209384441,0.5831074714660645,0.3812567889690399,SPY,2,1510
2023-08-28,0.0356357209384441,0.5831074714660645,0.3812567889690399,SPY,2,1511
2023-08-28,0.4940315783023834,0.4897454082965851,0.0162229854613542,AAPL,2,1512
2023-08-28,0.4940315783023834,0.4897454082965851,0.0162229854613542,NVDA,3,1513
2023-08-28,0.0356357209384441,0.5831074714660645,0.3812567889690399,SPY,4,1514
2023-08-28,0.8898158073425293,0.07422436773777,0.0359598062932491,GS,1,1515
2023-08-28,0.4940315783023834,0.4897454082965851,0.0162229854613542,AAPL,2,1516
2023-08-28,0.4940315783023834,0.4897454082965851,0.0162229854613542,NVDA,1,1517
2023-08-28,0.4940315783023834,0.4897454082965851,0.0162229854613542,AAPL,2,1518
2023-08-28,0.4940315783023834,0.4897454082965851,0.0162229854613542,NVDA,3,1519
2023-08-28,0.0356357209384441,0.5831074714660645,0.3812567889690399,SPY,2,1520
2023-08-28,0.0356357209384441,0.5831074714660645,0.3812567889690399,SPY,2,1521
2023-08-28,0.0356357209384441,0.5831074714660645,0.3812567889690399,SPY,2,1522
2023-08-28,0.4940315783023834,0.4897454082965851,0.0162229854613542,NVDA,2,1523
2023-08-29,0.9475827217102052,0.025915028527379,0.0265022348612546,GOOG,3,1524
2023-08-29,0.5873903036117554,0.0341398976743221,0.3784697949886322,AAPL,3,1525
2023-08-29,0.0180549137294292,0.2453670799732208,0.7365779876708984,GS,1,1526
2023-08-29,0.9389415383338928,0.0373386144638061,0.0237198192626237,GOOG,1,1527
2023-08-29,0.5873903036117554,0.0341398976743221,0.3784697949886322,AAPL,3,1528
2023-08-29,0.0354796685278415,0.9362061023712158,0.028314184397459,AMZN,1,1529
2023-08-29,0.0398456044495105,0.936247706413269,0.0239066611975431,NVDA,1,1530
2023-08-29,0.0097123412415385,0.0255758166313171,0.9647119045257568,AMZN,3,1531
2023-08-29,0.0359762012958526,0.8270173072814941,0.1370064318180084,BRK,5,1532
2023-08-29,0.0359762012958526,0.8270173072814941,0.1370064318180084,BRK,1,1533
2023-08-29,0.5873903036117554,0.0341398976743221,0.3784697949886322,AAPL,3,1534
2023-08-29,0.0501798279583454,0.9319383502006532,0.0178818367421627,GS,3,1535
2023-08-29,0.1860326826572418,0.8042741417884827,0.0096932165324687,TSLA,3,1536
2023-08-29,0.5873903036117554,0.0341398976743221,0.3784697949886322,AAPL,3,1537
2023-08-29,0.0745936185121536,0.8999916315078735,0.0254147015511989,AAPL,3,1538
2023-08-29,0.1995882391929626,0.583757758140564,0.216653972864151,AAPL,5,1539
2023-08-29,0.5873903036117554,0.0341398976743221,0.3784697949886322,AAPL,3,1540
2023-08-29,0.5873903036117554,0.0341398976743221,0.3784697949886322,AAPL,3,1541
2023-08-29,0.5873903036117554,0.0341398976743221,0.3784697949886322,AAPL,5,1542
2023-08-29,0.1018254682421684,0.8441702127456665,0.0540043488144874,F,3,1543
2023-08-29,0.5873903036117554,0.0341398976743221,0.3784697949886322,AAPL,3,1544
2023-08-29,0.5873903036117554,0.0341398976743221,0.3784697949886322,AAPL,3,1545
2023-08-29,0.2370902746915817,0.7493181228637695,0.0135915912687778,TSLA,5,1546
2023-08-29,0.5873903036117554,0.0341398976743221,0.3784697949886322,AAPL,3,1547
2023-08-30,0.0328007861971855,0.9374427199363708,0.0297564212232828,AAPL,3,1548
2023-08-30,0.0294537786394357,0.935234785079956,0.0353114828467369,AMZN,1,1549
2023-08-30,0.0657941997051239,0.8937134742736816,0.040492370724678,KO,5,1550
2023-08-30,0.0907986611127853,0.8769596219062805,0.0322417467832565,WMT,3,1551
2023-08-30,0.0634493231773376,0.9155322313308716,0.0210184846073389,MSFT,5,1552
2023-08-30,0.0634493231773376,0.9155322313308716,0.0210184846073389,NVDA,4,1553
2023-08-30,0.0634493231773376,0.9155322313308716,0.0210184846073389,TSLA,4,1554
2023-08-30,0.0551584213972091,0.8665281534194946,0.0783134028315544,TSLA,3,1555
2023-08-30,0.0657941997051239,0.8937134742736816,0.040492370724678,KO,4,1556
2023-08-30,0.0907986611127853,0.8769596219062805,0.0322417467832565,WMT,3,1557
2023-08-30,0.0551584213972091,0.8665281534194946,0.0783134028315544,TSLA,1,1558
2023-08-30,0.1321042627096176,0.0283077824860811,0.8395878672599792,AAPL,3,1559
2023-08-30,0.0657941997051239,0.8937134742736816,0.040492370724678,KO,3,1560
2023-08-30,0.0272135976701974,0.7138072848320007,0.2589791417121887,TSLA,2,1561
2023-08-30,0.1321042627096176,0.0283077824860811,0.8395878672599792,AAPL,4,1562
2023-08-30,0.0907986611127853,0.8769596219062805,0.0322417467832565,WMT,3,1563
2023-08-30,0.0657941997051239,0.8937134742736816,0.040492370724678,KO,3,1564
2023-08-30,0.1106200590729713,0.8780137896537781,0.0113661400973796,AMZN,2,1565
2023-08-30,0.0551584213972091,0.8665281534194946,0.0783134028315544,TSLA,1,1566
2023-08-30,0.0907986611127853,0.8769596219062805,0.0322417467832565,WMT,5,1567
2023-08-30,0.0907986611127853,0.8769596219062805,0.0322417467832565,WMT,3,1568
2023-08-30,0.1321042627096176,0.0283077824860811,0.8395878672599792,AAPL,5,1569
2023-08-30,0.1321042627096176,0.0283077824860811,0.8395878672599792,AAPL,3,1570
2023-08-30,0.1321042627096176,0.0283077824860811,0.8395878672599792,AAPL,5,1571
2023-08-30,0.0551584213972091,0.8665281534194946,0.0783134028315544,TSLA,3,1572
2023-08-30,0.1321042627096176,0.0283077824860811,0.8395878672599792,AAPL,5,1573
2023-08-30,0.0442846901714801,0.9408144354820251,0.0149008790031075,MSFT,3,1574
2023-08-30,0.0907986611127853,0.8769596219062805,0.0322417467832565,WMT,1,1575
2023-08-30,0.7391090393066406,0.1792923957109451,0.0815985426306724,AMZN,3,1576
2023-08-30,0.0657941997051239,0.8937134742736816,0.040492370724678,KO,5,1577
2023-08-30,0.0551584213972091,0.8665281534194946,0.0783134028315544,TSLA,5,1578
2023-08-30,0.3620440661907196,0.6280545592308044,0.0099013885483145,MSFT,5,1579
2023-08-30,0.3620440661907196,0.6280545592308044,0.0099013885483145,NVDA,1,1580
2023-08-30,0.0541918948292732,0.9282175302505492,0.0175905507057905,DIS,3,1581
2023-08-30,0.0657941997051239,0.8937134742736816,0.040492370724678,KO,3,1582
2023-08-30,0.0907986611127853,0.8769596219062805,0.0322417467832565,WMT,3,1583
2023-08-30,0.0113725122064352,0.0664452463388443,0.9221821427345276,WMT,3,1584
2023-08-30,0.0846398249268531,0.9045251607894896,0.0108350226655602,WMT,5,1585
2023-08-30,0.0391219146549701,0.833188533782959,0.1276895403861999,NVDA,3,1586
2023-08-30,0.0634493231773376,0.9155322313308716,0.0210184846073389,MSFT,3,1587
2023-08-30,0.0634493231773376,0.9155322313308716,0.0210184846073389,NVDA,5,1588
2023-08-30,0.0634493231773376,0.9155322313308716,0.0210184846073389,TSLA,5,1589
2023-08-30,0.0551584213972091,0.8665281534194946,0.0783134028315544,TSLA,1,1590
2023-08-30,0.0907986611127853,0.8769596219062805,0.0322417467832565,WMT,5,1591
2023-08-30,0.1321042627096176,0.0283077824860811,0.8395878672599792,AAPL,1,1592
2023-08-30,0.1321042627096176,0.0283077824860811,0.8395878672599792,AAPL,3,1593
2023-08-30,0.0907986611127853,0.8769596219062805,0.0322417467832565,WMT,4,1594
2023-08-30,0.7391090393066406,0.1792923957109451,0.0815985426306724,AMZN,3,1595
2023-08-30,0.1714764535427093,0.0205261632800102,0.8079974055290222,AMZN,4,1596
2023-08-30,0.0095206089317798,0.0453691855072975,0.9451102018356324,WMT,1,1597
2023-08-30,0.1321042627096176,0.0283077824860811,0.8395878672599792,AAPL,3,1598
2023-08-30,0.0634493231773376,0.9155322313308716,0.0210184846073389,MSFT,3,1599
2023-08-30,0.0634493231773376,0.9155322313308716,0.0210184846073389,NVDA,3,1600
2023-08-30,0.0634493231773376,0.9155322313308716,0.0210184846073389,TSLA,5,1601
2023-08-30,0.0657941997051239,0.8937134742736816,0.040492370724678,KO,5,1602
2023-08-30,0.0551584213972091,0.8665281534194946,0.0783134028315544,TSLA,4,1603
2023-08-30,0.0657941997051239,0.8937134742736816,0.040492370724678,KO,3,1604
2023-08-30,0.1321042627096176,0.0283077824860811,0.8395878672599792,AAPL,3,1605
2023-08-30,0.0907986611127853,0.8769596219062805,0.0322417467832565,WMT,2,1606
2023-08-30,0.1321042627096176,0.0283077824860811,0.8395878672599792,AAPL,3,1607
2023-08-30,0.1321042627096176,0.0283077824860811,0.8395878672599792,AAPL,3,1608
2023-08-30,0.1321042627096176,0.0283077824860811,0.8395878672599792,AAPL,4,1609
2023-08-30,0.0113725122064352,0.0664452463388443,0.9221821427345276,AMZN,5,1610
2023-08-30,0.0113725122064352,0.0664452463388443,0.9221821427345276,WMT,5,1611
2023-08-30,0.0551584213972091,0.8665281534194946,0.0783134028315544,TSLA,1,1612
2023-08-30,0.0657941997051239,0.8937134742736816,0.040492370724678,KO,3,1613
2023-08-31,0.0776721686124801,0.7792819142341614,0.1430459916591644,AMZN,5,1614
2023-08-31,0.0693716332316398,0.8632773160934448,0.0673510581254959,BRK,5,1615
2023-08-31,0.0693716332316398,0.8632773160934448,0.0673510581254959,BRK,4,1616
2023-08-31,0.0235819313675165,0.7485369443893433,0.2278811633586883,GS,2,1617
2023-08-31,0.4319548606872558,0.0431387647986412,0.5249063968658447,GS,5,1618
2023-08-31,0.1025192216038703,0.8862995505332947,0.0111812679097056,AMZN,3,1619
2023-08-31,0.1025192216038703,0.8862995505332947,0.0111812679097056,DIS,3,1620
2023-08-31,0.1025192216038703,0.8862995505332947,0.0111812679097056,MSFT,5,1621
2023-08-31,0.4319548606872558,0.0431387647986412,0.5249063968658447,GS,2,1622
2023-08-31,0.4319548606872558,0.0431387647986412,0.5249063968658447,GS,3,1623
2023-08-31,0.4319548606872558,0.0431387647986412,0.5249063968658447,GS,1,1624
2023-08-31,0.1025192216038703,0.8862995505332947,0.0111812679097056,AMZN,3,1625
2023-08-31,0.1025192216038703,0.8862995505332947,0.0111812679097056,DIS,3,1626
2023-08-31,0.1025192216038703,0.8862995505332947,0.0111812679097056,MSFT,5,1627
2023-08-31,0.0908971279859542,0.0796026960015297,0.829500138759613,F,2,1628
2023-08-31,0.0908971279859542,0.0796026960015297,0.829500138759613,TSLA,1,1629
2023-08-31,0.0693716332316398,0.8632773160934448,0.0673510581254959,BRK,4,1630
2023-08-31,0.0693716332316398,0.8632773160934448,0.0673510581254959,BRK,3,1631
2023-08-31,0.0693716332316398,0.8632773160934448,0.0673510581254959,BRK,5,1632
2023-08-31,0.040588941425085,0.5421547293663025,0.4172563850879669,AMD,5,1633
2023-08-31,0.040588941425085,0.5421547293663025,0.4172563850879669,NVDA,5,1634
2023-08-31,0.0620317161083221,0.583286702632904,0.354681521654129,AMD,5,1635
2023-08-31,0.0620317161083221,0.583286702632904,0.354681521654129,NVDA,4,1636
2023-08-31,0.0584020279347896,0.8590956926345825,0.0825023055076599,GOOG,5,1637
2023-08-31,0.0584020279347896,0.8590956926345825,0.0825023055076599,UBER,5,1638
2023-08-31,0.0110297938808798,0.0257288832217454,0.9632412791252136,NVDA,3,1639
2023-08-31,0.0908971279859542,0.0796026960015297,0.829500138759613,F,2,1640
2023-08-31,0.0908971279859542,0.0796026960015297,0.829500138759613,TSLA,5,1641
2023-08-31,0.0110297938808798,0.0257288832217454,0.9632412791252136,NVDA,3,1642
2023-08-31,0.1025192216038703,0.8862995505332947,0.0111812679097056,DIS,5,1643
2023-08-31,0.1025192216038703,0.8862995505332947,0.0111812679097056,MSFT,3,1644
2023-08-31,0.0502059608697891,0.0220384858548641,0.9277555346488952,MSFT,3,1645
2023-08-31,0.0776721686124801,0.7792819142341614,0.1430459916591644,AMZN,4,1646
2023-08-31,0.4319548606872558,0.0431387647986412,0.5249063968658447,GS,2,1647
2023-08-31,0.0397036708891391,0.9388183951377868,0.0214778911322355,GOOG,5,1648
2023-08-31,0.0307723004370927,0.8582876324653625,0.1109400615096092,DIS,5,1649
2023-08-31,0.1025192216038703,0.8862995505332947,0.0111812679097056,DIS,5,1650
2023-08-31,0.1025192216038703,0.8862995505332947,0.0111812679097056,MSFT,5,1651
2023-08-31,0.0584020279347896,0.8590956926345825,0.0825023055076599,GOOG,1,1652
2023-08-31,0.0584020279347896,0.8590956926345825,0.0825023055076599,UBER,3,1653
2023-08-31,0.0110297938808798,0.0257288832217454,0.9632412791252136,NVDA,3,1654
2023-08-31,0.0110297938808798,0.0257288832217454,0.9632412791252136,NVDA,5,1655
2023-08-31,0.0693716332316398,0.8632773160934448,0.0673510581254959,BRK,3,1656
2023-08-31,0.0110297938808798,0.0257288832217454,0.9632412791252136,NVDA,4,1657
2023-08-31,0.1025192216038703,0.8862995505332947,0.0111812679097056,AMZN,3,1658
2023-08-31,0.1025192216038703,0.8862995505332947,0.0111812679097056,DIS,3,1659
2023-08-31,0.1025192216038703,0.8862995505332947,0.0111812679097056,MSFT,3,1660
2023-08-31,0.0110297938808798,0.0257288832217454,0.9632412791252136,NVDA,3,1661
2023-08-31,0.0693716332316398,0.8632773160934448,0.0673510581254959,BRK,3,1662
2023-08-31,0.1025192216038703,0.8862995505332947,0.0111812679097056,AMZN,2,1663
2023-08-31,0.1025192216038703,0.8862995505332947,0.0111812679097056,DIS,3,1664
2023-08-31,0.1025192216038703,0.8862995505332947,0.0111812679097056,MSFT,3,1665
2023-08-31,0.0110297938808798,0.0257288832217454,0.9632412791252136,NVDA,4,1666
2023-08-31,0.1025192216038703,0.8862995505332947,0.0111812679097056,AMZN,4,1667
2023-08-31,0.1025192216038703,0.8862995505332947,0.0111812679097056,DIS,5,1668
2023-08-31,0.1025192216038703,0.8862995505332947,0.0111812679097056,MSFT,5,1669
2023-08-31,0.0502059608697891,0.0220384858548641,0.9277555346488952,MSFT,4,1670
2023-08-31,0.0693716332316398,0.8632773160934448,0.0673510581254959,BRK,5,1671
2023-08-31,0.0776721686124801,0.7792819142341614,0.1430459916591644,AMZN,3,1672
2023-08-31,0.0110297938808798,0.0257288832217454,0.9632412791252136,NVDA,2,1673
2023-08-31,0.4319548606872558,0.0431387647986412,0.5249063968658447,GS,1,1674
2023-08-31,0.1025192216038703,0.8862995505332947,0.0111812679097056,AMZN,4,1675
2023-08-31,0.1025192216038703,0.8862995505332947,0.0111812679097056,DIS,1,1676
2023-08-31,0.1025192216038703,0.8862995505332947,0.0111812679097056,MSFT,3,1677
2023-08-31,0.4319548606872558,0.0431387647986412,0.5249063968658447,GS,3,1678
2023-08-31,0.0502059608697891,0.0220384858548641,0.9277555346488952,MSFT,5,1679
2023-08-31,0.0776721686124801,0.7792819142341614,0.1430459916591644,AMZN,1,1680
2023-08-31,0.1025192216038703,0.8862995505332947,0.0111812679097056,AMZN,4,1681
2023-08-31,0.1025192216038703,0.8862995505332947,0.0111812679097056,DIS,5,1682
2023-08-31,0.1025192216038703,0.8862995505332947,0.0111812679097056,MSFT,3,1683
2023-08-31,0.040588941425085,0.5421547293663025,0.4172563850879669,AMD,5,1684
2023-08-31,0.040588941425085,0.5421547293663025,0.4172563850879669,NVDA,4,1685
2023-08-31,0.0776721686124801,0.7792819142341614,0.1430459916591644,AMZN,3,1686
2023-08-31,0.0776721686124801,0.7792819142341614,0.1430459916591644,AMZN,4,1687
2023-08-31,0.0110297938808798,0.0257288832217454,0.9632412791252136,NVDA,4,1688
2023-08-31,0.1025192216038703,0.8862995505332947,0.0111812679097056,AMZN,1,1689
2023-08-31,0.1025192216038703,0.8862995505332947,0.0111812679097056,DIS,5,1690
2023-08-31,0.1025192216038703,0.8862995505332947,0.0111812679097056,MSFT,1,1691
2023-08-31,0.0502059608697891,0.0220384858548641,0.9277555346488952,MSFT,2,1692
2023-08-31,0.0110297938808798,0.0257288832217454,0.9632412791252136,NVDA,3,1693
2023-08-31,0.1025192216038703,0.8862995505332947,0.0111812679097056,AMZN,3,1694
2023-08-31,0.1025192216038703,0.8862995505332947,0.0111812679097056,MSFT,2,1695
2023-08-31,0.4319548606872558,0.0431387647986412,0.5249063968658447,GS,4,1696
2023-08-31,0.1482507884502411,0.8435280323028564,0.0082211606204509,MSFT,5,1697
2023-08-31,0.0110297938808798,0.0257288832217454,0.9632412791252136,NVDA,1,1698
2023-08-31,0.0441006459295749,0.9354034066200256,0.0204959381371736,NVDA,2,1699
2023-08-31,0.1025192216038703,0.8862995505332947,0.0111812679097056,AMZN,2,1700
2023-08-31,0.1025192216038703,0.8862995505332947,0.0111812679097056,DIS,3,1701
2023-08-31,0.1025192216038703,0.8862995505332947,0.0111812679097056,MSFT,3,1702
2023-08-31,0.0620317161083221,0.583286702632904,0.354681521654129,NVDA,5,1703
2023-08-31,0.0110297938808798,0.0257288832217454,0.9632412791252136,NVDA,3,1704
2023-08-31,0.3448332250118255,0.0916879028081893,0.5634788870811462,NVDA,4,1705
2023-08-31,0.0693716332316398,0.8632773160934448,0.0673510581254959,BRK,4,1706
2023-08-31,0.1025192216038703,0.8862995505332947,0.0111812679097056,AMZN,3,1707
2023-08-31,0.1025192216038703,0.8862995505332947,0.0111812679097056,DIS,1,1708
2023-08-31,0.1025192216038703,0.8862995505332947,0.0111812679097056,MSFT,3,1709
2023-08-31,0.0110297938808798,0.0257288832217454,0.9632412791252136,NVDA,3,1710
2023-08-31,0.0693716332316398,0.8632773160934448,0.0673510581254959,BRK,4,1711
2023-08-31,0.0170586071908473,0.0165048316121101,0.966436505317688,AMZN,5,1712
2023-08-31,0.0110297938808798,0.0257288832217454,0.9632412791252136,NVDA,5,1713
2023-08-31,0.0110297938808798,0.0257288832217454,0.9632412791252136,NVDA,1,1714
2023-08-31,0.1025192216038703,0.8862995505332947,0.0111812679097056,AMZN,3,1715
2023-08-31,0.1025192216038703,0.8862995505332947,0.0111812679097056,DIS,5,1716
2023-08-31,0.1025192216038703,0.8862995505332947,0.0111812679097056,MSFT,3,1717
2023-08-31,0.0467702820897102,0.9298264384269714,0.0234032347798347,NVDA,5,1718
2023-08-31,0.0776721686124801,0.7792819142341614,0.1430459916591644,AMZN,1,1719
2023-08-31,0.1809226125478744,0.8031787872314453,0.0158985648304224,NVDA,3,1720
2023-08-31,0.0110297938808798,0.0257288832217454,0.9632412791252136,NVDA,4,1721
2023-08-31,0.4319548606872558,0.0431387647986412,0.5249063968658447,GS,3,1722
2023-08-31,0.0502059608697891,0.0220384858548641,0.9277555346488952,MSFT,3,1723
2023-08-31,0.0776721686124801,0.7792819142341614,0.1430459916591644,AMZN,3,1724
2023-08-31,0.0110297938808798,0.0257288832217454,0.9632412791252136,NVDA,5,1725
2023-08-31,0.1025192216038703,0.8862995505332947,0.0111812679097056,AMZN,3,1726
2023-08-31,0.1025192216038703,0.8862995505332947,0.0111812679097056,DIS,3,1727
2023-08-31,0.1025192216038703,0.8862995505332947,0.0111812679097056,MSFT,3,1728
2023-08-31,0.4319548606872558,0.0431387647986412,0.5249063968658447,GS,3,1729
2023-08-31,0.0502059608697891,0.0220384858548641,0.9277555346488952,MSFT,3,1730
2023-08-31,0.0110297938808798,0.0257288832217454,0.9632412791252136,NVDA,3,1731
2023-08-31,0.0502059608697891,0.0220384858548641,0.9277555346488952,MSFT,3,1732
2023-08-31,0.1025192216038703,0.8862995505332947,0.0111812679097056,AMZN,5,1733
2023-08-31,0.1025192216038703,0.8862995505332947,0.0111812679097056,DIS,3,1734
2023-08-31,0.1025192216038703,0.8862995505332947,0.0111812679097056,MSFT,1,1735
2023-08-31,0.4319548606872558,0.0431387647986412,0.5249063968658447,GS,5,1736
2023-08-31,0.0776721686124801,0.7792819142341614,0.1430459916591644,AMZN,3,1737
2023-08-31,0.0693716332316398,0.8632773160934448,0.0673510581254959,BRK,3,1738
2023-08-31,0.0776721686124801,0.7792819142341614,0.1430459916591644,AMZN,1,1739
2023-08-31,0.4319548606872558,0.0431387647986412,0.5249063968658447,GS,5,1740
2023-08-31,0.0693716332316398,0.8632773160934448,0.0673510581254959,BRK,5,1741
2023-08-31,0.1025192216038703,0.8862995505332947,0.0111812679097056,AMZN,5,1742
2023-08-31,0.1025192216038703,0.8862995505332947,0.0111812679097056,DIS,4,1743
2023-08-31,0.1025192216038703,0.8862995505332947,0.0111812679097056,MSFT,4,1744
2023-09-01,0.0303239841014146,0.0098285973072052,0.9598474502563475,AAPL,1,1745
2023-09-01,0.0303239841014146,0.0098285973072052,0.9598474502563475,MSFT,4,1746
2023-09-01,0.0303239841014146,0.0098285973072052,0.9598474502563475,NVDA,5,1747
2023-09-01,0.0303239841014146,0.0098285973072052,0.9598474502563475,AAPL,4,1748
2023-09-01,0.0303239841014146,0.0098285973072052,0.9598474502563475,MSFT,4,1749
2023-09-01,0.0303239841014146,0.0098285973072052,0.9598474502563475,NVDA,3,1750
2023-09-01,0.0669767260551452,0.916397988796234,0.0166253577917814,NVDA,3,1751
2023-09-01,0.1898189634084701,0.7990346550941467,0.0111463293433189,F,3,1752
2023-09-01,0.1898189634084701,0.7990346550941467,0.0111463293433189,F,3,1753
2023-09-01,0.1898189634084701,0.7990346550941467,0.0111463293433189,F,3,1754
2023-09-01,0.0669767260551452,0.916397988796234,0.0166253577917814,NVDA,5,1755
2023-09-01,0.0862057656049728,0.8249602317810059,0.0888340026140213,AMD,5,1756
2023-09-01,0.098900057375431,0.8784888982772827,0.0226110238581895,AMZN,3,1757
2023-09-01,0.7222259044647217,0.0460869967937469,0.2316870540380478,NVDA,3,1758
2023-09-01,0.1086875721812248,0.7616264224052429,0.1296860873699188,AMD,3,1759
2023-09-01,0.1086875721812248,0.7616264224052429,0.1296860873699188,AMZN,4,1760
2023-09-01,0.1086875721812248,0.7616264224052429,0.1296860873699188,NVDA,3,1761
2023-09-01,0.0292820688337087,0.9382777214050292,0.0324401706457138,AMZN,1,1762
2023-09-01,0.0823952108621597,0.5984892845153809,0.3191154599189758,AMZN,3,1763
2023-09-01,0.0303239841014146,0.0098285973072052,0.9598474502563475,AAPL,4,1764
2023-09-01,0.0303239841014146,0.0098285973072052,0.9598474502563475,MSFT,3,1765
2023-09-01,0.0303239841014146,0.0098285973072052,0.9598474502563475,NVDA,5,1766
2023-09-01,0.062572032213211,0.9193505048751832,0.0180775169283151,NVDA,2,1767
2023-09-01,0.1086875721812248,0.7616264224052429,0.1296860873699188,AAPL,3,1768
2023-09-01,0.1086875721812248,0.7616264224052429,0.1296860873699188,AMD,5,1769
2023-09-01,0.1086875721812248,0.7616264224052429,0.1296860873699188,AMZN,1,1770
2023-09-01,0.1086875721812248,0.7616264224052429,0.1296860873699188,NVDA,3,1771
2023-09-01,0.0945988371968269,0.0208718348294496,0.8845292925834656,NVDA,1,1772
2023-09-01,0.0862057656049728,0.8249602317810059,0.0888340026140213,AMD,2,1773
2023-09-01,0.0534769631922245,0.0260516591370105,0.9204713702201844,GS,3,1774
2023-09-01,0.0203565899282693,0.323485255241394,0.6561581492424011,DIS,3,1775
2023-09-01,0.0534769631922245,0.0260516591370105,0.9204713702201844,GS,3,1776
2023-09-01,0.0669767260551452,0.916397988796234,0.0166253577917814,NVDA,4,1777
2023-09-01,0.0303239841014146,0.0098285973072052,0.9598474502563475,AAPL,2,1778
2023-09-01,0.0303239841014146,0.0098285973072052,0.9598474502563475,MSFT,5,1779
2023-09-01,0.0303239841014146,0.0098285973072052,0.9598474502563475,NVDA,4,1780
2023-09-01,0.0303239841014146,0.0098285973072052,0.9598474502563475,AAPL,3,1781
2023-09-01,0.0303239841014146,0.0098285973072052,0.9598474502563475,MSFT,4,1782
2023-09-01,0.0303239841014146,0.0098285973072052,0.9598474502563475,NVDA,2,1783
2023-09-01,0.0669767260551452,0.916397988796234,0.0166253577917814,NVDA,3,1784
2023-09-01,0.0669767260551452,0.916397988796234,0.0166253577917814,NVDA,3,1785
2023-09-01,0.0303239841014146,0.0098285973072052,0.9598474502563475,AAPL,3,1786
2023-09-01,0.0303239841014146,0.0098285973072052,0.9598474502563475,MSFT,3,1787
2023-09-01,0.0303239841014146,0.0098285973072052,0.9598474502563475,NVDA,3,1788
2023-09-01,0.0303239841014146,0.0098285973072052,0.9598474502563475,AAPL,3,1789
2023-09-01,0.0303239841014146,0.0098285973072052,0.9598474502563475,MSFT,5,1790
2023-09-01,0.0303239841014146,0.0098285973072052,0.9598474502563475,NVDA,4,1791
2023-09-01,0.1898189634084701,0.7990346550941467,0.0111463293433189,F,5,1792
2023-09-01,0.1086875721812248,0.7616264224052429,0.1296860873699188,AAPL,4,1793
2023-09-01,0.1086875721812248,0.7616264224052429,0.1296860873699188,AMD,2,1794
2023-09-01,0.1086875721812248,0.7616264224052429,0.1296860873699188,AMZN,3,1795
2023-09-01,0.1898189634084701,0.7990346550941467,0.0111463293433189,F,3,1796
2023-09-01,0.0303239841014146,0.0098285973072052,0.9598474502563475,AAPL,3,1797
2023-09-01,0.0303239841014146,0.0098285973072052,0.9598474502563475,MSFT,5,1798
2023-09-01,0.1898189634084701,0.7990346550941467,0.0111463293433189,F,1,1799
2023-09-01,0.1898189634084701,0.7990346550941467,0.0111463293433189,F,4,1800
2023-09-01,0.0862057656049728,0.8249602317810059,0.0888340026140213,AMD,1,1801
2023-09-01,0.060735635459423,0.9125166535377502,0.0267476439476013,GS,3,1802
2023-09-01,0.0862057656049728,0.8249602317810059,0.0888340026140213,AMD,3,1803
2023-09-01,0.0862057656049728,0.8249602317810059,0.0888340026140213,AMD,3,1804
2023-09-01,0.9505192637443542,0.0355219431221485,0.0139588946476578,NVDA,5,1805
2023-09-01,0.0534769631922245,0.0260516591370105,0.9204713702201844,GS,3,1806
2023-09-01,0.0669767260551452,0.916397988796234,0.0166253577917814,NVDA,5,1807
2023-09-01,0.1898189634084701,0.7990346550941467,0.0111463293433189,F,5,1808
2023-09-01,0.1898189634084701,0.7990346550941467,0.0111463293433189,F,1,1809
2023-09-01,0.0862057656049728,0.8249602317810059,0.0888340026140213,AMD,4,1810
2023-09-01,0.1898189634084701,0.7990346550941467,0.0111463293433189,F,5,1811
2023-09-01,0.0534769631922245,0.0260516591370105,0.9204713702201844,GS,5,1812
2023-09-01,0.0303239841014146,0.0098285973072052,0.9598474502563475,AAPL,4,1813
2023-09-01,0.0303239841014146,0.0098285973072052,0.9598474502563475,MSFT,4,1814
2023-09-01,0.0303239841014146,0.0098285973072052,0.9598474502563475,NVDA,5,1815
2023-09-01,0.0534769631922245,0.0260516591370105,0.9204713702201844,GS,3,1816
2023-09-01,0.0862057656049728,0.8249602317810059,0.0888340026140213,AMD,5,1817
2023-09-01,0.1086875721812248,0.7616264224052429,0.1296860873699188,AAPL,3,1818
2023-09-01,0.1086875721812248,0.7616264224052429,0.1296860873699188,AMD,3,1819
2023-09-01,0.1086875721812248,0.7616264224052429,0.1296860873699188,AMZN,4,1820
2023-09-01,0.1086875721812248,0.7616264224052429,0.1296860873699188,NVDA,5,1821
2023-09-01,0.0303239841014146,0.0098285973072052,0.9598474502563475,AAPL,3,1822
2023-09-01,0.0303239841014146,0.0098285973072052,0.9598474502563475,MSFT,5,1823
2023-09-01,0.0303239841014146,0.0098285973072052,0.9598474502563475,NVDA,5,1824
2023-09-01,0.0669767260551452,0.916397988796234,0.0166253577917814,NVDA,3,1825
2023-09-01,0.0669767260551452,0.916397988796234,0.0166253577917814,NVDA,1,1826
2023-09-01,0.0669767260551452,0.916397988796234,0.0166253577917814,NVDA,2,1827
2023-09-01,0.0862057656049728,0.8249602317810059,0.0888340026140213,AMD,3,1828
2023-09-01,0.0303239841014146,0.0098285973072052,0.9598474502563475,AAPL,4,1829
2023-09-01,0.0303239841014146,0.0098285973072052,0.9598474502563475,MSFT,5,1830
2023-09-01,0.0303239841014146,0.0098285973072052,0.9598474502563475,NVDA,3,1831
2023-09-01,0.1898189634084701,0.7990346550941467,0.0111463293433189,F,2,1832
2023-09-01,0.1898189634084701,0.7990346550941467,0.0111463293433189,F,3,1833
2023-09-01,0.0534769631922245,0.0260516591370105,0.9204713702201844,GS,3,1834
2023-09-01,0.1898189634084701,0.7990346550941467,0.0111463293433189,F,4,1835
2023-09-01,0.0303239841014146,0.0098285973072052,0.9598474502563475,AAPL,5,1836
2023-09-01,0.0303239841014146,0.0098285973072052,0.9598474502563475,MSFT,3,1837
2023-09-01,0.0303239841014146,0.0098285973072052,0.9598474502563475,NVDA,5,1838
2023-09-01,0.0303239841014146,0.0098285973072052,0.9598474502563475,AAPL,3,1839
2023-09-01,0.0303239841014146,0.0098285973072052,0.9598474502563475,MSFT,3,1840
2023-09-01,0.0303239841014146,0.0098285973072052,0.9598474502563475,AAPL,2,1841
2023-09-01,0.0303239841014146,0.0098285973072052,0.9598474502563475,MSFT,3,1842
2023-09-01,0.0303239841014146,0.0098285973072052,0.9598474502563475,NVDA,5,1843
2023-09-01,0.2338099181652069,0.1151151731610298,0.6510748863220215,F,2,1844
2023-09-01,0.0669767260551452,0.916397988796234,0.0166253577917814,NVDA,3,1845
2023-09-01,0.0862057656049728,0.8249602317810059,0.0888340026140213,AMD,4,1846
2023-09-01,0.0423419065773487,0.669707179069519,0.2879509329795837,DIS,5,1847
2023-09-01,0.0534769631922245,0.0260516591370105,0.9204713702201844,GS,3,1848
2023-09-01,0.0136316139250993,0.0516698434948921,0.934698522090912,DIS,4,1849
2023-09-01,0.0303239841014146,0.0098285973072052,0.9598474502563475,AAPL,3,1850
2023-09-01,0.0303239841014146,0.0098285973072052,0.9598474502563475,MSFT,4,1851
2023-09-01,0.0303239841014146,0.0098285973072052,0.9598474502563475,NVDA,3,1852
2023-09-01,0.0862057656049728,0.8249602317810059,0.0888340026140213,AMD,4,1853
2023-09-01,0.0669767260551452,0.916397988796234,0.0166253577917814,NVDA,5,1854
2023-09-01,0.0669767260551452,0.916397988796234,0.0166253577917814,NVDA,3,1855
2023-09-01,0.0303239841014146,0.0098285973072052,0.9598474502563475,AAPL,2,1856
2023-09-01,0.0303239841014146,0.0098285973072052,0.9598474502563475,MSFT,3,1857
2023-09-01,0.0303239841014146,0.0098285973072052,0.9598474502563475,NVDA,5,1858
2023-09-01,0.0303239841014146,0.0098285973072052,0.9598474502563475,MSFT,2,1859
2023-09-01,0.0303239841014146,0.0098285973072052,0.9598474502563475,NVDA,2,1860
2023-09-01,0.0534769631922245,0.0260516591370105,0.9204713702201844,GS,3,1861
2023-09-01,0.0303239841014146,0.0098285973072052,0.9598474502563475,AAPL,3,1862
2023-09-01,0.0303239841014146,0.0098285973072052,0.9598474502563475,MSFT,3,1863
2023-09-01,0.0303239841014146,0.0098285973072052,0.9598474502563475,NVDA,3,1864
2023-09-01,0.1898189634084701,0.7990346550941467,0.0111463293433189,F,5,1865
2023-09-01,0.0669767260551452,0.916397988796234,0.0166253577917814,NVDA,3,1866
2023-09-01,0.0862057656049728,0.8249602317810059,0.0888340026140213,AMD,1,1867
2023-09-01,0.0303239841014146,0.0098285973072052,0.9598474502563475,AAPL,1,1868
2023-09-01,0.0303239841014146,0.0098285973072052,0.9598474502563475,MSFT,3,1869
2023-09-01,0.0303239841014146,0.0098285973072052,0.9598474502563475,NVDA,4,1870
2023-09-01,0.0669767260551452,0.916397988796234,0.0166253577917814,NVDA,1,1871
2023-09-02,0.042113434523344,0.9328566193580629,0.0250298660248518,NVDA,5,1872
2023-09-02,0.0456166975200176,0.93297016620636,0.0214131344109773,TSLA,1,1873
2023-09-02,0.0456166975200176,0.93297016620636,0.0214131344109773,TSLA,1,1874
2023-09-03,0.0372964367270469,0.9384018778800964,0.0243016481399536,GOOG,4,1875
2023-09-03,0.0817540511488914,0.8880284428596497,0.0302174855023622,TSLA,5,1876
2023-09-03,0.0416105166077613,0.9350160956382751,0.0233733709901571,KO,3,1877
2023-09-04,0.0294986646622419,0.0408268347382545,0.9296745657920836,GS,3,1878
2023-09-04,0.0466553606092929,0.9274064302444458,0.0259382799267768,AMD,1,1879
2023-09-04,0.0466553606092929,0.9274064302444458,0.0259382799267768,NVDA,1,1880
2023-09-04,0.0466553606092929,0.9274064302444458,0.0259382799267768,TSLA,3,1881
2023-09-04,0.0466553606092929,0.9274064302444458,0.0259382799267768,AMD,4,1882
2023-09-04,0.0466553606092929,0.9274064302444458,0.0259382799267768,NVDA,3,1883
2023-09-04,0.0466553606092929,0.9274064302444458,0.0259382799267768,TSLA,4,1884
2023-09-04,0.0327990464866161,0.5351585149765015,0.4320424497127533,AAPL,5,1885
2023-09-04,0.0327990464866161,0.5351585149765015,0.4320424497127533,MSFT,3,1886
2023-09-04,0.0353133380413055,0.1294068545103073,0.8352798819541931,F,3,1887
2023-09-04,0.0652102753520011,0.3465380668640136,0.5882517099380493,F,5,1888
2023-09-04,0.0327990464866161,0.5351585149765015,0.4320424497127533,AAPL,1,1889
2023-09-04,0.0327990464866161,0.5351585149765015,0.4320424497127533,MSFT,3,1890
2023-09-04,0.0477420724928379,0.5492904782295227,0.4029674828052521,DIS,2,1891
2023-09-04,0.0358937606215477,0.9402311444282532,0.0238750297576189,AMZN,5,1892
2023-09-04,0.0466553606092929,0.9274064302444458,0.0259382799267768,AMD,2,1893
2023-09-04,0.0466553606092929,0.9274064302444458,0.0259382799267768,NVDA,5,1894
2023-09-04,0.0466553606092929,0.9274064302444458,0.0259382799267768,TSLA,1,1895
2023-09-05,0.0284285023808479,0.3929791450500488,0.5785923600196838,AMZN,4,1896
2023-09-05,0.0284285023808479,0.3929791450500488,0.5785923600196838,GOOG,4,1897
2023-09-05,0.0284285023808479,0.3929791450500488,0.5785923600196838,SPY,4,1898
2023-09-05,0.3507292568683624,0.4296083450317383,0.2196623682975769,TSLA,3,1899
2023-09-05,0.1591667532920837,0.831808865070343,0.0090243266895413,AMZN,3,1900
2023-09-05,0.1340920180082321,0.144479438662529,0.7214285135269165,GOOG,5,1901
2023-09-05,0.0361700877547264,0.0254107490181922,0.938419222831726,GOOG,1,1902
2023-09-05,0.0284285023808479,0.3929791450500488,0.5785923600196838,AMZN,5,1903
2023-09-05,0.0284285023808479,0.3929791450500488,0.5785923600196838,GOOG,3,1904
2023-09-05,0.0284285023808479,0.3929791450500488,0.5785923600196838,SPY,4,1905
2023-09-05,0.0284285023808479,0.3929791450500488,0.5785923600196838,AMZN,5,1906
2023-09-05,0.0284285023808479,0.3929791450500488,0.5785923600196838,GOOG,4,1907
2023-09-05,0.0284285023808479,0.3929791450500488,0.5785923600196838,SPY,1,1908
2023-09-05,0.0284285023808479,0.3929791450500488,0.5785923600196838,AMZN,3,1909
2023-09-05,0.0284285023808479,0.3929791450500488,0.5785923600196838,GOOG,3,1910
2023-09-05,0.0221085641533136,0.5054758191108704,0.4724155962467193,F,5,1911
2023-09-05,0.0231151450425386,0.210810512304306,0.7660742998123169,GS,1,1912
2023-09-05,0.0284285023808479,0.3929791450500488,0.5785923600196838,AMZN,3,1913
2023-09-05,0.0284285023808479,0.3929791450500488,0.5785923600196838,GOOG,1,1914
2023-09-05,0.0284285023808479,0.3929791450500488,0.5785923600196838,SPY,5,1915
2023-09-05,0.0284285023808479,0.3929791450500488,0.5785923600196838,AMZN,3,1916
2023-09-05,0.0284285023808479,0.3929791450500488,0.5785923600196838,GOOG,5,1917
2023-09-05,0.0284285023808479,0.3929791450500488,0.5785923600196838,SPY,3,1918
2023-09-05,0.1391199678182602,0.8500922322273254,0.0107878455892205,AAPL,2,1919
2023-09-05,0.1391199678182602,0.8500922322273254,0.0107878455892205,AMD,4,1920
2023-09-05,0.1391199678182602,0.8500922322273254,0.0107878455892205,NVDA,4,1921
2023-09-05,0.0284285023808479,0.3929791450500488,0.5785923600196838,SPY,2,1922
2023-09-05,0.0244602654129266,0.1209670007228851,0.8545728325843811,F,1,1923
2023-09-05,0.0284285023808479,0.3929791450500488,0.5785923600196838,AMZN,4,1924
2023-09-05,0.0284285023808479,0.3929791450500488,0.5785923600196838,GOOG,4,1925
2023-09-05,0.0284285023808479,0.3929791450500488,0.5785923600196838,SPY,5,1926
2023-09-05,0.0231151450425386,0.210810512304306,0.7660742998123169,GS,3,1927
2023-09-05,0.0231151450425386,0.210810512304306,0.7660742998123169,GS,3,1928
2023-09-05,0.0284285023808479,0.3929791450500488,0.5785923600196838,AMZN,5,1929
2023-09-05,0.0284285023808479,0.3929791450500488,0.5785923600196838,SPY,3,1930
2023-09-05,0.0284285023808479,0.3929791450500488,0.5785923600196838,AMZN,1,1931
2023-09-05,0.0284285023808479,0.3929791450500488,0.5785923600196838,GOOG,5,1932
2023-09-05,0.0284285023808479,0.3929791450500488,0.5785923600196838,SPY,3,1933
2023-09-05,0.0231151450425386,0.210810512304306,0.7660742998123169,GS,1,1934
2023-09-05,0.0284285023808479,0.3929791450500488,0.5785923600196838,AMZN,3,1935
2023-09-05,0.0284285023808479,0.3929791450500488,0.5785923600196838,GOOG,2,1936
2023-09-05,0.0284285023808479,0.3929791450500488,0.5785923600196838,SPY,4,1937
2023-09-05,0.0231151450425386,0.210810512304306,0.7660742998123169,GS,1,1938
2023-09-05,0.0231151450425386,0.210810512304306,0.7660742998123169,GS,3,1939
2023-09-05,0.1441506147384643,0.3202358782291412,0.535613477230072,GS,4,1940
2023-09-05,0.1322600990533828,0.3895154595375061,0.4782244563102722,GS,3,1941
2023-09-05,0.0284285023808479,0.3929791450500488,0.5785923600196838,GOOG,4,1942
2023-09-05,0.0284285023808479,0.3929791450500488,0.5785923600196838,SPY,3,1943
2023-09-05,0.0284285023808479,0.3929791450500488,0.5785923600196838,AMZN,3,1944
2023-09-05,0.0284285023808479,0.3929791450500488,0.5785923600196838,GOOG,4,1945
2023-09-05,0.0284285023808479,0.3929791450500488,0.5785923600196838,SPY,1,1946
2023-09-05,0.0284285023808479,0.3929791450500488,0.5785923600196838,AMZN,3,1947
2023-09-05,0.0284285023808479,0.3929791450500488,0.5785923600196838,GOOG,3,1948
2023-09-05,0.0284285023808479,0.3929791450500488,0.5785923600196838,SPY,2,1949
2023-09-05,0.1591667532920837,0.831808865070343,0.0090243266895413,AMZN,4,1950
2023-09-05,0.0231151450425386,0.210810512304306,0.7660742998123169,GS,5,1951
2023-09-05,0.1391199678182602,0.8500922322273254,0.0107878455892205,AAPL,2,1952
2023-09-05,0.1391199678182602,0.8500922322273254,0.0107878455892205,AMD,3,1953
2023-09-05,0.1391199678182602,0.8500922322273254,0.0107878455892205,NVDA,3,1954
2023-09-05,0.0404514595866203,0.9304301142692566,0.0291183963418006,NVDA,1,1955
2023-09-05,0.0284285023808479,0.3929791450500488,0.5785923600196838,GOOG,5,1956
2023-09-05,0.0284285023808479,0.3929791450500488,0.5785923600196838,SPY,3,1957
2023-09-05,0.0392765067517757,0.9318913221359252,0.0288321748375892,MSFT,4,1958
2023-09-05,0.0202263575047254,0.2699595093727112,0.709814190864563,AMZN,4,1959
2023-09-05,0.0284285023808479,0.3929791450500488,0.5785923600196838,AMZN,2,1960
2023-09-05,0.0284285023808479,0.3929791450500488,0.5785923600196838,GOOG,5,1961
2023-09-05,0.0284285023808479,0.3929791450500488,0.5785923600196838,SPY,4,1962
2023-09-05,0.0284285023808479,0.3929791450500488,0.5785923600196838,AMZN,4,1963
2023-09-05,0.0284285023808479,0.3929791450500488,0.5785923600196838,GOOG,2,1964
2023-09-05,0.0284285023808479,0.3929791450500488,0.5785923600196838,SPY,3,1965
2023-09-06,0.0987769365310669,0.6236161589622498,0.2776068449020386,DIS,5,1966
2023-09-06,0.0417648963630199,0.0347692370414733,0.9234659075737,AMZN,5,1967
2023-09-06,0.0417648963630199,0.0347692370414733,0.9234659075737,AMZN,5,1968
2023-09-06,0.0326090864837169,0.9365211129188538,0.0308698210865259,AMZN,5,1969
2023-09-06,0.0326090864837169,0.9365211129188538,0.0308698210865259,NVDA,3,1970
2023-09-06,0.052535057067871,0.9245815277099608,0.0228833854198455,AMD,4,1971
2023-09-06,0.052535057067871,0.9245815277099608,0.0228833854198455,NVDA,3,1972
2023-09-06,0.0417648963630199,0.0347692370414733,0.9234659075737,AMZN,4,1973
2023-09-06,0.0987769365310669,0.6236161589622498,0.2776068449020386,DIS,3,1974
2023-09-06,0.0987769365310669,0.6236161589622498,0.2776068449020386,DIS,3,1975
2023-09-06,0.0561150200664997,0.9056611061096193,0.0382239259779453,F,3,1976
2023-09-06,0.0561150200664997,0.9056611061096193,0.0382239259779453,SPY,3,1977
2023-09-06,0.0326090864837169,0.9365211129188538,0.0308698210865259,AMZN,3,1978
2023-09-06,0.0326090864837169,0.9365211129188538,0.0308698210865259,NVDA,3,1979
2023-09-06,0.0232458058744668,0.0666362941265106,0.9101179242134094,F,5,1980
2023-09-06,0.0232458058744668,0.0666362941265106,0.9101179242134094,KO,2,1981
2023-09-06,0.0232458058744668,0.0666362941265106,0.9101179242134094,MSFT,3,1982
2023-09-06,0.0232458058744668,0.0666362941265106,0.9101179242134094,F,5,1983
2023-09-06,0.0232458058744668,0.0666362941265106,0.9101179242134094,KO,5,1984
2023-09-06,0.0232458058744668,0.0666362941265106,0.9101179242134094,MSFT,1,1985
2023-09-06,0.0987769365310669,0.6236161589622498,0.2776068449020386,DIS,1,1986
2023-09-06,0.0417648963630199,0.0347692370414733,0.9234659075737,AMZN,2,1987
2023-09-06,0.0987769365310669,0.6236161589622498,0.2776068449020386,DIS,3,1988
2023-09-06,0.052535057067871,0.9245815277099608,0.0228833854198455,AMD,3,1989
2023-09-06,0.052535057067871,0.9245815277099608,0.0228833854198455,NVDA,5,1990
2023-09-06,0.437469869852066,0.5461302995681763,0.0163998547941446,AAPL,3,1991
2023-09-06,0.437469869852066,0.5461302995681763,0.0163998547941446,NVDA,3,1992
2023-09-06,0.0987769365310669,0.6236161589622498,0.2776068449020386,DIS,3,1993
2023-09-06,0.0987769365310669,0.6236161589622498,0.2776068449020386,DIS,3,1994
2023-09-06,0.437469869852066,0.5461302995681763,0.0163998547941446,AAPL,3,1995
2023-09-06,0.437469869852066,0.5461302995681763,0.0163998547941446,AMD,5,1996
2023-09-06,0.437469869852066,0.5461302995681763,0.0163998547941446,NVDA,4,1997
2023-09-06,0.0191647745668888,0.7133021950721741,0.2675330638885498,AAPL,3,1998
2023-09-06,0.0075843264348804,0.0174611136317253,0.9749546051025392,AAPL,3,1999
2023-09-06,0.0987769365310669,0.6236161589622498,0.2776068449020386,DIS,1,2000
2023-09-06,0.0289481692016124,0.9305300116539,0.0405218079686164,TSLA,5,2001
2023-09-06,0.0312259476631879,0.9375184178352356,0.0312556140124797,TSLA,3,2002
2023-09-06,0.0232458058744668,0.0666362941265106,0.9101179242134094,F,5,2003
2023-09-06,0.0232458058744668,0.0666362941265106,0.9101179242134094,KO,4,2004
2023-09-06,0.0232458058744668,0.0666362941265106,0.9101179242134094,MSFT,5,2005
2023-09-06,0.0232458058744668,0.0666362941265106,0.9101179242134094,WMT,5,2006
2023-09-06,0.1108611226081848,0.8685475587844849,0.0205913409590721,DIS,3,2007
2023-09-06,0.0232458058744668,0.0666362941265106,0.9101179242134094,F,3,2008
2023-09-06,0.0232458058744668,0.0666362941265106,0.9101179242134094,KO,4,2009
2023-09-06,0.0232458058744668,0.0666362941265106,0.9101179242134094,MSFT,2,2010
2023-09-06,0.0232458058744668,0.0666362941265106,0.9101179242134094,WMT,3,2011
2023-09-06,0.0987769365310669,0.6236161589622498,0.2776068449020386,DIS,1,2012
2023-09-06,0.0266129001975059,0.6301637887954712,0.3432233035564422,MSFT,5,2013
2023-09-06,0.0987769365310669,0.6236161589622498,0.2776068449020386,DIS,4,2014
2023-09-06,0.0306397415697574,0.9202626347541808,0.0490975715219974,DIS,3,2015
2023-09-06,0.0329529009759426,0.9424758553504944,0.0245712157338857,DIS,3,2016
2023-09-06,0.0417648963630199,0.0347692370414733,0.9234659075737,AMZN,3,2017
2023-09-06,0.0987769365310669,0.6236161589622498,0.2776068449020386,DIS,5,2018
2023-09-06,0.1331970691680908,0.8539909720420837,0.0128120193257927,DIS,3,2019
2023-09-06,0.0987769365310669,0.6236161589622498,0.2776068449020386,DIS,4,2020
2023-09-06,0.0417648963630199,0.0347692370414733,0.9234659075737,AMZN,5,2021
2023-09-07,0.1115842908620834,0.3082688450813293,0.580146849155426,F,3,2022
2023-09-07,0.0223434008657932,0.0176529083400964,0.960003674030304,F,3,2023
2023-09-07,0.0810147300362587,0.8713452219963074,0.047640074044466,KO,3,2024
2023-09-07,0.0466234385967254,0.5987444519996643,0.3546320796012878,WMT,3,2025
2023-09-07,0.0810147300362587,0.8713452219963074,0.047640074044466,KO,1,2026
2023-09-07,0.0810147300362587,0.8713452219963074,0.047640074044466,KO,3,2027
2023-09-07,0.0466234385967254,0.5987444519996643,0.3546320796012878,WMT,3,2028
2023-09-07,0.0447410456836223,0.4728615283966064,0.4823973476886749,TSLA,5,2029
2023-09-07,0.0353469513356685,0.92012757062912,0.0445255003869533,MSFT,1,2030
2023-09-07,0.0447410456836223,0.4728615283966064,0.4823973476886749,TSLA,5,2031
2023-09-07,0.0466234385967254,0.5987444519996643,0.3546320796012878,WMT,3,2032
2023-09-07,0.0810147300362587,0.8713452219963074,0.047640074044466,KO,3,2033
2023-09-07,0.0205401107668876,0.94901043176651,0.0304494146257638,KO,2,2034
2023-09-07,0.0823635086417198,0.8594301342964172,0.0582063235342502,MSFT,5,2035
2023-09-07,0.0311675798147916,0.8924112915992737,0.0764211118221283,MSFT,4,2036
2023-09-07,0.1708968728780746,0.8119561672210693,0.0171469803899526,AMZN,3,2037
2023-09-07,0.1708968728780746,0.8119561672210693,0.0171469803899526,NVDA,3,2038
2023-09-07,0.0810147300362587,0.8713452219963074,0.047640074044466,KO,5,2039
2023-09-07,0.0810147300362587,0.8713452219963074,0.047640074044466,KO,3,2040
2023-09-07,0.0466234385967254,0.5987444519996643,0.3546320796012878,WMT,3,2041
2023-09-07,0.0447410456836223,0.4728615283966064,0.4823973476886749,TSLA,3,2042
2023-09-07,0.0340116098523139,0.9410082697868348,0.0249801557511091,AMZN,2,2043
2023-09-07,0.0447410456836223,0.4728615283966064,0.4823973476886749,TSLA,5,2044
2023-09-07,0.0447410456836223,0.4728615283966064,0.4823973476886749,TSLA,5,2045
2023-09-07,0.0466234385967254,0.5987444519996643,0.3546320796012878,WMT,4,2046
2023-09-07,0.0266382582485675,0.6334155797958374,0.3399461805820465,AAPL,3,2047
2023-09-07,0.0810147300362587,0.8713452219963074,0.047640074044466,KO,3,2048
2023-09-07,0.0447410456836223,0.4728615283966064,0.4823973476886749,TSLA,3,2049
2023-09-07,0.0661956518888473,0.9208889603614808,0.0129153253510594,TSLA,3,2050
2023-09-07,0.0810147300362587,0.8713452219963074,0.047640074044466,KO,5,2051
2023-09-07,0.0082237143069505,0.0177215654402971,0.974054753780365,TSLA,1,2052
2023-09-07,0.0810147300362587,0.8713452219963074,0.047640074044466,KO,5,2053
2023-09-07,0.0088315829634666,0.0378963537514209,0.9532721638679504,AAPL,2,2054
2023-09-07,0.0466234385967254,0.5987444519996643,0.3546320796012878,WMT,2,2055
2023-09-07,0.0447410456836223,0.4728615283966064,0.4823973476886749,TSLA,3,2056
2023-09-07,0.0810147300362587,0.8713452219963074,0.047640074044466,KO,3,2057
2023-09-07,0.0466234385967254,0.5987444519996643,0.3546320796012878,WMT,5,2058
2023-09-07,0.0104928947985172,0.082807220518589,0.9066998958587646,AAPL,4,2059
2023-09-07,0.0466234385967254,0.5987444519996643,0.3546320796012878,WMT,4,2060
2023-09-07,0.0447410456836223,0.4728615283966064,0.4823973476886749,TSLA,4,2061
2023-09-07,0.0810147300362587,0.8713452219963074,0.047640074044466,KO,4,2062
2023-09-07,0.0098092118278145,0.0210738275200128,0.9691168665885924,GS,5,2063
2023-09-07,0.0682775750756263,0.3706416487693786,0.5610807538032532,WMT,5,2064
2023-09-07,0.0447410456836223,0.4728615283966064,0.4823973476886749,TSLA,5,2065
2023-09-07,0.0810147300362587,0.8713452219963074,0.047640074044466,KO,5,2066
2023-09-07,0.0562372803688049,0.8964081406593323,0.0473545603454113,UBER,5,2067
2023-09-07,0.0466234385967254,0.5987444519996643,0.3546320796012878,WMT,2,2068
2023-09-07,0.0810147300362587,0.8713452219963074,0.047640074044466,KO,3,2069
2023-09-07,0.0447410456836223,0.4728615283966064,0.4823973476886749,TSLA,2,2070
2023-09-07,0.0120257074013352,0.0164524354040622,0.97152179479599,AAPL,1,2071
2023-09-07,0.0173328462988138,0.1450821459293365,0.8375850915908813,GS,3,2072
2023-09-08,0.0346850976347923,0.5148141384124756,0.4505007565021515,GS,4,2073
2023-09-08,0.0171732325106859,0.0168308783322572,0.9659957885742188,GS,3,2074
2023-09-08,0.0405627712607383,0.5425840020179749,0.4168532192707062,AAPL,5,2075
2023-09-08,0.0444152876734733,0.923966348171234,0.0316183418035507,MSFT,5,2076
2023-09-08,0.0444152876734733,0.923966348171234,0.0316183418035507,NVDA,5,2077
2023-09-08,0.0271184127777814,0.4975169897079468,0.4753646552562713,DIS,2,2078
2023-09-08,0.0718645825982093,0.8924068212509155,0.0357285887002944,BRK,3,2079
2023-09-08,0.0416102223098278,0.9370731711387634,0.0213165506720542,DIS,1,2080
2023-09-08,0.0198524333536624,0.0167710240930318,0.963376522064209,GS,1,2081
2023-09-08,0.0405851900577545,0.9373598098754884,0.0220550280064344,AMZN,3,2082
2023-09-08,0.0718645825982093,0.8924068212509155,0.0357285887002944,BRK,4,2083
2023-09-08,0.0444152876734733,0.923966348171234,0.0316183418035507,MSFT,5,2084
2023-09-08,0.0444152876734733,0.923966348171234,0.0316183418035507,NVDA,4,2085
2023-09-08,0.0515490770339965,0.051471646875143,0.8969793319702148,AAPL,3,2086
2023-09-08,0.0718645825982093,0.8924068212509155,0.0357285887002944,BRK,3,2087
2023-09-08,0.0198524333536624,0.0167710240930318,0.963376522064209,GS,1,2088
2023-09-08,0.0198524333536624,0.0167710240930318,0.963376522064209,GS,4,2089
2023-09-08,0.0718645825982093,0.8924068212509155,0.0357285887002944,BRK,4,2090
2023-09-08,0.0198524333536624,0.0167710240930318,0.963376522064209,GS,3,2091
2023-09-08,0.0718645825982093,0.8924068212509155,0.0357285887002944,BRK,4,2092
2023-09-08,0.0198524333536624,0.0167710240930318,0.963376522064209,GS,4,2093
2023-09-08,0.0393677800893783,0.9380747675895692,0.0225574374198913,AMD,3,2094
2023-09-08,0.013465391471982,0.016420004889369,0.9701145887374878,AAPL,2,2095
2023-09-08,0.0718645825982093,0.8924068212509155,0.0357285887002944,BRK,3,2096
2023-09-08,0.0125685483217239,0.0641058087348938,0.9233255982398988,TSLA,4,2097
2023-09-08,0.0722291395068168,0.0442415662109851,0.8835294246673584,AAPL,4,2098
2023-09-08,0.0198524333536624,0.0167710240930318,0.963376522064209,GS,3,2099
2023-09-08,0.0718645825982093,0.8924068212509155,0.0357285887002944,BRK,4,2100
2023-09-08,0.0110779013484716,0.0522787980735302,0.9366432428359984,TSLA,3,2101
2023-09-08,0.0198524333536624,0.0167710240930318,0.963376522064209,GS,4,2102
2023-09-08,0.0198524333536624,0.0167710240930318,0.963376522064209,GS,1,2103
2023-09-08,0.0718645825982093,0.8924068212509155,0.0357285887002944,BRK,3,2104
2023-09-08,0.0718645825982093,0.8924068212509155,0.0357285887002944,BRK,3,2105
2023-09-08,0.0403391309082508,0.922656238079071,0.037004567682743,WMT,4,2106
2023-09-08,0.0968600437045097,0.8787766098976135,0.0243634097278118,AAPL,1,2107
2023-09-08,0.0444152876734733,0.923966348171234,0.0316183418035507,MSFT,3,2108
2023-09-08,0.0444152876734733,0.923966348171234,0.0316183418035507,NVDA,3,2109
2023-09-08,0.0127252470701932,0.0185046661645174,0.968770146369934,WMT,3,2110
2023-09-09,0.0448181293904781,0.9319718480110168,0.0232100542634725,AAPL,5,2111
2023-09-09,0.0369460023939609,0.9368793964385986,0.0261745750904083,DIS,3,2112
2023-09-09,0.0369460023939609,0.9368793964385986,0.0261745750904083,DIS,4,2113
2023-09-09,0.0575093626976013,0.9230467081069946,0.0194439534097909,BRK,3,2114
2023-09-09,0.0575093626976013,0.9230467081069946,0.0194439534097909,BRK,3,2115
2023-09-10,0.0697933584451675,0.9176801443099976,0.0125265000388026,AAPL,5,2116
2023-09-10,0.0697933584451675,0.9176801443099976,0.0125265000388026,MSFT,1,2117
2023-09-10,0.0697933584451675,0.9176801443099976,0.0125265000388026,AAPL,2,2118
2023-09-10,0.0697933584451675,0.9176801443099976,0.0125265000388026,MSFT,3,2119
2023-09-11,0.0444964990019798,0.7772212028503418,0.1782822906970977,MSFT,5,2120
2023-09-11,0.0858148261904716,0.8686104416847229,0.0455747134983539,AMD,2,2121
2023-09-11,0.0660381764173507,0.91939777135849,0.0145640922710299,TSLA,3,2122
2023-09-11,0.9511206150054932,0.033888604491949,0.0149907916784286,TSLA,2,2123
2023-09-11,0.9472847580909728,0.0394349619746208,0.0132803786545991,TSLA,4,2124
2023-09-11,0.2429905086755752,0.7437938451766968,0.0132156489416956,MSFT,5,2125
2023-09-11,0.9197316765785216,0.0216421280056238,0.0586261264979839,AAPL,4,2126
2023-09-11,0.9197316765785216,0.0216421280056238,0.0586261264979839,TSLA,4,2127
2023-09-11,0.0858148261904716,0.8686104416847229,0.0455747134983539,AMD,3,2128
2023-09-11,0.9545510411262512,0.0260692201554775,0.0193796623498201,AAPL,5,2129
2023-09-11,0.0150004252791404,0.0497499853372573,0.9352495074272156,TSLA,2,2130
2023-09-11,0.035374991595745,0.939352571964264,0.0252724345773458,TSLA,3,2131
2023-09-11,0.0447481945157051,0.9147629737854004,0.040488813072443,AAPL,1,2132
2023-09-11,0.0447481945157051,0.9147629737854004,0.040488813072443,GS,4,2133
2023-09-11,0.9414047002792358,0.0418266914784908,0.0167685132473707,TSLA,5,2134
2023-09-11,0.9414047002792358,0.0418266914784908,0.0167685132473707,TSLA,3,2135
2023-09-11,0.1281190514564514,0.6616703867912292,0.2102105468511581,F,1,2136
2023-09-11,0.0444964990019798,0.7772212028503418,0.1782822906970977,MSFT,5,2137
2023-09-11,0.0743090435862541,0.8882882595062256,0.0374026633799076,AAPL,4,2138
2023-09-11,0.5760040283203125,0.3965835869312286,0.0274123977869749,AAPL,3,2139
2023-09-11,0.0880594551563263,0.9002834558486938,0.011657134629786,MSFT,3,2140
2023-09-11,0.0880594551563263,0.9002834558486938,0.011657134629786,NVDA,3,2141
2023-09-11,0.0102026434615254,0.038049254566431,0.9517481327056884,AMZN,4,2142
2023-09-11,0.0102026434615254,0.038049254566431,0.9517481327056884,MSFT,3,2143
2023-09-11,0.0444964990019798,0.7772212028503418,0.1782822906970977,MSFT,5,2144
2023-09-11,0.9197316765785216,0.0216421280056238,0.0586261264979839,AAPL,5,2145
2023-09-11,0.9197316765785216,0.0216421280056238,0.0586261264979839,TSLA,4,2146
2023-09-11,0.0858148261904716,0.8686104416847229,0.0455747134983539,AMD,1,2147
2023-09-11,0.0444964990019798,0.7772212028503418,0.1782822906970977,MSFT,4,2148
2023-09-11,0.0359379649162292,0.9477558732032776,0.0163061991333961,GS,3,2149
2023-09-11,0.0447481945157051,0.9147629737854004,0.040488813072443,AAPL,3,2150
2023-09-11,0.0447481945157051,0.9147629737854004,0.040488813072443,GS,5,2151
2023-09-11,0.0817320868372917,0.7686797976493835,0.1495881229639053,UBER,5,2152
2023-09-11,0.0880594551563263,0.9002834558486938,0.011657134629786,MSFT,5,2153
2023-09-11,0.1918663531541824,0.7996430993080139,0.0084905130788683,F,5,2154
2023-09-11,0.0444964990019798,0.7772212028503418,0.1782822906970977,MSFT,4,2155
2023-09-11,0.0444964990019798,0.7772212028503418,0.1782822906970977,MSFT,5,2156
2023-09-11,0.165421187877655,0.3343341052532196,0.5002447366714478,DIS,5,2157
2023-09-11,0.0444964990019798,0.7772212028503418,0.1782822906970977,MSFT,5,2158
2023-09-11,0.0858148261904716,0.8686104416847229,0.0455747134983539,AMD,5,2159
2023-09-11,0.165421187877655,0.3343341052532196,0.5002447366714478,DIS,3,2160
2023-09-11,0.0444964990019798,0.7772212028503418,0.1782822906970977,MSFT,2,2161
2023-09-11,0.0858148261904716,0.8686104416847229,0.0455747134983539,AMD,5,2162
2023-09-11,0.0858148261904716,0.8686104416847229,0.0455747134983539,AMD,3,2163
2023-09-11,0.165421187877655,0.3343341052532196,0.5002447366714478,DIS,3,2164
2023-09-11,0.0858148261904716,0.8686104416847229,0.0455747134983539,AMD,3,2165
2023-09-11,0.0444964990019798,0.7772212028503418,0.1782822906970977,MSFT,5,2166
2023-09-11,0.0444964990019798,0.7772212028503418,0.1782822906970977,MSFT,5,2167
2023-09-11,0.0858148261904716,0.8686104416847229,0.0455747134983539,AMD,3,2168
2023-09-11,0.165421187877655,0.3343341052532196,0.5002447366714478,DIS,3,2169
2023-09-11,0.0858148261904716,0.8686104416847229,0.0455747134983539,AMD,5,2170
2023-09-11,0.0858148261904716,0.8686104416847229,0.0455747134983539,AMD,5,2171
2023-09-11,0.165421187877655,0.3343341052532196,0.5002447366714478,DIS,3,2172
2023-09-11,0.5502302646636963,0.4402243196964264,0.0095453904941678,DIS,4,2173
2023-09-11,0.8178976774215698,0.0864849686622619,0.095617339015007,DIS,5,2174
2023-09-11,0.0688679218292236,0.9149889945983888,0.0161430686712265,DIS,4,2175
2023-09-11,0.0540970303118228,0.924727976322174,0.0211749561131,DIS,3,2176
2023-09-11,0.7252628803253174,0.0433962494134902,0.2313408404588699,DIS,1,2177
2023-09-12,0.0481771491467952,0.9301040172576904,0.0217188876122236,AAPL,3,2178
2023-09-12,0.2490669339895248,0.7431280612945557,0.0078049525618553,F,3,2179
2023-09-12,0.1766126453876495,0.8147143125534058,0.0086731100454926,AMZN,4,2180
2023-09-12,0.1766126453876495,0.8147143125534058,0.0086731100454926,DIS,3,2181
2023-09-12,0.1766126453876495,0.8147143125534058,0.0086731100454926,MSFT,2,2182
2023-09-12,0.0594538450241088,0.0160733480006456,0.9244728088378906,NVDA,5,2183
2023-09-12,0.0594538450241088,0.0160733480006456,0.9244728088378906,NVDA,5,2184
2023-09-12,0.0085643352940678,0.0184675324708223,0.9729681015014648,AAPL,1,2185
2023-09-12,0.0594538450241088,0.0160733480006456,0.9244728088378906,NVDA,5,2186
2023-09-12,0.039442840963602,0.9311078786849976,0.02944927662611,KO,4,2187
2023-09-12,0.2490669339895248,0.7431280612945557,0.0078049525618553,F,5,2188
2023-09-12,0.1766126453876495,0.8147143125534058,0.0086731100454926,AMZN,3,2189
2023-09-12,0.1766126453876495,0.8147143125534058,0.0086731100454926,DIS,2,2190
2023-09-12,0.1766126453876495,0.8147143125534058,0.0086731100454926,MSFT,3,2191
2023-09-12,0.1576844751834869,0.5248128175735474,0.3175027072429657,AAPL,5,2192
2023-09-12,0.0594538450241088,0.0160733480006456,0.9244728088378906,NVDA,1,2193
2023-09-12,0.2490669339895248,0.7431280612945557,0.0078049525618553,F,5,2194
2023-09-12,0.1766126453876495,0.8147143125534058,0.0086731100454926,AMZN,2,2195
2023-09-12,0.1766126453876495,0.8147143125534058,0.0086731100454926,DIS,5,2196
2023-09-12,0.1766126453876495,0.8147143125534058,0.0086731100454926,MSFT,1,2197
2023-09-12,0.1766126453876495,0.8147143125534058,0.0086731100454926,AMZN,3,2198
2023-09-12,0.1766126453876495,0.8147143125534058,0.0086731100454926,DIS,5,2199
2023-09-12,0.1766126453876495,0.8147143125534058,0.0086731100454926,MSFT,5,2200
2023-09-12,0.1766126453876495,0.8147143125534058,0.0086731100454926,AMZN,1,2201
2023-09-12,0.1766126453876495,0.8147143125534058,0.0086731100454926,DIS,3,2202
2023-09-12,0.1766126453876495,0.8147143125534058,0.0086731100454926,MSFT,3,2203
2023-09-12,0.1576844751834869,0.5248128175735474,0.3175027072429657,AAPL,4,2204
2023-09-12,0.1766126453876495,0.8147143125534058,0.0086731100454926,AMZN,4,2205
2023-09-12,0.1766126453876495,0.8147143125534058,0.0086731100454926,DIS,3,2206
2023-09-12,0.1766126453876495,0.8147143125534058,0.0086731100454926,MSFT,4,2207
2023-09-12,0.0432175211608409,0.9359579086303712,0.02082459628582,DIS,4,2208
2023-09-12,0.0679172798991203,0.918819785118103,0.0132628791034221,AAPL,5,2209
2023-09-12,0.1146386787295341,0.8763337731361389,0.0090275146067142,AMD,3,2210
2023-09-12,0.0594538450241088,0.0160733480006456,0.9244728088378906,NVDA,3,2211
2023-09-12,0.2490669339895248,0.7431280612945557,0.0078049525618553,F,4,2212
2023-09-12,0.1766126453876495,0.8147143125534058,0.0086731100454926,AMZN,3,2213
2023-09-12,0.1766126453876495,0.8147143125534058,0.0086731100454926,DIS,3,2214
2023-09-12,0.1766126453876495,0.8147143125534058,0.0086731100454926,MSFT,5,2215
2023-09-12,0.1766126453876495,0.8147143125534058,0.0086731100454926,AMZN,1,2216
2023-09-12,0.1766126453876495,0.8147143125534058,0.0086731100454926,DIS,3,2217
2023-09-12,0.1766126453876495,0.8147143125534058,0.0086731100454926,MSFT,4,2218
2023-09-12,0.0594538450241088,0.0160733480006456,0.9244728088378906,NVDA,4,2219
2023-09-12,0.2490669339895248,0.7431280612945557,0.0078049525618553,F,3,2220
2023-09-12,0.0466631278395652,0.9302712082862854,0.0230656713247299,DIS,5,2221
2023-09-12,0.0739977732300758,0.6173820495605469,0.3086201548576355,DIS,3,2222
2023-09-12,0.1576844751834869,0.5248128175735474,0.3175027072429657,AAPL,2,2223
2023-09-12,0.0410118103027343,0.936844527721405,0.0221436787396669,DIS,3,2224
2023-09-12,0.0594538450241088,0.0160733480006456,0.9244728088378906,NVDA,3,2225
2023-09-12,0.2490669339895248,0.7431280612945557,0.0078049525618553,F,3,2226
2023-09-12,0.1576844751834869,0.5248128175735474,0.3175027072429657,AAPL,5,2227
2023-09-12,0.2490669339895248,0.7431280612945557,0.0078049525618553,F,1,2228
2023-09-12,0.1543181836605072,0.8357433676719666,0.0099383937194943,AMZN,5,2229
2023-09-12,0.0594538450241088,0.0160733480006456,0.9244728088378906,NVDA,5,2230
2023-09-12,0.1039585024118423,0.8820237517356873,0.014017729088664,BRK,4,2231
2023-09-12,0.025135276839137,0.8828783631324768,0.0919863581657409,MSFT,3,2232
2023-09-12,0.0657365843653678,0.9174215197563172,0.0168419070541858,MSFT,1,2233
2023-09-12,0.0657365843653678,0.9174215197563172,0.0168419070541858,NVDA,3,2234
2023-09-12,0.0289544016122818,0.9367274641990662,0.0343181565403938,AMZN,4,2235
2023-09-12,0.2490669339895248,0.7431280612945557,0.0078049525618553,F,4,2236
2023-09-12,0.1576844751834869,0.5248128175735474,0.3175027072429657,AAPL,4,2237
2023-09-12,0.0343496315181255,0.8446165919303894,0.1210337355732917,MSFT,5,2238
2023-09-12,0.0706951841711998,0.9127829670906068,0.0165218450129032,MSFT,5,2239
2023-09-12,0.0706951841711998,0.9127829670906068,0.0165218450129032,NVDA,3,2240
2023-09-12,0.2490669339895248,0.7431280612945557,0.0078049525618553,F,3,2241
2023-09-12,0.0657365843653678,0.9174215197563172,0.0168419070541858,MSFT,3,2242
2023-09-12,0.0657365843653678,0.9174215197563172,0.0168419070541858,NVDA,5,2243
2023-09-12,0.1146386787295341,0.8763337731361389,0.0090275146067142,NVDA,3,2244
2023-09-12,0.1766126453876495,0.8147143125534058,0.0086731100454926,AMZN,4,2245
2023-09-12,0.1766126453876495,0.8147143125534058,0.0086731100454926,DIS,4,2246
2023-09-12,0.1766126453876495,0.8147143125534058,0.0086731100454926,MSFT,4,2247
2023-09-12,0.5486732125282288,0.4420206546783447,0.0093061104416847,F,3,2248
2023-09-12,0.1146386787295341,0.8763337731361389,0.0090275146067142,AMD,5,2249
2023-09-12,0.222316026687622,0.7593259811401367,0.0183579791337251,NVDA,5,2250
2023-09-12,0.1766126453876495,0.8147143125534058,0.0086731100454926,AMZN,5,2251
2023-09-12,0.1766126453876495,0.8147143125534058,0.0086731100454926,DIS,5,2252
2023-09-12,0.1766126453876495,0.8147143125534058,0.0086731100454926,MSFT,5,2253
2023-09-12,0.1576844751834869,0.5248128175735474,0.3175027072429657,AAPL,3,2254
2023-09-12,0.1565891206264495,0.8330705165863037,0.0103403683751821,AMZN,3,2255
2023-09-12,0.2490669339895248,0.7431280612945557,0.0078049525618553,F,5,2256
2023-09-12,0.1576844751834869,0.5248128175735474,0.3175027072429657,AAPL,3,2257
2023-09-12,0.1576844751834869,0.5248128175735474,0.3175027072429657,AAPL,3,2258
2023-09-12,0.1766126453876495,0.8147143125534058,0.0086731100454926,AMZN,4,2259
2023-09-12,0.1766126453876495,0.8147143125534058,0.0086731100454926,DIS,4,2260
2023-09-12,0.1766126453876495,0.8147143125534058,0.0086731100454926,MSFT,2,2261
2023-09-12,0.0085643352940678,0.0184675324708223,0.9729681015014648,AAPL,2,2262
2023-09-12,0.0192620772868394,0.0110218692570924,0.9697160124778748,GOOG,3,2263
2023-09-12,0.0594538450241088,0.0160733480006456,0.9244728088378906,NVDA,4,2264
2023-09-12,0.1039585024118423,0.8820237517356873,0.014017729088664,BRK,5,2265
2023-09-12,0.2490669339895248,0.7431280612945557,0.0078049525618553,F,3,2266
2023-09-12,0.1766126453876495,0.8147143125534058,0.0086731100454926,AMZN,2,2267
2023-09-12,0.2490669339895248,0.7431280612945557,0.0078049525618553,F,5,2268
2023-09-12,0.2490669339895248,0.7431280612945557,0.0078049525618553,F,3,2269
2023-09-12,0.2490669339895248,0.7431280612945557,0.0078049525618553,F,5,2270
2023-09-12,0.1766126453876495,0.8147143125534058,0.0086731100454926,AMZN,1,2271
2023-09-12,0.1766126453876495,0.8147143125534058,0.0086731100454926,DIS,3,2272
2023-09-12,0.1766126453876495,0.8147143125534058,0.0086731100454926,MSFT,5,2273
2023-09-12,0.0432175211608409,0.9359579086303712,0.02082459628582,DIS,5,2274
2023-09-12,0.0594538450241088,0.0160733480006456,0.9244728088378906,NVDA,5,2275
2023-09-12,0.3921953439712524,0.5913692712783813,0.0164353884756565,AMZN,5,2276
2023-09-12,0.1766126453876495,0.8147143125534058,0.0086731100454926,AMZN,3,2277
2023-09-12,0.1766126453876495,0.8147143125534058,0.0086731100454926,DIS,5,2278
2023-09-13,0.553438663482666,0.4374712109565735,0.0090901535004377,AAPL,1,2279
2023-09-13,0.553438663482666,0.4374712109565735,0.0090901535004377,MSFT,4,2280
2023-09-13,0.0646750926971435,0.8829955458641052,0.0523293502628803,MSFT,3,2281
2023-09-13,0.0646750926971435,0.8829955458641052,0.0523293502628803,NVDA,3,2282
2023-09-13,0.2076557278633117,0.7756386399269104,0.0167056117206811,TSLA,3,2283
2023-09-13,0.0370091497898101,0.6191166043281555,0.3438742458820343,AAPL,1,2284
2023-09-13,0.0370091497898101,0.6191166043281555,0.3438742458820343,AMZN,3,2285
2023-09-13,0.1007982715964317,0.8596476912498474,0.0395540557801723,AMD,3,2286
2023-09-13,0.1007982715964317,0.8596476912498474,0.0395540557801723,NVDA,3,2287
2023-09-13,0.2805415987968445,0.5685420036315918,0.1509163379669189,SPY,3,2288
2023-09-13,0.0517705343663692,0.8975473642349243,0.0506821013987064,AMZN,5,2289
2023-09-13,0.2805415987968445,0.5685420036315918,0.1509163379669189,SPY,1,2290
2023-09-13,0.2805415987968445,0.5685420036315918,0.1509163379669189,SPY,3,2291
2023-09-13,0.0646750926971435,0.8829955458641052,0.0523293502628803,AAPL,3,2292
2023-09-13,0.0646750926971435,0.8829955458641052,0.0523293502628803,MSFT,2,2293
2023-09-13,0.0646750926971435,0.8829955458641052,0.0523293502628803,NVDA,2,2294
2023-09-13,0.553438663482666,0.4374712109565735,0.0090901535004377,AAPL,1,2295
2023-09-13,0.553438663482666,0.4374712109565735,0.0090901535004377,AMZN,5,2296
2023-09-13,0.553438663482666,0.4374712109565735,0.0090901535004377,MSFT,3,2297
2023-09-13,0.2805415987968445,0.5685420036315918,0.1509163379669189,SPY,5,2298
2023-09-13,0.0646750926971435,0.8829955458641052,0.0523293502628803,AAPL,5,2299
2023-09-13,0.0646750926971435,0.8829955458641052,0.0523293502628803,MSFT,3,2300
2023-09-13,0.0646750926971435,0.8829955458641052,0.0523293502628803,NVDA,1,2301
2023-09-13,0.0517705343663692,0.8975473642349243,0.0506821013987064,GOOG,5,2302
2023-09-13,0.0517705343663692,0.8975473642349243,0.0506821013987064,AMZN,5,2303
2023-09-13,0.0517705343663692,0.8975473642349243,0.0506821013987064,GOOG,3,2304
2023-09-13,0.0417881906032562,0.905587077140808,0.052624724805355,AAPL,3,2305
2023-09-13,0.0646750926971435,0.8829955458641052,0.0523293502628803,AAPL,4,2306
2023-09-13,0.0646750926971435,0.8829955458641052,0.0523293502628803,MSFT,5,2307
2023-09-13,0.0646750926971435,0.8829955458641052,0.0523293502628803,NVDA,2,2308
2023-09-13,0.0517705343663692,0.8975473642349243,0.0506821013987064,AMZN,2,2309
2023-09-13,0.0517705343663692,0.8975473642349243,0.0506821013987064,AMZN,3,2310
2023-09-13,0.2805415987968445,0.5685420036315918,0.1509163379669189,SPY,5,2311
2023-09-13,0.0646750926971435,0.8829955458641052,0.0523293502628803,AAPL,3,2312
2023-09-13,0.0646750926971435,0.8829955458641052,0.0523293502628803,MSFT,1,2313
2023-09-13,0.0646750926971435,0.8829955458641052,0.0523293502628803,NVDA,3,2314
2023-09-13,0.2057863175868988,0.0371103323996067,0.7571033239364624,GOOG,3,2315
2023-09-13,0.2057863175868988,0.0371103323996067,0.7571033239364624,MSFT,3,2316
2023-09-13,0.9497267603874208,0.0305716712027788,0.0197015721350908,MSFT,3,2317
2023-09-13,0.2805415987968445,0.5685420036315918,0.1509163379669189,SPY,4,2318
2023-09-13,0.553438663482666,0.4374712109565735,0.0090901535004377,AAPL,2,2319
2023-09-13,0.553438663482666,0.4374712109565735,0.0090901535004377,AMZN,3,2320
2023-09-13,0.553438663482666,0.4374712109565735,0.0090901535004377,MSFT,3,2321
2023-09-13,0.1007982715964317,0.8596476912498474,0.0395540557801723,AAPL,4,2322
2023-09-13,0.1007982715964317,0.8596476912498474,0.0395540557801723,AMD,3,2323
2023-09-13,0.0646750926971435,0.8829955458641052,0.0523293502628803,AAPL,3,2324
2023-09-13,0.0646750926971435,0.8829955458641052,0.0523293502628803,MSFT,3,2325
2023-09-13,0.0646750926971435,0.8829955458641052,0.0523293502628803,NVDA,5,2326
2023-09-13,0.0646750926971435,0.8829955458641052,0.0523293502628803,AAPL,1,2327
2023-09-13,0.0646750926971435,0.8829955458641052,0.0523293502628803,MSFT,1,2328
2023-09-13,0.0646750926971435,0.8829955458641052,0.0523293502628803,NVDA,3,2329
2023-09-13,0.1401147842407226,0.8520904183387756,0.0077947406098246,MSFT,2,2330
2023-09-13,0.0646750926971435,0.8829955458641052,0.0523293502628803,AAPL,5,2331
2023-09-13,0.0646750926971435,0.8829955458641052,0.0523293502628803,MSFT,2,2332
2023-09-13,0.0646750926971435,0.8829955458641052,0.0523293502628803,NVDA,3,2333
2023-09-13,0.0517705343663692,0.8975473642349243,0.0506821013987064,AMZN,4,2334
2023-09-13,0.0517705343663692,0.8975473642349243,0.0506821013987064,GOOG,5,2335
2023-09-13,0.0370091497898101,0.6191166043281555,0.3438742458820343,AAPL,3,2336
2023-09-13,0.0370091497898101,0.6191166043281555,0.3438742458820343,AMZN,4,2337
2023-09-13,0.2805415987968445,0.5685420036315918,0.1509163379669189,SPY,3,2338
2023-09-13,0.0646750926971435,0.8829955458641052,0.0523293502628803,AAPL,4,2339
2023-09-13,0.0646750926971435,0.8829955458641052,0.0523293502628803,MSFT,2,2340
2023-09-13,0.0646750926971435,0.8829955458641052,0.0523293502628803,NVDA,4,2341
2023-09-13,0.0517705343663692,0.8975473642349243,0.0506821013987064,AMZN,3,2342
2023-09-13,0.0517705343663692,0.8975473642349243,0.0506821013987064,GOOG,4,2343
2023-09-13,0.2805415987968445,0.5685420036315918,0.1509163379669189,SPY,2,2344
2023-09-13,0.0646750926971435,0.8829955458641052,0.0523293502628803,AAPL,3,2345
2023-09-13,0.0646750926971435,0.8829955458641052,0.0523293502628803,MSFT,5,2346
2023-09-13,0.0517705343663692,0.8975473642349243,0.0506821013987064,AMZN,4,2347
2023-09-13,0.2057863175868988,0.0371103323996067,0.7571033239364624,GOOG,5,2348
2023-09-13,0.0517705343663692,0.8975473642349243,0.0506821013987064,AMZN,5,2349
2023-09-13,0.2805415987968445,0.5685420036315918,0.1509163379669189,SPY,3,2350
2023-09-13,0.0646750926971435,0.8829955458641052,0.0523293502628803,AAPL,4,2351
2023-09-13,0.0646750926971435,0.8829955458641052,0.0523293502628803,MSFT,3,2352
2023-09-13,0.0412185788154602,0.9366121888160706,0.0221692696213722,DIS,3,2353
2023-09-13,0.0575527250766754,0.8741912245750427,0.0682559758424758,F,3,2354
2023-09-13,0.1007982715964317,0.8596476912498474,0.0395540557801723,AAPL,3,2355
2023-09-13,0.1007982715964317,0.8596476912498474,0.0395540557801723,AMD,5,2356
2023-09-13,0.1007982715964317,0.8596476912498474,0.0395540557801723,NVDA,5,2357
2023-09-13,0.0646750926971435,0.8829955458641052,0.0523293502628803,MSFT,2,2358
2023-09-13,0.0646750926971435,0.8829955458641052,0.0523293502628803,AAPL,1,2359
2023-09-13,0.2805415987968445,0.5685420036315918,0.1509163379669189,SPY,5,2360
2023-09-13,0.0669598877429962,0.7189813256263733,0.2140587717294693,AAPL,3,2361
2023-09-13,0.0646750926971435,0.8829955458641052,0.0523293502628803,AAPL,3,2362
2023-09-13,0.0646750926971435,0.8829955458641052,0.0523293502628803,NVDA,3,2363
2023-09-13,0.104922629892826,0.8805442452430725,0.0145330606028437,TSLA,5,2364
2023-09-13,0.0517705343663692,0.8975473642349243,0.0506821013987064,AMZN,4,2365
2023-09-13,0.0646750926971435,0.8829955458641052,0.0523293502628803,AAPL,2,2366
2023-09-13,0.0646750926971435,0.8829955458641052,0.0523293502628803,MSFT,3,2367
2023-09-13,0.0517705343663692,0.8975473642349243,0.0506821013987064,AMZN,1,2368
2023-09-13,0.0517705343663692,0.8975473642349243,0.0506821013987064,GOOG,5,2369
2023-09-13,0.2805415987968445,0.5685420036315918,0.1509163379669189,SPY,5,2370
2023-09-13,0.0646750926971435,0.8829955458641052,0.0523293502628803,AAPL,1,2371
2023-09-13,0.0518588125705719,0.9148565530776978,0.0332845970988273,F,5,2372
2023-09-13,0.0350887365639209,0.9372026920318604,0.0277085863053798,GS,3,2373
2023-09-13,0.0646750926971435,0.8829955458641052,0.0523293502628803,AAPL,1,2374
2023-09-13,0.0646750926971435,0.8829955458641052,0.0523293502628803,MSFT,2,2375
2023-09-13,0.1086616739630699,0.8524319529533386,0.0389064028859138,F,5,2376
2023-09-13,0.0155058037489652,0.0791416987776756,0.9053525328636168,WMT,3,2377
2023-09-13,0.0201613251119852,0.1290782988071441,0.8507604002952576,WMT,3,2378
2023-09-13,0.0436300262808799,0.6438632011413574,0.3125067949295044,WMT,3,2379
2023-09-13,0.2805415987968445,0.5685420036315918,0.1509163379669189,SPY,3,2380
2023-09-13,0.0517705343663692,0.8975473642349243,0.0506821013987064,AMZN,5,2381
2023-09-13,0.0129381148144602,0.1750784069299698,0.8119834065437317,GS,3,2382
2023-09-14,0.0259098205715417,0.0174573604017496,0.9566328525543212,F,3,2383
2023-09-14,0.0259098205715417,0.0174573604017496,0.9566328525543212,WMT,3,2384
2023-09-14,0.0716808140277862,0.8845710158348083,0.043748240917921,GS,1,2385
2023-09-14,0.0321018099784851,0.9301326870918274,0.0377654768526554,MSFT,5,2386
2023-09-14,0.0321018099784851,0.9301326870918274,0.0377654768526554,MSFT,4,2387
2023-09-14,0.0321018099784851,0.9301326870918274,0.0377654768526554,MSFT,4,2388
2023-09-14,0.0716808140277862,0.8845710158348083,0.043748240917921,GS,1,2389
2023-09-14,0.0321018099784851,0.9301326870918274,0.0377654768526554,MSFT,5,2390
2023-09-14,0.0167500730603933,0.0833340585231781,0.899915874004364,F,4,2391
2023-09-14,0.0716808140277862,0.8845710158348083,0.043748240917921,GS,3,2392
2023-09-14,0.0716808140277862,0.8845710158348083,0.043748240917921,GS,3,2393
2023-09-14,0.0857550054788589,0.902019202709198,0.0122257759794592,UBER,4,2394
2023-09-14,0.0377121232450008,0.9344266653060912,0.0278612002730369,AMD,3,2395
2023-09-14,0.0788443088531494,0.0269601214677095,0.8941956162452698,MSFT,1,2396
2023-09-14,0.0422126464545726,0.9358676075935364,0.0219197385013103,AMD,3,2397
2023-09-14,0.939986288547516,0.0365360267460346,0.023477666079998,MSFT,1,2398
2023-09-14,0.2444993704557418,0.7441287636756897,0.0113719245418906,GS,2,2399
2023-09-14,0.6034694314002991,0.3884173631668091,0.0081131421029567,NVDA,5,2400
2023-09-14,0.0321018099784851,0.9301326870918274,0.0377654768526554,MSFT,4,2401
2023-09-14,0.0716808140277862,0.8845710158348083,0.043748240917921,GS,2,2402
2023-09-14,0.0659615248441696,0.9159771203994752,0.0180613715201616,AAPL,5,2403
2023-09-14,0.0659615248441696,0.9159771203994752,0.0180613715201616,GS,3,2404
2023-09-14,0.0343973487615585,0.0531700886785984,0.9124326109886168,BRK,5,2405
2023-09-14,0.0377121232450008,0.9344266653060912,0.0278612002730369,AMD,4,2406
2023-09-14,0.033099427819252,0.916577696800232,0.0503229089081287,GS,4,2407
2023-09-14,0.0321018099784851,0.9301326870918274,0.0377654768526554,MSFT,5,2408
2023-09-14,0.0716808140277862,0.8845710158348083,0.043748240917921,GS,3,2409
2023-09-14,0.0321018099784851,0.9301326870918274,0.0377654768526554,MSFT,5,2410
2023-09-14,0.2113247513771057,0.7733550667762756,0.0153201855719089,AMZN,3,2411
2023-09-14,0.2113247513771057,0.7733550667762756,0.0153201855719089,WMT,3,2412
2023-09-14,0.0321018099784851,0.9301326870918274,0.0377654768526554,MSFT,2,2413
2023-09-14,0.2113247513771057,0.7733550667762756,0.0153201855719089,AMZN,3,2414
2023-09-14,0.2113247513771057,0.7733550667762756,0.0153201855719089,WMT,3,2415
2023-09-14,0.3529500961303711,0.6251457333564758,0.021904231980443,DIS,4,2416
2023-09-14,0.0716808140277862,0.8845710158348083,0.043748240917921,GS,4,2417
2023-09-14,0.0445623621344566,0.9245378375053406,0.0308998543769121,DIS,3,2418
2023-09-14,0.0106800645589828,0.0555991940200328,0.9337207674980164,AAPL,3,2419
2023-09-14,0.0716808140277862,0.8845710158348083,0.043748240917921,GS,4,2420
2023-09-14,0.0304790157824754,0.8924776315689087,0.077043280005455,TSLA,3,2421
2023-09-14,0.0317201912403106,0.9283646941184998,0.0399150513112545,GOOG,1,2422
2023-09-14,0.050843209028244,0.9273871183395386,0.0217697080224752,KO,5,2423
2023-09-14,0.0659615248441696,0.9159771203994752,0.0180613715201616,AAPL,1,2424
2023-09-14,0.0659615248441696,0.9159771203994752,0.0180613715201616,GS,3,2425
2023-09-14,0.0716808140277862,0.8845710158348083,0.043748240917921,GS,3,2426
2023-09-14,0.0716808140277862,0.8845710158348083,0.043748240917921,GS,3,2427
2023-09-14,0.0377121232450008,0.9344266653060912,0.0278612002730369,AMD,4,2428
2023-09-14,0.0716808140277862,0.8845710158348083,0.043748240917921,GS,1,2429
2023-09-14,0.0321018099784851,0.9301326870918274,0.0377654768526554,MSFT,5,2430
2023-09-14,0.0403684563934803,0.0192032344639301,0.9404282569885254,WMT,3,2431
2023-09-14,0.0321018099784851,0.9301326870918274,0.0377654768526554,MSFT,4,2432
2023-09-15,0.1512781530618667,0.8371686339378357,0.0115531906485557,F,1,2433
2023-09-15,0.0481132715940475,0.8972899913787842,0.0545966960489749,TSLA,1,2434
2023-09-15,0.1512781530618667,0.8371686339378357,0.0115531906485557,F,3,2435
2023-09-15,0.4969018101692199,0.3877086639404297,0.1153894886374473,AMZN,3,2436
2023-09-15,0.4969018101692199,0.3877086639404297,0.1153894886374473,TSLA,3,2437
2023-09-15,0.1512781530618667,0.8371686339378357,0.0115531906485557,F,1,2438
2023-09-15,0.0448616407811641,0.4605089128017425,0.4946294128894806,KO,1,2439
2023-09-15,0.0435683652758598,0.8659135103225708,0.0905181318521499,DIS,2,2440
2023-09-15,0.0096724703907966,0.0333727449178695,0.9569548964500428,DIS,5,2441
2023-09-15,0.0448616407811641,0.4605089128017425,0.4946294128894806,KO,3,2442
2023-09-15,0.0481132715940475,0.8972899913787842,0.0545966960489749,TSLA,2,2443
2023-09-15,0.0524629764258861,0.8919843435287476,0.0555527172982692,WMT,3,2444
2023-09-15,0.0524629764258861,0.8919843435287476,0.0555527172982692,WMT,3,2445
2023-09-15,0.0481132715940475,0.8972899913787842,0.0545966960489749,TSLA,2,2446
2023-09-15,0.0481132715940475,0.8972899913787842,0.0545966960489749,TSLA,1,2447
2023-09-15,0.0524629764258861,0.8919843435287476,0.0555527172982692,WMT,3,2448
2023-09-15,0.0448616407811641,0.4605089128017425,0.4946294128894806,KO,4,2449
2023-09-15,0.0077176420018076,0.0181462205946445,0.9741361737251282,AMD,1,2450
2023-09-15,0.0448616407811641,0.4605089128017425,0.4946294128894806,KO,5,2451
2023-09-15,0.0072531811892986,0.0296330619603395,0.9631138443946838,F,5,2452
2023-09-15,0.109240174293518,0.8345943689346313,0.0561655201017856,BRK,3,2453
2023-09-15,0.1512781530618667,0.8371686339378357,0.0115531906485557,F,4,2454
2023-09-15,0.1512781530618667,0.8371686339378357,0.0115531906485557,F,3,2455
2023-09-15,0.0096724703907966,0.0333727449178695,0.9569548964500428,DIS,3,2456
2023-09-15,0.0095293996855616,0.0168985072523355,0.9735721349716188,NVDA,5,2457
2023-09-15,0.0524629764258861,0.8919843435287476,0.0555527172982692,WMT,3,2458
2023-09-15,0.0481132715940475,0.8972899913787842,0.0545966960489749,TSLA,1,2459
2023-09-15,0.1310827285051345,0.8587828278541565,0.0101344212889671,UBER,3,2460
2023-09-15,0.0323165282607078,0.8405740857124329,0.1271094232797622,AMD,1,2461
2023-09-15,0.0524629764258861,0.8919843435287476,0.0555527172982692,WMT,5,2462
2023-09-15,0.5836480855941772,0.3726678788661957,0.0436839833855629,GS,2,2463
2023-09-15,0.0481132715940475,0.8972899913787842,0.0545966960489749,TSLA,3,2464
2023-09-15,0.337453544139862,0.6489444971084595,0.0136020304635167,NVDA,4,2465
2023-09-15,0.0406985208392143,0.936772346496582,0.022529162466526,TSLA,3,2466
2023-09-15,0.1512781530618667,0.8371686339378357,0.0115531906485557,F,3,2467
2023-09-15,0.0448616407811641,0.4605089128017425,0.4946294128894806,KO,4,2468
2023-09-15,0.0481132715940475,0.8972899913787842,0.0545966960489749,TSLA,3,2469
2023-09-15,0.0524629764258861,0.8919843435287476,0.0555527172982692,WMT,1,2470
2023-09-15,0.1512781530618667,0.8371686339378357,0.0115531906485557,F,2,2471
2023-09-15,0.1512781530618667,0.8371686339378357,0.0115531906485557,F,5,2472
2023-09-15,0.1512781530618667,0.8371686339378357,0.0115531906485557,F,1,2473
2023-09-15,0.0524629764258861,0.8919843435287476,0.0555527172982692,WMT,2,2474
2023-09-15,0.0448616407811641,0.4605089128017425,0.4946294128894806,KO,3,2475
2023-09-15,0.0524629764258861,0.8919843435287476,0.0555527172982692,WMT,4,2476
2023-09-15,0.0481132715940475,0.8972899913787842,0.0545966960489749,TSLA,3,2477
2023-09-15,0.0524629764258861,0.8919843435287476,0.0555527172982692,WMT,5,2478
2023-09-15,0.0524629764258861,0.8919843435287476,0.0555527172982692,WMT,5,2479
2023-09-15,0.0481132715940475,0.8972899913787842,0.0545966960489749,TSLA,3,2480
2023-09-15,0.7376667857170105,0.2371093928813934,0.0252238605171442,NVDA,3,2481
2023-09-15,0.1512781530618667,0.8371686339378357,0.0115531906485557,F,1,2482
2023-09-15,0.0448616407811641,0.4605089128017425,0.4946294128894806,KO,3,2483
2023-09-15,0.1512781530618667,0.8371686339378357,0.0115531906485557,F,4,2484
2023-09-15,0.0524629764258861,0.8919843435287476,0.0555527172982692,WMT,3,2485
2023-09-15,0.0481132715940475,0.8972899913787842,0.0545966960489749,TSLA,4,2486
2023-09-15,0.0524629764258861,0.8919843435287476,0.0555527172982692,WMT,3,2487
2023-09-15,0.1512781530618667,0.8371686339378357,0.0115531906485557,F,5,2488
2023-09-15,0.0481132715940475,0.8972899913787842,0.0545966960489749,TSLA,3,2489
2023-09-15,0.0524629764258861,0.8919843435287476,0.0555527172982692,WMT,3,2490
2023-09-15,0.1512781530618667,0.8371686339378357,0.0115531906485557,F,1,2491
2023-09-15,0.0323165282607078,0.8405740857124329,0.1271094232797622,AMD,3,2492
2023-09-15,0.0448616407811641,0.4605089128017425,0.4946294128894806,KO,4,2493
2023-09-15,0.4969018101692199,0.3877086639404297,0.1153894886374473,AMZN,5,2494
2023-09-15,0.4969018101692199,0.3877086639404297,0.1153894886374473,TSLA,1,2495
2023-09-15,0.0524629764258861,0.8919843435287476,0.0555527172982692,WMT,4,2496
2023-09-16,0.1173770576715469,0.7134838700294495,0.1691391170024871,F,1,2497
2023-09-16,0.1965511590242386,0.5646460056304932,0.238802820444107,MSFT,4,2498
2023-09-17,0.0434363894164562,0.8176662921905518,0.1388972550630569,AAPL,5,2499
2023-09-17,0.0434363894164562,0.8176662921905518,0.1388972550630569,MSFT,5,2500
2023-09-17,0.3227449655532837,0.6634016036987305,0.0138534111902117,AAPL,3,2501
2023-09-17,0.148220807313919,0.8243399858474731,0.0274392031133174,TSLA,5,2502
2023-09-17,0.0613002106547355,0.9147881269454956,0.0239116288721561,TSLA,4,2503
2023-09-17,0.0474557243287563,0.9295734167099,0.0229708813130855,BRK,5,2504
2023-09-17,0.0434363894164562,0.8176662921905518,0.1388972550630569,AAPL,3,2505
2023-09-17,0.0434363894164562,0.8176662921905518,0.1388972550630569,MSFT,5,2506
2023-09-17,0.0686188638210296,0.9139302968978882,0.0174508299678564,BRK,3,2507
2023-09-17,0.0686188638210296,0.9139302968978882,0.0174508299678564,BRK,4,2508
2023-09-17,0.0474557243287563,0.9295734167099,0.0229708813130855,BRK,4,2509
2023-09-18,0.0760881304740905,0.9039365649223328,0.0199753064662218,TSLA,3,2510
2023-09-18,0.0110065834596753,0.0988181754946708,0.8901752233505249,F,3,2511
2023-09-18,0.022980598732829,0.2011861205101013,0.775833249092102,DIS,2,2512
2023-09-18,0.0318125113844871,0.9397173523902892,0.0284700747579336,AMD,1,2513
2023-09-18,0.0396649427711963,0.9328274726867676,0.0275075212121009,AMZN,5,2514
2023-09-18,0.0384870767593383,0.0454958267509937,0.9160171151161194,TSLA,3,2515
2023-09-18,0.0106873735785484,0.1045713722705841,0.8847411870956421,AMZN,3,2516
2023-09-18,0.014816166833043,0.0284131746739149,0.956770658493042,MSFT,3,2517
2023-09-18,0.0220130272209644,0.8916493058204651,0.0863377153873443,MSFT,3,2518
2023-09-18,0.0403201431035995,0.93904846906662,0.0206313766539096,AMZN,2,2519
2023-09-18,0.0403201431035995,0.93904846906662,0.0206313766539096,MSFT,2,2520
2023-09-18,0.0359813757240772,0.93210631608963,0.0319123417139053,NVDA,5,2521
2023-09-18,0.0425906702876091,0.9330024123191832,0.0244069267064332,AAPL,4,2522
2023-09-18,0.02347357198596,0.0901444405317306,0.8863819241523743,AAPL,5,2523
2023-09-18,0.0403201431035995,0.93904846906662,0.0206313766539096,AMZN,4,2524
2023-09-18,0.0403201431035995,0.93904846906662,0.0206313766539096,MSFT,3,2525
2023-09-19,0.0342516005039215,0.9323534965515136,0.0333949439227581,AMD,3,2526
2023-09-19,0.0537970811128616,0.5003405809402466,0.4458622932434082,AMD,3,2527
2023-09-19,0.0537970811128616,0.5003405809402466,0.4458622932434082,AMD,4,2528
2023-09-19,0.0206493623554706,0.2803431451320648,0.6990074515342712,F,1,2529
2023-09-19,0.0178027246147394,0.0995871201157569,0.8826100826263428,F,3,2530
2023-09-19,0.059891439974308,0.9230700731277466,0.017038520425558,AMD,5,2531
2023-09-19,0.0492126792669296,0.146894484758377,0.8038929104804993,AMZN,4,2532
2023-09-19,0.0478839240968227,0.9383535981178284,0.0137625392526388,MSFT,2,2533
2023-09-19,0.0332235060632228,0.7926921844482422,0.174084335565567,MSFT,2,2534
2023-09-19,0.2922088503837585,0.686390221118927,0.0214009098708629,MSFT,5,2535
2023-09-19,0.0537970811128616,0.5003405809402466,0.4458622932434082,AMD,3,2536
2023-09-19,0.0326316021382808,0.7425933480262756,0.2247750759124755,UBER,3,2537
2023-09-19,0.0317698009312152,0.7536319494247437,0.2145982086658477,AMZN,3,2538
2023-09-19,0.0492126792669296,0.146894484758377,0.8038929104804993,AMZN,5,2539
2023-09-19,0.0492126792669296,0.146894484758377,0.8038929104804993,MSFT,3,2540
2023-09-19,0.0127453720197081,0.1043175756931305,0.8829371333122253,F,3,2541
2023-09-19,0.0830635800957679,0.90715229511261,0.0097840838134288,AMZN,3,2542
2023-09-19,0.0356849804520607,0.9378151893615724,0.0264998357743024,F,5,2543
2023-09-19,0.0537970811128616,0.5003405809402466,0.4458622932434082,AMD,3,2544
2023-09-19,0.2446547299623489,0.7344454526901245,0.0208998229354619,DIS,2,2545
2023-09-19,0.0089677264913916,0.0376667901873588,0.953365445137024,DIS,3,2546
2023-09-19,0.0113124623894691,0.0171570610255002,0.9715304970741272,AMZN,5,2547
2023-09-19,0.0113124623894691,0.0171570610255002,0.9715304970741272,DIS,5,2548
2023-09-19,0.072460189461708,0.9158092737197876,0.0117305051535367,NVDA,3,2549
2023-09-19,0.0537970811128616,0.5003405809402466,0.4458622932434082,AMD,3,2550
2023-09-19,0.0537970811128616,0.5003405809402466,0.4458622932434082,AMD,4,2551
2023-09-19,0.0537970811128616,0.5003405809402466,0.4458622932434082,AMD,5,2552
2023-09-19,0.059891439974308,0.9230700731277466,0.017038520425558,AMD,3,2553
2023-09-19,0.088670440018177,0.8240663409233093,0.0872631967067718,TSLA,3,2554
2023-09-19,0.1105381026864051,0.8747386336326599,0.0147232897579669,TSLA,4,2555
2023-09-19,0.0124351754784584,0.0375155210494995,0.9500493407249452,DIS,3,2556
2023-09-19,0.0178027246147394,0.0995871201157569,0.8826100826263428,AAPL,3,2557
2023-09-19,0.0178027246147394,0.0995871201157569,0.8826100826263428,F,3,2558
2023-09-19,0.0537970811128616,0.5003405809402466,0.4458622932434082,AMD,5,2559
2023-09-19,0.0556268543004989,0.6904619932174683,0.2539111077785492,GS,5,2560
2023-09-19,0.9454767107963562,0.0271136704832315,0.0274096392095088,TSLA,3,2561
2023-09-19,0.1461452543735504,0.838699996471405,0.0151547100394964,GS,3,2562
2023-09-20,0.918628454208374,0.0237579401582479,0.0576136261224746,GS,3,2563
2023-09-20,0.0316509082913398,0.3806904852390289,0.5876585841178894,MSFT,5,2564
2023-09-20,0.918628454208374,0.0237579401582479,0.0576136261224746,GS,3,2565
2023-09-20,0.918628454208374,0.0237579401582479,0.0576136261224746,GS,5,2566
2023-09-20,0.150512158870697,0.8382505774497986,0.0112372618168592,TSLA,3,2567
2023-09-20,0.0316509082913398,0.3806904852390289,0.5876585841178894,MSFT,5,2568
2023-09-20,0.918628454208374,0.0237579401582479,0.0576136261224746,GS,5,2569
2023-09-20,0.0316509082913398,0.3806904852390289,0.5876585841178894,MSFT,2,2570
2023-09-20,0.0239777062088251,0.4159446656703949,0.5600776076316833,AMZN,1,2571
2023-09-20,0.918628454208374,0.0237579401582479,0.0576136261224746,GS,3,2572
2023-09-20,0.0370310246944427,0.9370659589767456,0.0259030070155859,AMZN,4,2573
2023-09-20,0.0316509082913398,0.3806904852390289,0.5876585841178894,MSFT,4,2574
2023-09-20,0.018137902021408,0.0716097578406333,0.910252332687378,F,3,2575
2023-09-20,0.0123624373227357,0.0707238167524337,0.9169137477874756,AAPL,5,2576
2023-09-20,0.1668907850980758,0.8177565336227417,0.0153526440262794,NVDA,3,2577
2023-09-20,0.0199072621762752,0.146001324057579,0.8340913653373718,AAPL,5,2578
2023-09-20,0.0316509082913398,0.3806904852390289,0.5876585841178894,MSFT,4,2579
2023-09-20,0.0702371895313263,0.8013520836830139,0.1284107267856598,AMZN,2,2580
2023-09-20,0.0316509082913398,0.3806904852390289,0.5876585841178894,MSFT,4,2581
2023-09-20,0.0316509082913398,0.3806904852390289,0.5876585841178894,MSFT,5,2582
2023-09-20,0.0119252605363726,0.01764309220016,0.9704317450523376,UBER,3,2583
2023-09-20,0.0205295849591493,0.4078027606010437,0.5716676115989685,UBER,5,2584
2023-09-20,0.0392859019339084,0.858767032623291,0.1019470915198326,GS,3,2585
2023-09-20,0.1454387903213501,0.1322377175092697,0.7223235368728638,GS,5,2586
2023-09-20,0.0341187119483947,0.9391028881072998,0.0267783869057893,AMD,3,2587
2023-09-20,0.023930424824357,0.4628432393074035,0.5132263898849487,MSFT,3,2588
2023-09-20,0.918628454208374,0.0237579401582479,0.0576136261224746,GS,3,2589
2023-09-20,0.918628454208374,0.0237579401582479,0.0576136261224746,GS,3,2590
2023-09-20,0.0805810093879699,0.8865143060684204,0.0329046659171581,UBER,3,2591
2023-09-20,0.0406519286334514,0.6780528426170349,0.2812952101230621,F,5,2592
2023-09-20,0.0316509082913398,0.3806904852390289,0.5876585841178894,MSFT,2,2593
2023-09-20,0.918628454208374,0.0237579401582479,0.0576136261224746,GS,5,2594
2023-09-20,0.918628454208374,0.0237579401582479,0.0576136261224746,GS,3,2595
2023-09-20,0.918628454208374,0.0237579401582479,0.0576136261224746,GS,3,2596
2023-09-20,0.0316509082913398,0.3806904852390289,0.5876585841178894,MSFT,2,2597
2023-09-20,0.918628454208374,0.0237579401582479,0.0576136261224746,GS,3,2598
2023-09-20,0.0276915375143289,0.4793275892734527,0.4929808676242828,DIS,2,2599
2023-09-20,0.918628454208374,0.0237579401582479,0.0576136261224746,GS,5,2600
2023-09-21,0.0352722071111202,0.3557488918304443,0.6089789271354675,BRK,2,2601
2023-09-21,0.0418792515993118,0.8609903454780579,0.0971304550766944,AMZN,2,2602
2023-09-21,0.0418792515993118,0.8609903454780579,0.0971304550766944,MSFT,3,2603
2023-09-21,0.0406618490815162,0.7465686202049255,0.2127694636583328,GOOG,4,2604
2023-09-21,0.0352722071111202,0.3557488918304443,0.6089789271354675,BRK,5,2605
2023-09-21,0.0406618490815162,0.7465686202049255,0.2127694636583328,GOOG,3,2606
2023-09-21,0.0406618490815162,0.7465686202049255,0.2127694636583328,NVDA,3,2607
2023-09-21,0.0352722071111202,0.3557488918304443,0.6089789271354675,BRK,3,2608
2023-09-21,0.0352722071111202,0.3557488918304443,0.6089789271354675,SPY,3,2609
2023-09-21,0.0352722071111202,0.3557488918304443,0.6089789271354675,BRK,4,2610
2023-09-21,0.0352722071111202,0.3557488918304443,0.6089789271354675,SPY,3,2611
2023-09-21,0.0418792515993118,0.8609903454780579,0.0971304550766944,MSFT,4,2612
2023-09-21,0.0352722071111202,0.3557488918304443,0.6089789271354675,BRK,4,2613
2023-09-21,0.0406618490815162,0.7465686202049255,0.2127694636583328,GOOG,3,2614
2023-09-21,0.0406618490815162,0.7465686202049255,0.2127694636583328,NVDA,5,2615
2023-09-21,0.0418792515993118,0.8609903454780579,0.0971304550766944,AMZN,1,2616
2023-09-21,0.0418792515993118,0.8609903454780579,0.0971304550766944,MSFT,5,2617
2023-09-21,0.0406618490815162,0.7465686202049255,0.2127694636583328,GOOG,5,2618
2023-09-21,0.0418792515993118,0.8609903454780579,0.0971304550766944,MSFT,2,2619
2023-09-21,0.0258545391261577,0.9460271596908568,0.0281183421611785,GS,3,2620
2023-09-21,0.0406618490815162,0.7465686202049255,0.2127694636583328,GOOG,4,2621
2023-09-21,0.0406618490815162,0.7465686202049255,0.2127694636583328,NVDA,5,2622
2023-09-21,0.0953096151351928,0.8151684999465942,0.0895218700170517,AAPL,3,2623
2023-09-21,0.013705619610846,0.1095603927969932,0.8767339587211609,MSFT,5,2624
2023-09-21,0.0423557870090007,0.4513351023197174,0.5063090920448303,MSFT,3,2625
2023-09-21,0.0352722071111202,0.3557488918304443,0.6089789271354675,BRK,4,2626
2023-09-21,0.0352722071111202,0.3557488918304443,0.6089789271354675,SPY,4,2627
2023-09-21,0.0406618490815162,0.7465686202049255,0.2127694636583328,GOOG,5,2628
2023-09-21,0.0406618490815162,0.7465686202049255,0.2127694636583328,NVDA,3,2629
2023-09-21,0.0418792515993118,0.8609903454780579,0.0971304550766944,AAPL,5,2630
2023-09-21,0.0418792515993118,0.8609903454780579,0.0971304550766944,AMZN,1,2631
2023-09-21,0.0418792515993118,0.8609903454780579,0.0971304550766944,MSFT,3,2632
2023-09-21,0.0765326619148254,0.9074175357818604,0.0160497296601533,AAPL,2,2633
2023-09-21,0.0765326619148254,0.9074175357818604,0.0160497296601533,MSFT,4,2634
2023-09-21,0.947827935218811,0.0288205239921808,0.0233514904975891,AAPL,2,2635
2023-09-21,0.7987086772918701,0.1886876970529556,0.0126035558059811,GS,4,2636
2023-09-21,0.7987086772918701,0.1886876970529556,0.0126035558059811,MSFT,5,2637
2023-09-21,0.0352722071111202,0.3557488918304443,0.6089789271354675,BRK,5,2638
2023-09-21,0.0352722071111202,0.3557488918304443,0.6089789271354675,SPY,3,2639
2023-09-21,0.0406618490815162,0.7465686202049255,0.2127694636583328,GOOG,5,2640
2023-09-21,0.0406618490815162,0.7465686202049255,0.2127694636583328,NVDA,2,2641
2023-09-21,0.7987086772918701,0.1886876970529556,0.0126035558059811,GS,3,2642
2023-09-21,0.7987086772918701,0.1886876970529556,0.0126035558059811,MSFT,3,2643
2023-09-21,0.0418792515993118,0.8609903454780579,0.0971304550766944,MSFT,3,2644
2023-09-21,0.5698692202568054,0.4167845547199249,0.0133462762460112,AAPL,3,2645
2023-09-21,0.0352722071111202,0.3557488918304443,0.6089789271354675,SPY,1,2646
2023-09-21,0.0406618490815162,0.7465686202049255,0.2127694636583328,NVDA,5,2647
2023-09-21,0.0352722071111202,0.3557488918304443,0.6089789271354675,SPY,3,2648
2023-09-21,0.7987086772918701,0.1886876970529556,0.0126035558059811,GS,4,2649
2023-09-21,0.7987086772918701,0.1886876970529556,0.0126035558059811,MSFT,3,2650
2023-09-21,0.0765326619148254,0.9074175357818604,0.0160497296601533,AAPL,1,2651
2023-09-21,0.0418792515993118,0.8609903454780579,0.0971304550766944,AAPL,3,2652
2023-09-21,0.0418792515993118,0.8609903454780579,0.0971304550766944,MSFT,2,2653
2023-09-21,0.0418792515993118,0.8609903454780579,0.0971304550766944,AAPL,2,2654
2023-09-21,0.0418792515993118,0.8609903454780579,0.0971304550766944,MSFT,2,2655
2023-09-21,0.0418792515993118,0.8609903454780579,0.0971304550766944,AAPL,1,2656
2023-09-21,0.0418792515993118,0.8609903454780579,0.0971304550766944,AAPL,3,2657
2023-09-21,0.0352722071111202,0.3557488918304443,0.6089789271354675,BRK,3,2658
2023-09-21,0.0352722071111202,0.3557488918304443,0.6089789271354675,SPY,3,2659
2023-09-21,0.0406618490815162,0.7465686202049255,0.2127694636583328,GOOG,1,2660
2023-09-21,0.0406618490815162,0.7465686202049255,0.2127694636583328,NVDA,3,2661
2023-09-21,0.0418792515993118,0.8609903454780579,0.0971304550766944,AAPL,5,2662
2023-09-21,0.0418792515993118,0.8609903454780579,0.0971304550766944,AMZN,4,2663
2023-09-21,0.0381976813077926,0.7880068421363831,0.173795461654663,SPY,3,2664
2023-09-21,0.0418792515993118,0.8609903454780579,0.0971304550766944,AAPL,4,2665
2023-09-21,0.0418792515993118,0.8609903454780579,0.0971304550766944,AMZN,2,2666
2023-09-21,0.0418792515993118,0.8609903454780579,0.0971304550766944,MSFT,3,2667
2023-09-21,0.3265416324138641,0.2543623745441437,0.4190959930419922,MSFT,5,2668
2023-09-21,0.0418792515993118,0.8609903454780579,0.0971304550766944,AAPL,4,2669
2023-09-21,0.0420409590005874,0.9326403141021729,0.0253187604248523,DIS,5,2670
2023-09-21,0.0406618490815162,0.7465686202049255,0.2127694636583328,NVDA,4,2671
2023-09-21,0.0352722071111202,0.3557488918304443,0.6089789271354675,SPY,2,2672
2023-09-21,0.6821001172065735,0.2254349589347839,0.0924649313092231,F,2,2673
2023-09-21,0.0406618490815162,0.7465686202049255,0.2127694636583328,GOOG,1,2674
2023-09-21,0.0406618490815162,0.7465686202049255,0.2127694636583328,NVDA,5,2675
2023-09-21,0.0352722071111202,0.3557488918304443,0.6089789271354675,BRK,3,2676
2023-09-21,0.0352722071111202,0.3557488918304443,0.6089789271354675,SPY,2,2677
2023-09-21,0.0418792515993118,0.8609903454780579,0.0971304550766944,AAPL,3,2678
2023-09-21,0.0551093444228172,0.9263272285461426,0.0185634586960077,DIS,1,2679
2023-09-21,0.0406618490815162,0.7465686202049255,0.2127694636583328,GOOG,3,2680
2023-09-21,0.0406618490815162,0.7465686202049255,0.2127694636583328,NVDA,5,2681
2023-09-21,0.0406618490815162,0.7465686202049255,0.2127694636583328,GOOG,2,2682
2023-09-21,0.0352722071111202,0.3557488918304443,0.6089789271354675,BRK,5,2683
2023-09-21,0.0352722071111202,0.3557488918304443,0.6089789271354675,SPY,3,2684
2023-09-21,0.0406618490815162,0.7465686202049255,0.2127694636583328,GOOG,5,2685
2023-09-21,0.0406618490815162,0.7465686202049255,0.2127694636583328,NVDA,2,2686
2023-09-21,0.0406618490815162,0.7465686202049255,0.2127694636583328,GOOG,3,2687
2023-09-21,0.0406618490815162,0.7465686202049255,0.2127694636583328,NVDA,3,2688
2023-09-22,0.792474627494812,0.1955114156007766,0.0120139829814434,SPY,2,2689
2023-09-22,0.4114158451557159,0.4753116369247436,0.1132724434137344,AAPL,5,2690
2023-09-22,0.0647706091403961,0.0337265282869339,0.9015029072761536,AAPL,3,2691
2023-09-22,0.0647706091403961,0.0337265282869339,0.9015029072761536,MSFT,5,2692
2023-09-22,0.0130835194140672,0.020684914663434,0.9662315845489502,AAPL,5,2693
2023-09-22,0.1551988571882248,0.0478502735495567,0.7969508767127991,AAPL,3,2694
2023-09-22,0.1551988571882248,0.0478502735495567,0.7969508767127991,MSFT,4,2695
2023-09-22,0.0814170688390731,0.8367730379104614,0.081809863448143,GS,2,2696
2023-09-22,0.792474627494812,0.1955114156007766,0.0120139829814434,SPY,2,2697
2023-09-22,0.0405864156782627,0.9364846348762512,0.0229289177805185,AAPL,2,2698
2023-09-22,0.792474627494812,0.1955114156007766,0.0120139829814434,SPY,3,2699
2023-09-22,0.0267115943133831,0.9112163186073304,0.0620720572769641,AMZN,5,2700
2023-09-22,0.0267115943133831,0.9112163186073304,0.0620720572769641,DIS,5,2701
2023-09-22,0.0814170688390731,0.8367730379104614,0.081809863448143,GS,4,2702
2023-09-22,0.026070337742567,0.4885763227939605,0.4853533506393432,DIS,3,2703
2023-09-22,0.1148311644792556,0.8096539378166199,0.075514905154705,AMZN,3,2704
2023-09-22,0.0647706091403961,0.0337265282869339,0.9015029072761536,AAPL,5,2705
2023-09-22,0.0647706091403961,0.0337265282869339,0.9015029072761536,MSFT,3,2706
2023-09-22,0.0130835194140672,0.020684914663434,0.9662315845489502,AAPL,5,2707
2023-09-22,0.0130835194140672,0.020684914663434,0.9662315845489502,MSFT,3,2708
2023-09-22,0.0267115943133831,0.9112163186073304,0.0620720572769641,AMZN,3,2709
2023-09-22,0.0267115943133831,0.9112163186073304,0.0620720572769641,DIS,3,2710
2023-09-22,0.0442858785390853,0.9194490313529968,0.0362651273608207,DIS,1,2711
2023-09-22,0.0604460649192333,0.9242042303085328,0.015349724330008,AMD,3,2712
2023-09-22,0.1551988571882248,0.0478502735495567,0.7969508767127991,AAPL,1,2713
2023-09-22,0.0250467173755168,0.7363457679748535,0.2386074960231781,AMZN,3,2714
2023-09-22,0.792474627494812,0.1955114156007766,0.0120139829814434,SPY,5,2715
2023-09-22,0.0814170688390731,0.8367730379104614,0.081809863448143,GS,3,2716
2023-09-22,0.792474627494812,0.1955114156007766,0.0120139829814434,SPY,3,2717
2023-09-22,0.0814170688390731,0.8367730379104614,0.081809863448143,GS,4,2718
2023-09-22,0.792474627494812,0.1955114156007766,0.0120139829814434,SPY,3,2719
2023-09-22,0.0814170688390731,0.8367730379104614,0.081809863448143,GS,4,2720
2023-09-22,0.0814170688390731,0.8367730379104614,0.081809863448143,GS,3,2721
2023-09-22,0.792474627494812,0.1955114156007766,0.0120139829814434,SPY,5,2722
2023-09-22,0.792474627494812,0.1955114156007766,0.0120139829814434,SPY,5,2723
2023-09-22,0.0814170688390731,0.8367730379104614,0.081809863448143,GS,3,2724
2023-09-22,0.792474627494812,0.1955114156007766,0.0120139829814434,SPY,4,2725
2023-09-22,0.792474627494812,0.1955114156007766,0.0120139829814434,SPY,5,2726
2023-09-22,0.0374449975788593,0.9340171813964844,0.0285378061234951,F,5,2727
2023-09-22,0.044536504894495,0.92353492975235,0.0319285430014133,F,4,2728
2023-09-22,0.0814170688390731,0.8367730379104614,0.081809863448143,GS,3,2729
2023-09-22,0.792474627494812,0.1955114156007766,0.0120139829814434,SPY,5,2730
2023-09-22,0.0422556772828102,0.6229239702224731,0.3348203301429748,GS,4,2731
2023-09-22,0.792474627494812,0.1955114156007766,0.0120139829814434,SPY,3,2732
2023-09-22,0.0814170688390731,0.8367730379104614,0.081809863448143,GS,5,2733
2023-09-23,0.0433490723371505,0.9343612790107728,0.0222895890474319,UBER,1,2734
2023-09-23,0.0145899383351206,0.1857529431581497,0.7996571063995361,DIS,3,2735
2023-09-23,0.0462235286831855,0.923556387424469,0.0302201155573129,AAPL,3,2736
2023-09-23,0.0983148217201232,0.4892550110816955,0.4124301075935364,AAPL,1,2737
2023-09-24,0.0381349734961986,0.4347621500492096,0.5271028876304626,DIS,1,2738
2023-09-24,0.030254803597927,0.7684845924377441,0.2012606263160705,MSFT,2,2739
2023-09-24,0.0479493103921413,0.9321428537368774,0.0199077911674976,DIS,5,2740
2023-09-24,0.030254803597927,0.7684845924377441,0.2012606263160705,MSFT,5,2741
2023-09-24,0.139825090765953,0.8462655544281006,0.0139093557372689,MSFT,5,2742
2023-09-24,0.139825090765953,0.8462655544281006,0.0139093557372689,TSLA,3,2743
2023-09-24,0.139825090765953,0.8462655544281006,0.0139093557372689,MSFT,3,2744
2023-09-24,0.139825090765953,0.8462655544281006,0.0139093557372689,TSLA,5,2745
2023-09-24,0.0475427322089672,0.9293167591094972,0.0231404975056648,TSLA,3,2746
2023-09-24,0.3653742671012878,0.0878683626651763,0.5467574000358582,F,5,2747
2023-09-25,0.0513788200914859,0.8782680630683899,0.0703531205654144,WMT,3,2748
2023-09-25,0.060024794191122,0.8875882625579834,0.0523869358003139,UBER,5,2749
2023-09-25,0.0755452662706375,0.912117838859558,0.0123368808999657,AAPL,3,2750
2023-09-25,0.0755452662706375,0.912117838859558,0.0123368808999657,AMZN,3,2751
2023-09-25,0.015701126307249,0.0223544277250766,0.9619444608688354,AMZN,3,2752
2023-09-25,0.015701126307249,0.0223544277250766,0.9619444608688354,MSFT,2,2753
2023-09-25,0.0755452662706375,0.912117838859558,0.0123368808999657,AAPL,5,2754
2023-09-25,0.0755452662706375,0.912117838859558,0.0123368808999657,AMZN,3,2755
2023-09-25,0.1435499042272567,0.7991247773170471,0.0573252439498901,F,3,2756
2023-09-25,0.1435499042272567,0.7991247773170471,0.0573252439498901,MSFT,5,2757
2023-09-25,0.060024794191122,0.8875882625579834,0.0523869358003139,UBER,3,2758
2023-09-25,0.0755452662706375,0.912117838859558,0.0123368808999657,AAPL,3,2759
2023-09-25,0.0755452662706375,0.912117838859558,0.0123368808999657,AMZN,5,2760
2023-09-25,0.0960901752114296,0.1300269514322281,0.7738828659057617,GS,3,2761
2023-09-25,0.0642220079898834,0.9145336151123048,0.0212444029748439,AMD,3,2762
2023-09-25,0.0642220079898834,0.9145336151123048,0.0212444029748439,NVDA,2,2763
2023-09-25,0.0199972372502088,0.2396358847618103,0.7403668761253357,AMD,3,2764
2023-09-25,0.0899892747402191,0.8096305727958679,0.1003801524639129,TSLA,3,2765
2023-09-25,0.060024794191122,0.8875882625579834,0.0523869358003139,UBER,3,2766
2023-09-25,0.0513788200914859,0.8782680630683899,0.0703531205654144,WMT,5,2767
2023-09-25,0.1655236482620239,0.8240437507629395,0.0104325916618108,TSLA,3,2768
2023-09-25,0.0755452662706375,0.912117838859558,0.0123368808999657,AAPL,3,2769
2023-09-25,0.0755452662706375,0.912117838859558,0.0123368808999657,AMZN,3,2770
2023-09-25,0.0899892747402191,0.8096305727958679,0.1003801524639129,TSLA,4,2771
2023-09-25,0.0100257284939289,0.0166237875819206,0.973350465297699,GS,5,2772
2023-09-25,0.0100257284939289,0.0166237875819206,0.973350465297699,GS,4,2773
2023-09-25,0.015701126307249,0.0223544277250766,0.9619444608688354,AMZN,5,2774
2023-09-25,0.015701126307249,0.0223544277250766,0.9619444608688354,MSFT,3,2775
2023-09-25,0.0262270513921976,0.4461374580860138,0.5276355147361755,WMT,5,2776
2023-09-25,0.0100257284939289,0.0166237875819206,0.973350465297699,GS,5,2777
2023-09-25,0.0513788200914859,0.8782680630683899,0.0703531205654144,WMT,3,2778
2023-09-25,0.060024794191122,0.8875882625579834,0.0523869358003139,UBER,3,2779
2023-09-25,0.0100257284939289,0.0166237875819206,0.973350465297699,GS,4,2780
2023-09-25,0.0100257284939289,0.0166237875819206,0.973350465297699,GS,2,2781
2023-09-25,0.0755452662706375,0.912117838859558,0.0123368808999657,AAPL,4,2782
2023-09-25,0.0755452662706375,0.912117838859558,0.0123368808999657,AMZN,1,2783
2023-09-25,0.0100257284939289,0.0166237875819206,0.973350465297699,GS,4,2784
2023-09-25,0.0755452662706375,0.912117838859558,0.0123368808999657,AAPL,5,2785
2023-09-25,0.0755452662706375,0.912117838859558,0.0123368808999657,AMZN,3,2786
2023-09-25,0.0513788200914859,0.8782680630683899,0.0703531205654144,WMT,3,2787
2023-09-25,0.0755452662706375,0.912117838859558,0.0123368808999657,AAPL,4,2788
2023-09-25,0.0755452662706375,0.912117838859558,0.0123368808999657,AMZN,4,2789
2023-09-25,0.0755452662706375,0.912117838859558,0.0123368808999657,AMZN,3,2790
2023-09-25,0.015701126307249,0.0223544277250766,0.9619444608688354,AMZN,3,2791
2023-09-25,0.060024794191122,0.8875882625579834,0.0523869358003139,UBER,4,2792
2023-09-25,0.0513788200914859,0.8782680630683899,0.0703531205654144,WMT,3,2793
2023-09-25,0.015701126307249,0.0223544277250766,0.9619444608688354,MSFT,5,2794
2023-09-25,0.015701126307249,0.0223544277250766,0.9619444608688354,MSFT,5,2795
2023-09-25,0.0100257284939289,0.0166237875819206,0.973350465297699,GS,3,2796
2023-09-25,0.0100257284939289,0.0166237875819206,0.973350465297699,GS,3,2797
2023-09-25,0.0492231510579586,0.912757933139801,0.0380188897252082,F,3,2798
2023-09-25,0.0513788200914859,0.8782680630683899,0.0703531205654144,WMT,2,2799
2023-09-25,0.015701126307249,0.0223544277250766,0.9619444608688354,AMZN,4,2800
2023-09-25,0.015701126307249,0.0223544277250766,0.9619444608688354,MSFT,4,2801
2023-09-25,0.0899892747402191,0.8096305727958679,0.1003801524639129,TSLA,3,2802
2023-09-25,0.0755452662706375,0.912117838859558,0.0123368808999657,AAPL,4,2803
2023-09-25,0.0755452662706375,0.912117838859558,0.0123368808999657,AMZN,3,2804
2023-09-25,0.0513788200914859,0.8782680630683899,0.0703531205654144,WMT,2,2805
2023-09-25,0.0100257284939289,0.0166237875819206,0.973350465297699,GS,3,2806
2023-09-25,0.1435499042272567,0.7991247773170471,0.0573252439498901,F,4,2807
2023-09-25,0.1435499042272567,0.7991247773170471,0.0573252439498901,MSFT,3,2808
2023-09-25,0.0100257284939289,0.0166237875819206,0.973350465297699,GS,3,2809
2023-09-25,0.015701126307249,0.0223544277250766,0.9619444608688354,AMZN,4,2810
2023-09-25,0.015701126307249,0.0223544277250766,0.9619444608688354,MSFT,1,2811
2023-09-25,0.0100257284939289,0.0166237875819206,0.973350465297699,GS,5,2812
2023-09-25,0.0899892747402191,0.8096305727958679,0.1003801524639129,TSLA,4,2813
2023-09-25,0.015701126307249,0.0223544277250766,0.9619444608688354,MSFT,3,2814
2023-09-25,0.0755452662706375,0.912117838859558,0.0123368808999657,AAPL,3,2815
2023-09-25,0.0755452662706375,0.912117838859558,0.0123368808999657,AMZN,5,2816
2023-09-25,0.0755452662706375,0.912117838859558,0.0123368808999657,AAPL,3,2817
2023-09-25,0.0755452662706375,0.912117838859558,0.0123368808999657,AMZN,5,2818
2023-09-25,0.015701126307249,0.0223544277250766,0.9619444608688354,AMZN,3,2819
2023-09-25,0.015701126307249,0.0223544277250766,0.9619444608688354,MSFT,4,2820
2023-09-25,0.060024794191122,0.8875882625579834,0.0523869358003139,UBER,5,2821
2023-09-25,0.0513788200914859,0.8782680630683899,0.0703531205654144,WMT,3,2822
2023-09-25,0.0100257284939289,0.0166237875819206,0.973350465297699,GS,2,2823
2023-09-25,0.0899892747402191,0.8096305727958679,0.1003801524639129,TSLA,2,2824
2023-09-25,0.015701126307249,0.0223544277250766,0.9619444608688354,AMZN,4,2825
2023-09-25,0.015701126307249,0.0223544277250766,0.9619444608688354,MSFT,5,2826
2023-09-25,0.0642220079898834,0.9145336151123048,0.0212444029748439,AMD,3,2827
2023-09-25,0.0642220079898834,0.9145336151123048,0.0212444029748439,NVDA,3,2828
2023-09-25,0.0234812125563621,0.6878567337989807,0.2886620759963989,AAPL,4,2829
2023-09-25,0.0782739892601966,0.8705876469612122,0.0511383526027202,AAPL,5,2830
2023-09-25,0.0782739892601966,0.8705876469612122,0.0511383526027202,MSFT,3,2831
2023-09-25,0.1351729780435562,0.1750535368919372,0.6897734999656677,AMZN,5,2832
2023-09-25,0.1351729780435562,0.1750535368919372,0.6897734999656677,BRK,5,2833
2023-09-25,0.015701126307249,0.0223544277250766,0.9619444608688354,AMZN,3,2834
2023-09-25,0.015701126307249,0.0223544277250766,0.9619444608688354,MSFT,3,2835
2023-09-25,0.060024794191122,0.8875882625579834,0.0523869358003139,UBER,4,2836
2023-09-25,0.0755452662706375,0.912117838859558,0.0123368808999657,AAPL,2,2837
2023-09-25,0.0755452662706375,0.912117838859558,0.0123368808999657,AMZN,5,2838
2023-09-25,0.1351729780435562,0.1750535368919372,0.6897734999656677,AMZN,2,2839
2023-09-25,0.1351729780435562,0.1750535368919372,0.6897734999656677,BRK,5,2840
2023-09-25,0.0755452662706375,0.912117838859558,0.0123368808999657,AAPL,5,2841
2023-09-25,0.0755452662706375,0.912117838859558,0.0123368808999657,AMZN,3,2842
2023-09-25,0.0513788200914859,0.8782680630683899,0.0703531205654144,WMT,4,2843
2023-09-25,0.0100257284939289,0.0166237875819206,0.973350465297699,GS,4,2844
2023-09-25,0.0755452662706375,0.912117838859558,0.0123368808999657,AAPL,5,2845
2023-09-25,0.0755452662706375,0.912117838859558,0.0123368808999657,AMZN,4,2846
2023-09-25,0.0513788200914859,0.8782680630683899,0.0703531205654144,WMT,1,2847
2023-09-25,0.060024794191122,0.8875882625579834,0.0523869358003139,UBER,3,2848
2023-09-25,0.0899892747402191,0.8096305727958679,0.1003801524639129,TSLA,4,2849
2023-09-25,0.0513788200914859,0.8782680630683899,0.0703531205654144,WMT,1,2850
2023-09-25,0.0289972499012947,0.0286687295883893,0.942333996295929,AMZN,5,2851
2023-09-25,0.0939454361796379,0.8965256810188293,0.009528923779726,AMZN,3,2852
2023-09-26,0.0099980700761079,0.0161874908953905,0.9738144278526306,GOOG,3,2853
2023-09-26,0.0099980700761079,0.0161874908953905,0.9738144278526306,GOOG,3,2854
2023-09-26,0.0099980700761079,0.0161874908953905,0.9738144278526306,GOOG,3,2855
2023-09-26,0.0628369152545929,0.0246437452733516,0.9125193357467652,AMZN,4,2856
2023-09-26,0.0367002785205841,0.3726275861263275,0.5906721353530884,KO,1,2857
2023-09-26,0.0628369152545929,0.0246437452733516,0.9125193357467652,AMZN,5,2858
2023-09-26,0.0367002785205841,0.3726275861263275,0.5906721353530884,KO,5,2859
2023-09-26,0.0552882887423038,0.9267809987068176,0.0179306622594594,NVDA,3,2860
2023-09-26,0.0660248547792434,0.914197027683258,0.0197781138122081,BRK,3,2861
2023-09-26,0.0367002785205841,0.3726275861263275,0.5906721353530884,KO,3,2862
2023-09-26,0.0660248547792434,0.914197027683258,0.0197781138122081,BRK,2,2863
2023-09-26,0.0367002785205841,0.3726275861263275,0.5906721353530884,KO,3,2864
2023-09-26,0.0099980700761079,0.0161874908953905,0.9738144278526306,GOOG,5,2865
2023-09-26,0.0628369152545929,0.0246437452733516,0.9125193357467652,AMZN,3,2866
2023-09-26,0.0088185733184218,0.0180797185748815,0.9731017351150512,AMZN,3,2867
2023-09-26,0.0088185733184218,0.0180797185748815,0.9731017351150512,TSLA,5,2868
2023-09-26,0.0292931850999593,0.9425165057182312,0.0281903445720672,AMZN,5,2869
2023-09-26,0.1005386412143707,0.8597574830055237,0.0397038757801055,AMZN,3,2870
2023-09-26,0.0437565222382545,0.9324919581413268,0.0237515326589345,AMD,5,2871
2023-09-26,0.0084359003230929,0.0185168012976646,0.9730471968650818,AMZN,3,2872
2023-09-26,0.0084359003230929,0.0185168012976646,0.9730471968650818,TSLA,5,2873
2023-09-26,0.0628369152545929,0.0246437452733516,0.9125193357467652,AMZN,3,2874
2023-09-26,0.0628369152545929,0.0246437452733516,0.9125193357467652,AMZN,3,2875
2023-09-26,0.0628369152545929,0.0246437452733516,0.9125193357467652,AMZN,3,2876
2023-09-26,0.0322856232523918,0.145859032869339,0.8218553066253662,AAPL,1,2877
2023-09-26,0.0279120951890945,0.9349563717842102,0.037131555378437,AMZN,4,2878
2023-09-26,0.0099980700761079,0.0161874908953905,0.9738144278526306,GOOG,4,2879
2023-09-26,0.0099980700761079,0.0161874908953905,0.9738144278526306,GOOG,3,2880
2023-09-26,0.0084359003230929,0.0185168012976646,0.9730471968650818,AMZN,3,2881
2023-09-26,0.0084359003230929,0.0185168012976646,0.9730471968650818,TSLA,3,2882
2023-09-26,0.0350114330649375,0.9197726249694824,0.0452158935368061,AAPL,1,2883
2023-09-26,0.0731251016259193,0.8818279504776001,0.0450469553470611,TSLA,5,2884
2023-09-26,0.0439880192279815,0.926852285861969,0.0291597265750169,AAPL,1,2885
2023-09-26,0.0439880192279815,0.926852285861969,0.0291597265750169,AMZN,3,2886
2023-09-26,0.0367002785205841,0.3726275861263275,0.5906721353530884,KO,2,2887
2023-09-26,0.0099980700761079,0.0161874908953905,0.9738144278526306,GOOG,5,2888
2023-09-26,0.0099980700761079,0.0161874908953905,0.9738144278526306,GOOG,1,2889
2023-09-26,0.0191553235054016,0.3235716521739959,0.6572730541229248,AAPL,3,2890
2023-09-26,0.0628369152545929,0.0246437452733516,0.9125193357467652,AMZN,3,2891
2023-09-26,0.0099980700761079,0.0161874908953905,0.9738144278526306,GOOG,3,2892
2023-09-26,0.0628369152545929,0.0246437452733516,0.9125193357467652,AMZN,3,2893
2023-09-26,0.0099980700761079,0.0161874908953905,0.9738144278526306,GOOG,3,2894
2023-09-26,0.0099980700761079,0.0161874908953905,0.9738144278526306,GOOG,1,2895
2023-09-26,0.0358992330729961,0.7941317558288574,0.1699690073728561,AAPL,3,2896
2023-09-26,0.0547289252281188,0.9208322763442992,0.0244387648999691,AAPL,3,2897
2023-09-26,0.0439880192279815,0.926852285861969,0.0291597265750169,AAPL,5,2898
2023-09-26,0.0439880192279815,0.926852285861969,0.0291597265750169,AMZN,4,2899
2023-09-26,0.0322856232523918,0.145859032869339,0.8218553066253662,AAPL,3,2900
2023-09-26,0.0099980700761079,0.0161874908953905,0.9738144278526306,GOOG,4,2901
2023-09-26,0.0099980700761079,0.0161874908953905,0.9738144278526306,GOOG,3,2902
2023-09-26,0.0367002785205841,0.3726275861263275,0.5906721353530884,KO,4,2903
2023-09-26,0.0354318581521511,0.8257991075515747,0.138769045472145,DIS,3,2904
2023-09-26,0.0354318581521511,0.8257991075515747,0.138769045472145,SPY,3,2905
2023-09-26,0.0628369152545929,0.0246437452733516,0.9125193357467652,AMZN,3,2906
2023-09-26,0.0628369152545929,0.0246437452733516,0.9125193357467652,AMZN,3,2907
2023-09-26,0.0367002785205841,0.3726275861263275,0.5906721353530884,KO,2,2908
2023-09-26,0.0099980700761079,0.0161874908953905,0.9738144278526306,GOOG,3,2909
2023-09-26,0.0099980700761079,0.0161874908953905,0.9738144278526306,GOOG,5,2910
2023-09-26,0.0099980700761079,0.0161874908953905,0.9738144278526306,GOOG,3,2911
2023-09-26,0.0367002785205841,0.3726275861263275,0.5906721353530884,KO,3,2912
2023-09-27,0.069589652121067,0.9172616004943848,0.0131487548351287,AAPL,4,2913
2023-09-27,0.069589652121067,0.9172616004943848,0.0131487548351287,MSFT,5,2914
2023-09-27,0.0882536694407463,0.844855785369873,0.0668905451893806,AMD,3,2915
2023-09-27,0.0400747805833816,0.9383438229560852,0.0215814318507909,AMD,5,2916
2023-09-27,0.0428234115242958,0.8893151879310608,0.067861407995224,AMD,4,2917
2023-09-27,0.0882536694407463,0.844855785369873,0.0668905451893806,AMD,5,2918
2023-09-27,0.0501574911177158,0.8868821859359741,0.0629602819681167,MSFT,5,2919
2023-09-27,0.1031629219651222,0.7317212820053101,0.1651158332824707,AMZN,3,2920
2023-09-27,0.0882536694407463,0.844855785369873,0.0668905451893806,AMD,4,2921
2023-09-27,0.021457428112626,0.931770086288452,0.0467724725604057,UBER,3,2922
2023-09-27,0.5780699849128723,0.4024533331394195,0.0194767247885465,AAPL,2,2923
2023-09-27,0.0400747805833816,0.9383438229560852,0.0215814318507909,AMD,5,2924
2023-09-27,0.5780699849128723,0.4024533331394195,0.0194767247885465,AAPL,1,2925
2023-09-27,0.5780699849128723,0.4024533331394195,0.0194767247885465,AAPL,3,2926
2023-09-27,0.0383241400122642,0.9247751832008362,0.0369006134569644,AMZN,3,2927
2023-09-27,0.0635727494955062,0.9205657243728638,0.0158615428954362,UBER,3,2928
2023-09-27,0.5780699849128723,0.4024533331394195,0.0194767247885465,AAPL,1,2929
2023-09-27,0.2543250620365143,0.7300213575363159,0.0156536325812339,AMZN,3,2930
2023-09-27,0.069589652121067,0.9172616004943848,0.0131487548351287,AAPL,3,2931
2023-09-27,0.069589652121067,0.9172616004943848,0.0131487548351287,MSFT,3,2932
2023-09-27,0.0882536694407463,0.844855785369873,0.0668905451893806,AMD,4,2933
2023-09-27,0.0559489876031875,0.0601298697292804,0.8839211463928223,F,5,2934
2023-09-27,0.0400747805833816,0.9383438229560852,0.0215814318507909,AMD,4,2935
2023-09-27,0.0372164733707904,0.884714663028717,0.0780688673257827,NVDA,5,2936
2023-09-27,0.1210119351744651,0.8687856793403625,0.0102023528888821,TSLA,3,2937
2023-09-27,0.0408155210316181,0.938634157180786,0.0205503664910793,TSLA,5,2938
2023-09-27,0.0882536694407463,0.844855785369873,0.0668905451893806,AMD,1,2939
2023-09-27,0.0882536694407463,0.844855785369873,0.0668905451893806,AMD,3,2940
2023-09-27,0.0882536694407463,0.844855785369873,0.0668905451893806,AMD,4,2941
2023-09-27,0.0882536694407463,0.844855785369873,0.0668905451893806,AMD,3,2942
2023-09-27,0.5780699849128723,0.4024533331394195,0.0194767247885465,AAPL,3,2943
2023-09-27,0.5780699849128723,0.4024533331394195,0.0194767247885465,AAPL,3,2944
2023-09-27,0.0882536694407463,0.844855785369873,0.0668905451893806,AMD,3,2945
2023-09-27,0.0882536694407463,0.844855785369873,0.0668905451893806,AMD,4,2946
2023-09-27,0.0241842623800039,0.8987221717834473,0.0770936235785484,AAPL,4,2947
2023-09-27,0.1119513660669326,0.8340942859649658,0.0539543405175209,AAPL,5,2948
2023-09-27,0.5780699849128723,0.4024533331394195,0.0194767247885465,AAPL,5,2949
2023-09-27,0.0610724203288555,0.6564070582389832,0.2825204730033874,AAPL,5,2950
2023-09-27,0.0184018239378929,0.2817107737064361,0.6998873949050903,AAPL,2,2951
2023-09-28,0.4666215479373932,0.5236208438873291,0.0097576379776,AMZN,2,2952
2023-09-28,0.4666215479373932,0.5236208438873291,0.0097576379776,GS,3,2953
2023-09-28,0.4666215479373932,0.5236208438873291,0.0097576379776,MSFT,3,2954
2023-09-28,0.0129544222727417,0.0129703329876065,0.974075198173523,NVDA,5,2955
2023-09-28,0.8136659860610962,0.1789255440235138,0.0074085346423089,AMZN,3,2956
2023-09-28,0.8136659860610962,0.1789255440235138,0.0074085346423089,GS,5,2957
2023-09-28,0.8136659860610962,0.1789255440235138,0.0074085346423089,MSFT,5,2958
2023-09-28,0.0684669911861419,0.9130621552467346,0.0184708200395107,AMZN,3,2959
2023-09-28,0.0689087808132171,0.8856317400932312,0.0454594679176807,DIS,2,2960
2023-09-28,0.0123873827978968,0.0135661931708455,0.9740463495254515,NVDA,1,2961
2023-09-28,0.4666215479373932,0.5236208438873291,0.0097576379776,AMZN,3,2962
2023-09-28,0.4666215479373932,0.5236208438873291,0.0097576379776,GS,3,2963
2023-09-28,0.4666215479373932,0.5236208438873291,0.0097576379776,MSFT,5,2964
2023-09-28,0.021210491657257,0.2622056007385254,0.7165839076042175,UBER,2,2965
2023-09-28,0.0689087808132171,0.8856317400932312,0.0454594679176807,DIS,5,2966
2023-09-28,0.0144549533724784,0.1003044247627258,0.8852406740188599,TSLA,4,2967
2023-09-28,0.0689087808132171,0.8856317400932312,0.0454594679176807,DIS,4,2968
2023-09-28,0.8136659860610962,0.1789255440235138,0.0074085346423089,AMZN,5,2969
2023-09-28,0.8136659860610962,0.1789255440235138,0.0074085346423089,GS,5,2970
2023-09-28,0.8136659860610962,0.1789255440235138,0.0074085346423089,MSFT,4,2971
2023-09-28,0.1333896517753601,0.8376975655555725,0.0289128180593252,GOOG,5,2972
2023-09-28,0.0433628149330616,0.341370552778244,0.6152666211128235,AAPL,3,2973
2023-09-28,0.0236181169748306,0.5539348125457764,0.4224470853805542,NVDA,3,2974
2023-09-28,0.0689087808132171,0.8856317400932312,0.0454594679176807,DIS,3,2975
2023-09-28,0.4666215479373932,0.5236208438873291,0.0097576379776,AMZN,3,2976
2023-09-28,0.4666215479373932,0.5236208438873291,0.0097576379776,GS,5,2977
2023-09-28,0.4666215479373932,0.5236208438873291,0.0097576379776,MSFT,1,2978
2023-09-28,0.0689087808132171,0.8856317400932312,0.0454594679176807,DIS,4,2979
2023-09-28,0.0689087808132171,0.8856317400932312,0.0454594679176807,DIS,3,2980
2023-09-28,0.0689087808132171,0.8856317400932312,0.0454594679176807,DIS,2,2981
2023-09-28,0.0689087808132171,0.8856317400932312,0.0454594679176807,DIS,3,2982
2023-09-28,0.011064632795751,0.0691159516572952,0.9198193550109864,MSFT,3,2983
2023-09-28,0.0689087808132171,0.8856317400932312,0.0454594679176807,DIS,3,2984
2023-09-28,0.8136659860610962,0.1789255440235138,0.0074085346423089,AMZN,4,2985
2023-09-28,0.8136659860610962,0.1789255440235138,0.0074085346423089,GS,2,2986
2023-09-28,0.8136659860610962,0.1789255440235138,0.0074085346423089,MSFT,5,2987
2023-09-28,0.0689087808132171,0.8856317400932312,0.0454594679176807,DIS,3,2988
2023-09-28,0.8288620114326477,0.0221890360116958,0.1489490270614624,F,5,2989
2023-09-28,0.0229188557714223,0.3272666037082672,0.6498145461082458,F,5,2990
2023-09-28,0.0689087808132171,0.8856317400932312,0.0454594679176807,DIS,1,2991
2023-09-29,0.0908269137144088,0.8688057661056519,0.040367305278778,NVDA,3,2992
2023-09-29,0.0908269137144088,0.8688057661056519,0.040367305278778,NVDA,4,2993
2023-09-29,0.0245783329010009,0.0187317840754985,0.9566898941993712,F,4,2994
2023-09-29,0.4434662163257599,0.5242448449134827,0.0322889387607574,SPY,3,2995
2023-09-29,0.5754138827323914,0.4141252636909485,0.010460877791047,AMD,4,2996
2023-09-29,0.5754138827323914,0.4141252636909485,0.010460877791047,NVDA,4,2997
2023-09-29,0.0467648357152938,0.9172327518463136,0.0360024683177471,AMZN,3,2998
2023-09-29,0.0888003557920456,0.7794622182846069,0.1317375004291534,GOOG,5,2999
2023-09-29,0.0970916822552681,0.8671201467514038,0.0357881225645542,AAPL,4,3000
2023-09-29,0.0394930653274059,0.7090917229652405,0.2514152526855469,NVDA,3,3001
2023-09-29,0.0245783329010009,0.0187317840754985,0.9566898941993712,F,5,3002
2023-09-29,0.5754138827323914,0.4141252636909485,0.010460877791047,AMD,5,3003
2023-09-29,0.5754138827323914,0.4141252636909485,0.010460877791047,NVDA,2,3004
2023-09-29,0.0448875613510608,0.9309637546539308,0.0241486895829439,AMD,1,3005
2023-09-29,0.0343691334128379,0.9298995733261108,0.0357313528656959,NVDA,1,3006
2023-09-29,0.5754138827323914,0.4141252636909485,0.010460877791047,NVDA,3,3007
2023-09-29,0.0888003557920456,0.7794622182846069,0.1317375004291534,GOOG,1,3008
2023-09-29,0.0908269137144088,0.8688057661056519,0.040367305278778,NVDA,3,3009
2023-09-29,0.0245783329010009,0.0187317840754985,0.9566898941993712,F,1,3010
2023-09-29,0.0342092551290988,0.6907755136489868,0.2750151753425598,AAPL,1,3011
2023-09-29,0.0970916822552681,0.8671201467514038,0.0357881225645542,AAPL,3,3012
2023-09-29,0.0970916822552681,0.8671201467514038,0.0357881225645542,AMZN,3,3013
2023-09-29,0.0970916822552681,0.8671201467514038,0.0357881225645542,MSFT,2,3014
2023-09-29,0.0888003557920456,0.7794622182846069,0.1317375004291534,GOOG,4,3015
2023-09-29,0.0245783329010009,0.0187317840754985,0.9566898941993712,F,3,3016
2023-09-29,0.4434662163257599,0.5242448449134827,0.0322889387607574,SPY,3,3017
2023-09-29,0.0908269137144088,0.8688057661056519,0.040367305278778,NVDA,4,3018
2023-09-29,0.0970916822552681,0.8671201467514038,0.0357881225645542,AAPL,4,3019
2023-09-29,0.0970916822552681,0.8671201467514038,0.0357881225645542,AMZN,4,3020
2023-09-29,0.0970916822552681,0.8671201467514038,0.0357881225645542,MSFT,3,3021
2023-09-29,0.5754138827323914,0.4141252636909485,0.010460877791047,AMD,4,3022
2023-09-29,0.5754138827323914,0.4141252636909485,0.010460877791047,NVDA,3,3023
2023-09-29,0.0970916822552681,0.8671201467514038,0.0357881225645542,AAPL,4,3024
2023-09-29,0.0970916822552681,0.8671201467514038,0.0357881225645542,AMZN,2,3025
2023-09-29,0.0888003557920456,0.7794622182846069,0.1317375004291534,GOOG,3,3026
2023-09-29,0.5754138827323914,0.4141252636909485,0.010460877791047,AMD,1,3027
2023-09-29,0.0245783329010009,0.0187317840754985,0.9566898941993712,F,5,3028
2023-09-29,0.8481571674346924,0.1436096280813217,0.0082331271842122,DIS,5,3029
2023-09-29,0.0908269137144088,0.8688057661056519,0.040367305278778,NVDA,1,3030
2023-09-29,0.0970916822552681,0.8671201467514038,0.0357881225645542,AAPL,4,3031
2023-09-29,0.0970916822552681,0.8671201467514038,0.0357881225645542,MSFT,5,3032
2023-09-29,0.03861715644598,0.9343470335006714,0.0270358156412839,AMD,4,3033
2023-09-29,0.0970916822552681,0.8671201467514038,0.0357881225645542,AAPL,1,3034
2023-09-29,0.0970916822552681,0.8671201467514038,0.0357881225645542,MSFT,4,3035
2023-09-29,0.0448875613510608,0.9309637546539308,0.0241486895829439,AMD,4,3036
2023-09-29,0.5754138827323914,0.4141252636909485,0.010460877791047,AMD,3,3037
2023-09-29,0.5754138827323914,0.4141252636909485,0.010460877791047,NVDA,5,3038
2023-09-29,0.0908269137144088,0.8688057661056519,0.040367305278778,NVDA,1,3039
2023-09-29,0.4434662163257599,0.5242448449134827,0.0322889387607574,SPY,4,3040
2023-09-29,0.0888003557920456,0.7794622182846069,0.1317375004291534,GOOG,5,3041
2023-09-29,0.4434662163257599,0.5242448449134827,0.0322889387607574,SPY,5,3042
2023-09-29,0.5754138827323914,0.4141252636909485,0.010460877791047,AMD,3,3043
2023-09-29,0.0313983671367168,0.7307372093200684,0.2378644198179245,AAPL,3,3044
2023-09-29,0.0970916822552681,0.8671201467514038,0.0357881225645542,AAPL,4,3045
2023-09-29,0.0970916822552681,0.8671201467514038,0.0357881225645542,AMZN,3,3046
2023-09-29,0.5754138827323914,0.4141252636909485,0.010460877791047,AMD,4,3047
2023-09-29,0.5754138827323914,0.4141252636909485,0.010460877791047,NVDA,3,3048
2023-09-29,0.0970916822552681,0.8671201467514038,0.0357881225645542,AAPL,3,3049
2023-09-29,0.0970916822552681,0.8671201467514038,0.0357881225645542,AMZN,1,3050
2023-09-29,0.0970916822552681,0.8671201467514038,0.0357881225645542,MSFT,2,3051
2023-09-29,0.0970916822552681,0.8671201467514038,0.0357881225645542,AAPL,5,3052
2023-09-29,0.0970916822552681,0.8671201467514038,0.0357881225645542,AMZN,2,3053
2023-09-29,0.5754138827323914,0.4141252636909485,0.010460877791047,AMD,3,3054
2023-09-29,0.5754138827323914,0.4141252636909485,0.010460877791047,NVDA,5,3055
2023-09-29,0.0888003557920456,0.7794622182846069,0.1317375004291534,GOOG,3,3056
2023-09-29,0.0908269137144088,0.8688057661056519,0.040367305278778,NVDA,5,3057
2023-09-29,0.0245783329010009,0.0187317840754985,0.9566898941993712,F,5,3058
2023-09-29,0.0970916822552681,0.8671201467514038,0.0357881225645542,AAPL,3,3059
2023-09-29,0.0970916822552681,0.8671201467514038,0.0357881225645542,AMZN,1,3060
2023-09-29,0.0970916822552681,0.8671201467514038,0.0357881225645542,MSFT,2,3061
2023-09-29,0.0908269137144088,0.8688057661056519,0.040367305278778,NVDA,5,3062
2023-09-29,0.4434662163257599,0.5242448449134827,0.0322889387607574,SPY,5,3063
2023-09-29,0.0970916822552681,0.8671201467514038,0.0357881225645542,MSFT,3,3064
2023-09-29,0.0245783329010009,0.0187317840754985,0.9566898941993712,F,2,3065
2023-09-29,0.4434662163257599,0.5242448449134827,0.0322889387607574,SPY,5,3066
2023-09-29,0.4434662163257599,0.5242448449134827,0.0322889387607574,SPY,1,3067
2023-09-29,0.0467648357152938,0.9172327518463136,0.0360024683177471,AMZN,5,3068
2023-09-29,0.5754138827323914,0.4141252636909485,0.010460877791047,AMD,5,3069
2023-09-29,0.5754138827323914,0.4141252636909485,0.010460877791047,NVDA,3,3070
2023-09-29,0.4434662163257599,0.5242448449134827,0.0322889387607574,SPY,4,3071
2023-09-29,0.0463366024196147,0.3479621708393097,0.605701208114624,GS,3,3072
2023-09-29,0.0970916822552681,0.8671201467514038,0.0357881225645542,AAPL,3,3073
2023-09-29,0.0970916822552681,0.8671201467514038,0.0357881225645542,AMZN,4,3074
2023-09-29,0.0908269137144088,0.8688057661056519,0.040367305278778,NVDA,4,3075
2023-09-29,0.4434662163257599,0.5242448449134827,0.0322889387607574,SPY,5,3076
2023-09-29,0.0970916822552681,0.8671201467514038,0.0357881225645542,AMZN,3,3077
2023-09-29,0.0970916822552681,0.8671201467514038,0.0357881225645542,MSFT,3,3078
2023-09-29,0.0245783329010009,0.0187317840754985,0.9566898941993712,F,5,3079
2023-09-29,0.040108922868967,0.7546128630638123,0.2052781879901886,AMZN,3,3080
2023-09-29,0.4434662163257599,0.5242448449134827,0.0322889387607574,SPY,5,3081
2023-09-29,0.0151541139930486,0.1102877855300903,0.8745580911636353,AMZN,1,3082
2023-09-29,0.0221349261701107,0.5907633900642395,0.3871016502380371,AMZN,4,3083
2023-09-29,0.5754138827323914,0.4141252636909485,0.010460877791047,AMD,4,3084
2023-09-29,0.5754138827323914,0.4141252636909485,0.010460877791047,NVDA,4,3085
2023-09-29,0.4434662163257599,0.5242448449134827,0.0322889387607574,SPY,3,3086
2023-09-29,0.0888003557920456,0.7794622182846069,0.1317375004291534,GOOG,5,3087
2023-09-29,0.5754138827323914,0.4141252636909485,0.010460877791047,AMD,3,3088
2023-09-29,0.5754138827323914,0.4141252636909485,0.010460877791047,NVDA,2,3089
2023-09-29,0.0970916822552681,0.8671201467514038,0.0357881225645542,AMZN,3,3090
2023-09-29,0.0970916822552681,0.8671201467514038,0.0357881225645542,MSFT,1,3091
2023-09-29,0.0888003557920456,0.7794622182846069,0.1317375004291534,GOOG,5,3092
2023-09-29,0.5754138827323914,0.4141252636909485,0.010460877791047,AMD,5,3093
2023-09-29,0.5754138827323914,0.4141252636909485,0.010460877791047,NVDA,3,3094
2023-09-29,0.0908269137144088,0.8688057661056519,0.040367305278778,NVDA,3,3095
2023-09-29,0.0970916822552681,0.8671201467514038,0.0357881225645542,AAPL,1,3096
2023-09-29,0.0970916822552681,0.8671201467514038,0.0357881225645542,AAPL,3,3097
2023-09-29,0.0970916822552681,0.8671201467514038,0.0357881225645542,AMZN,3,3098
2023-09-29,0.0970916822552681,0.8671201467514038,0.0357881225645542,MSFT,3,3099
2023-09-29,0.5754138827323914,0.4141252636909485,0.010460877791047,NVDA,5,3100
2023-09-30,0.1430701911449432,0.7029989361763,0.1539308428764343,WMT,3,3101
2023-09-30,0.0515646673738956,0.9248188138008118,0.0236165355890989,DIS,5,3102
2023-09-30,0.0515646673738956,0.9248188138008118,0.0236165355890989,GOOG,3,3103
2023-09-30,0.1247744709253311,0.6045695543289185,0.2706559896469116,AAPL,1,3104
2023-09-30,0.1247744709253311,0.6045695543289185,0.2706559896469116,AAPL,1,3105
2023-09-30,0.1247744709253311,0.6045695543289185,0.2706559896469116,AAPL,1,3106
2023-09-30,0.1247744709253311,0.6045695543289185,0.2706559896469116,AAPL,3,3107
2023-09-30,0.0274100080132484,0.9435886740684508,0.0290012769401073,GS,5,3108
2023-09-30,0.1247744709253311,0.6045695543289185,0.2706559896469116,AAPL,3,3109
2023-09-30,0.1247744709253311,0.6045695543289185,0.2706559896469116,AAPL,3,3110
2023-09-30,0.048131451010704,0.9191185235977172,0.0327500402927398,AAPL,5,3111
2023-09-30,0.1247744709253311,0.6045695543289185,0.2706559896469116,AAPL,4,3112
2023-09-30,0.1247744709253311,0.6045695543289185,0.2706559896469116,AAPL,1,3113
2023-09-30,0.1247744709253311,0.6045695543289185,0.2706559896469116,AAPL,3,3114
2023-09-30,0.0309009328484535,0.9386237263679504,0.0304753258824348,MSFT,1,3115
2023-09-30,0.1247744709253311,0.6045695543289185,0.2706559896469116,AAPL,3,3116
2023-09-30,0.1247744709253311,0.6045695543289185,0.2706559896469116,AAPL,3,3117
2023-09-30,0.1247744709253311,0.6045695543289185,0.2706559896469116,AAPL,3,3118
2023-09-30,0.0486806221306324,0.9313312768936156,0.0199881251901388,DIS,4,3119
2023-10-01,0.0161210186779499,0.0360717661678791,0.9478071331977844,F,1,3120
2023-10-01,0.0430855453014373,0.9278071522712708,0.0291073005646467,TSLA,4,3121
2023-10-01,0.0624868012964725,0.9047939777374268,0.0327192321419715,TSLA,2,3122
2023-10-02,0.0235242247581481,0.0169409308582544,0.9595348834991456,AMZN,5,3123
2023-10-02,0.009577109478414,0.0180322602391242,0.9723906517028807,AAPL,3,3124
2023-10-02,0.0225297641009092,0.2327485233545303,0.7447217106819153,MSFT,2,3125
2023-10-02,0.0225297641009092,0.2327485233545303,0.7447217106819153,MSFT,5,3126
2023-10-02,0.012427027337253,0.0313510410487651,0.9562219381332396,TSLA,5,3127
2023-10-02,0.0235242247581481,0.0169409308582544,0.9595348834991456,AMZN,4,3128
2023-10-02,0.051500916481018,0.668602466583252,0.27989661693573,GS,3,3129
2023-10-02,0.012427027337253,0.0313510410487651,0.9562219381332396,TSLA,3,3130
2023-10-02,0.0225297641009092,0.2327485233545303,0.7447217106819153,MSFT,5,3131
2023-10-02,0.0513127632439136,0.9276949167251588,0.0209923069924116,NVDA,4,3132
2023-10-02,0.0513127632439136,0.9276949167251588,0.0209923069924116,TSLA,5,3133
2023-10-02,0.0225297641009092,0.2327485233545303,0.7447217106819153,MSFT,2,3134
2023-10-02,0.012427027337253,0.0313510410487651,0.9562219381332396,TSLA,3,3135
2023-10-02,0.012427027337253,0.0313510410487651,0.9562219381332396,TSLA,3,3136
2023-10-02,0.051500916481018,0.668602466583252,0.27989661693573,GS,5,3137
2023-10-02,0.0551640912890434,0.9295102953910828,0.0153256170451641,AMD,4,3138
2023-10-02,0.0551640912890434,0.9295102953910828,0.0153256170451641,NVDA,3,3139
2023-10-02,0.0235242247581481,0.0169409308582544,0.9595348834991456,AMZN,5,3140
2023-10-02,0.0235242247581481,0.0169409308582544,0.9595348834991456,AMZN,4,3141
2023-10-02,0.009577109478414,0.0180322602391242,0.9723906517028807,AAPL,2,3142
2023-10-02,0.012427027337253,0.0313510410487651,0.9562219381332396,TSLA,3,3143
2023-10-02,0.0235242247581481,0.0169409308582544,0.9595348834991456,AMZN,4,3144
2023-10-02,0.0235242247581481,0.0169409308582544,0.9595348834991456,AMZN,5,3145
2023-10-02,0.009577109478414,0.0180322602391242,0.9723906517028807,AAPL,4,3146
2023-10-02,0.3808927536010742,0.3253867924213409,0.2937204241752624,F,5,3147
2023-10-02,0.009577109478414,0.0180322602391242,0.9723906517028807,AAPL,4,3148
2023-10-02,0.051500916481018,0.668602466583252,0.27989661693573,GS,4,3149
2023-10-02,0.0235242247581481,0.0169409308582544,0.9595348834991456,AMZN,3,3150
2023-10-02,0.009577109478414,0.0180322602391242,0.9723906517028807,AAPL,4,3151
2023-10-02,0.012427027337253,0.0313510410487651,0.9562219381332396,TSLA,3,3152
2023-10-02,0.0225297641009092,0.2327485233545303,0.7447217106819153,MSFT,1,3153
2023-10-02,0.0252810157835483,0.2600152790546417,0.7147036790847778,F,3,3154
2023-10-02,0.0235242247581481,0.0169409308582544,0.9595348834991456,AMZN,5,3155
2023-10-02,0.0377700962126255,0.4952894151210785,0.4669404625892639,F,2,3156
2023-10-02,0.012427027337253,0.0313510410487651,0.9562219381332396,TSLA,3,3157
2023-10-02,0.051500916481018,0.668602466583252,0.27989661693573,GS,3,3158
2023-10-02,0.009577109478414,0.0180322602391242,0.9723906517028807,AAPL,1,3159
2023-10-02,0.051500916481018,0.668602466583252,0.27989661693573,GS,3,3160
2023-10-02,0.012427027337253,0.0313510410487651,0.9562219381332396,TSLA,4,3161
2023-10-02,0.009577109478414,0.0180322602391242,0.9723906517028807,AAPL,3,3162
2023-10-02,0.0225297641009092,0.2327485233545303,0.7447217106819153,MSFT,5,3163
2023-10-02,0.012427027337253,0.0313510410487651,0.9562219381332396,TSLA,3,3164
2023-10-02,0.012427027337253,0.0313510410487651,0.9562219381332396,TSLA,4,3165
2023-10-02,0.051500916481018,0.668602466583252,0.27989661693573,GS,1,3166
2023-10-02,0.0235242247581481,0.0169409308582544,0.9595348834991456,AMZN,4,3167
2023-10-02,0.051500916481018,0.668602466583252,0.27989661693573,GS,1,3168
2023-10-02,0.009577109478414,0.0180322602391242,0.9723906517028807,AAPL,4,3169
2023-10-02,0.0235242247581481,0.0169409308582544,0.9595348834991456,AMZN,3,3170
2023-10-02,0.0151975592598319,0.0475001893937587,0.93730229139328,AAPL,3,3171
2023-10-02,0.012427027337253,0.0313510410487651,0.9562219381332396,TSLA,4,3172
2023-10-02,0.051500916481018,0.668602466583252,0.27989661693573,GS,1,3173
2023-10-02,0.009577109478414,0.0180322602391242,0.9723906517028807,AAPL,3,3174
2023-10-02,0.0225297641009092,0.2327485233545303,0.7447217106819153,MSFT,5,3175
2023-10-02,0.0225297641009092,0.2327485233545303,0.7447217106819153,MSFT,5,3176
2023-10-02,0.051500916481018,0.668602466583252,0.27989661693573,GS,4,3177
2023-10-02,0.0551640912890434,0.9295102953910828,0.0153256170451641,AMD,3,3178
2023-10-02,0.1159505620598793,0.8522397875785828,0.0318096168339252,WMT,4,3179
2023-10-02,0.0243567414581775,0.5697990655899048,0.4058441817760467,NVDA,5,3180
2023-10-02,0.009577109478414,0.0180322602391242,0.9723906517028807,AAPL,3,3181
2023-10-02,0.0235242247581481,0.0169409308582544,0.9595348834991456,AMZN,5,3182
2023-10-02,0.0235242247581481,0.0169409308582544,0.9595348834991456,AMZN,4,3183
2023-10-02,0.0513127632439136,0.9276949167251588,0.0209923069924116,NVDA,5,3184
2023-10-02,0.0513127632439136,0.9276949167251588,0.0209923069924116,TSLA,5,3185
2023-10-02,0.4367159307003021,0.0463849902153015,0.5168991088867188,AAPL,3,3186
2023-10-02,0.1120267063379287,0.8763514757156372,0.0116217993199825,MSFT,3,3187
2023-10-02,0.051500916481018,0.668602466583252,0.27989661693573,GS,3,3188
2023-10-02,0.012427027337253,0.0313510410487651,0.9562219381332396,TSLA,3,3189
2023-10-02,0.0225297641009092,0.2327485233545303,0.7447217106819153,MSFT,5,3190
2023-10-02,0.0225297641009092,0.2327485233545303,0.7447217106819153,MSFT,4,3191
2023-10-02,0.0235242247581481,0.0169409308582544,0.9595348834991456,AMZN,5,3192
2023-10-02,0.0185379665344953,0.1991575360298156,0.7823044061660767,GS,3,3193
2023-10-02,0.0838323980569839,0.7201967239379883,0.1959708482027053,AAPL,3,3194
2023-10-02,0.0838323980569839,0.7201967239379883,0.1959708482027053,MSFT,2,3195
2023-10-02,0.6549487709999084,0.0913321748375892,0.2537190318107605,AAPL,3,3196
2023-10-02,0.6549487709999084,0.0913321748375892,0.2537190318107605,GOOG,5,3197
2023-10-02,0.8088668584823608,0.1831835210323333,0.0079496074467897,UBER,3,3198
2023-10-02,0.123190551996231,0.840341329574585,0.0364681892096996,AAPL,3,3199
2023-10-02,0.009577109478414,0.0180322602391242,0.9723906517028807,AAPL,1,3200
2023-10-02,0.887997031211853,0.0382964499294757,0.0737064406275749,AAPL,4,3201
2023-10-02,0.887997031211853,0.0382964499294757,0.0737064406275749,GOOG,3,3202
2023-10-02,0.123190551996231,0.840341329574585,0.0364681892096996,AAPL,5,3203
2023-10-02,0.123190551996231,0.840341329574585,0.0364681892096996,MSFT,2,3204
2023-10-02,0.047675609588623,0.93470698595047,0.0176173821091651,AMD,5,3205
2023-10-02,0.047675609588623,0.93470698595047,0.0176173821091651,AMZN,1,3206
2023-10-02,0.0235242247581481,0.0169409308582544,0.9595348834991456,AMZN,5,3207
2023-10-02,0.0187236797064542,0.0219132062047719,0.959363043308258,TSLA,3,3208
2023-10-02,0.0066155483946204,0.0211619958281517,0.97222238779068,TSLA,2,3209
2023-10-02,0.0838323980569839,0.7201967239379883,0.1959708482027053,AAPL,5,3210
2023-10-02,0.0838323980569839,0.7201967239379883,0.1959708482027053,MSFT,2,3211
2023-10-02,0.0331970602273941,0.6531147360801697,0.3136882185935974,AAPL,1,3212
2023-10-03,0.0860056355595588,0.9030951857566832,0.0108992159366607,AMZN,3,3213
2023-10-03,0.0860056355595588,0.9030951857566832,0.0108992159366607,MSFT,3,3214
2023-10-03,0.0853071510791778,0.9036247730255128,0.0110681364312767,AMZN,4,3215
2023-10-03,0.0853071510791778,0.9036247730255128,0.0110681364312767,MSFT,4,3216
2023-10-03,0.0535969659686088,0.8684780597686768,0.0779249295592308,TSLA,4,3217
2023-10-03,0.0535969659686088,0.8684780597686768,0.0779249295592308,TSLA,1,3218
2023-10-03,0.0409589856863021,0.867789626121521,0.0912513732910156,AMZN,3,3219
2023-10-03,0.0409589856863021,0.867789626121521,0.0912513732910156,MSFT,3,3220
2023-10-03,0.0085737463086843,0.0186641551554203,0.9727621078491212,AMZN,1,3221
2023-10-03,0.0085737463086843,0.0186641551554203,0.9727621078491212,MSFT,4,3222
2023-10-03,0.0260788947343826,0.9069492816925048,0.066971868276596,AMZN,4,3223
2023-10-03,0.0260788947343826,0.9069492816925048,0.066971868276596,MSFT,3,3224
2023-10-03,0.0535969659686088,0.8684780597686768,0.0779249295592308,TSLA,1,3225
2023-10-03,0.1653072088956833,0.817661702632904,0.0170310772955417,AMZN,3,3226
2023-10-03,0.0074611576274037,0.020108763128519,0.9724301099777222,AMZN,5,3227
2023-10-03,0.0074611576274037,0.020108763128519,0.9724301099777222,MSFT,3,3228
2023-10-03,0.0860056355595588,0.9030951857566832,0.0108992159366607,AMZN,3,3229
2023-10-03,0.0085737463086843,0.0186641551554203,0.9727621078491212,AMZN,4,3230
2023-10-03,0.0409589856863021,0.867789626121521,0.0912513732910156,AMZN,5,3231
2023-10-03,0.0409589856863021,0.867789626121521,0.0912513732910156,MSFT,3,3232
2023-10-03,0.0260788947343826,0.9069492816925048,0.066971868276596,AMZN,3,3233
2023-10-03,0.0260788947343826,0.9069492816925048,0.066971868276596,MSFT,3,3234
2023-10-03,0.0316138975322246,0.9322565793991088,0.0361294671893119,AMZN,4,3235
2023-10-03,0.0316138975322246,0.9322565793991088,0.0361294671893119,MSFT,3,3236
2023-10-03,0.0535969659686088,0.8684780597686768,0.0779249295592308,TSLA,3,3237
2023-10-03,0.0535969659686088,0.8684780597686768,0.0779249295592308,TSLA,4,3238
2023-10-03,0.1528221666812896,0.7954806685447693,0.051697127521038,GS,3,3239
2023-10-03,0.1528221666812896,0.7954806685447693,0.051697127521038,NVDA,5,3240
2023-10-03,0.0316138975322246,0.9322565793991088,0.0361294671893119,AMZN,1,3241
2023-10-03,0.0316138975322246,0.9322565793991088,0.0361294671893119,MSFT,3,3242
2023-10-03,0.1528221666812896,0.7954806685447693,0.051697127521038,GS,3,3243
2023-10-03,0.1528221666812896,0.7954806685447693,0.051697127521038,NVDA,1,3244
2023-10-03,0.0129161244258284,0.0491964854300022,0.9378873705863952,AAPL,2,3245
2023-10-03,0.0335401706397533,0.938569962978363,0.0278898999094963,TSLA,4,3246
2023-10-03,0.0535969659686088,0.8684780597686768,0.0779249295592308,TSLA,5,3247
2023-10-03,0.0535969659686088,0.8684780597686768,0.0779249295592308,TSLA,3,3248
2023-10-03,0.0535969659686088,0.8684780597686768,0.0779249295592308,TSLA,1,3249
2023-10-03,0.9396193623542786,0.0192689150571823,0.0411117225885391,F,3,3250
2023-10-03,0.9396193623542786,0.0192689150571823,0.0411117225885391,TSLA,3,3251
2023-10-03,0.0535969659686088,0.8684780597686768,0.0779249295592308,TSLA,3,3252
2023-10-03,0.0535969659686088,0.8684780597686768,0.0779249295592308,TSLA,3,3253
2023-10-03,0.0308561921119689,0.9321398735046388,0.0370039343833923,GS,5,3254
2023-10-03,0.0280915088951587,0.9457738995552064,0.02613459341228,AMD,3,3255
2023-10-03,0.0280915088951587,0.9457738995552064,0.02613459341228,NVDA,5,3256
2023-10-03,0.0535969659686088,0.8684780597686768,0.0779249295592308,TSLA,3,3257
2023-10-03,0.9396193623542786,0.0192689150571823,0.0411117225885391,F,2,3258
2023-10-03,0.9396193623542786,0.0192689150571823,0.0411117225885391,TSLA,3,3259
2023-10-03,0.037072192877531,0.0991114675998687,0.8638163805007935,F,5,3260
2023-10-03,0.0295323096215724,0.8045974969863892,0.1658702045679092,DIS,5,3261
2023-10-03,0.0905753672122955,0.8945352435112,0.0148893753066658,DIS,3,3262
2023-10-03,0.0280915088951587,0.9457738995552064,0.02613459341228,NVDA,5,3263
2023-10-03,0.0535969659686088,0.8684780597686768,0.0779249295592308,TSLA,4,3264
2023-10-04,0.1174704581499099,0.8729270100593567,0.0096025094389915,AAPL,1,3265
2023-10-04,0.0237058717757463,0.0123410457745194,0.9639530777931212,AAPL,5,3266
2023-10-04,0.1174704581499099,0.8729270100593567,0.0096025094389915,AAPL,5,3267
2023-10-04,0.1174704581499099,0.8729270100593567,0.0096025094389915,AMZN,5,3268
2023-10-04,0.1174704581499099,0.8729270100593567,0.0096025094389915,MSFT,4,3269
2023-10-04,0.0237058717757463,0.0123410457745194,0.9639530777931212,AAPL,5,3270
2023-10-04,0.0448068678379058,0.9268021583557128,0.0283909551799297,AMZN,3,3271
2023-10-04,0.0448068678379058,0.9268021583557128,0.0283909551799297,NVDA,1,3272
2023-10-04,0.0774639621376991,0.8457646369934082,0.0767714604735374,KO,3,3273
2023-10-04,0.1174704581499099,0.8729270100593567,0.0096025094389915,AAPL,5,3274
2023-10-04,0.1174704581499099,0.8729270100593567,0.0096025094389915,AMZN,5,3275
2023-10-04,0.1174704581499099,0.8729270100593567,0.0096025094389915,MSFT,3,3276
2023-10-04,0.1174704581499099,0.8729270100593567,0.0096025094389915,AAPL,1,3277
2023-10-04,0.1174704581499099,0.8729270100593567,0.0096025094389915,AMZN,3,3278
2023-10-04,0.1174704581499099,0.8729270100593567,0.0096025094389915,MSFT,4,3279
2023-10-04,0.0774639621376991,0.8457646369934082,0.0767714604735374,KO,3,3280
2023-10-04,0.0448068678379058,0.9268021583557128,0.0283909551799297,AMZN,3,3281
2023-10-04,0.0448068678379058,0.9268021583557128,0.0283909551799297,NVDA,3,3282
2023-10-04,0.0568148531019687,0.2245384007692337,0.7186467051506042,TSLA,3,3283
2023-10-04,0.0237058717757463,0.0123410457745194,0.9639530777931212,AAPL,5,3284
2023-10-04,0.0481572337448596,0.88515305519104,0.0666896551847457,AAPL,3,3285
2023-10-04,0.0080377962440252,0.0352379269897937,0.956724226474762,AAPL,3,3286
2023-10-04,0.1174704581499099,0.8729270100593567,0.0096025094389915,AAPL,3,3287
2023-10-04,0.1174704581499099,0.8729270100593567,0.0096025094389915,AMZN,5,3288
2023-10-04,0.1174704581499099,0.8729270100593567,0.0096025094389915,MSFT,5,3289
2023-10-04,0.0363546535372734,0.9296149015426636,0.0340304672718048,AAPL,4,3290
2023-10-04,0.0373876802623271,0.3002834618091583,0.662328839302063,TSLA,5,3291
2023-10-04,0.4105020761489868,0.1207736581563949,0.468724250793457,AMZN,4,3292
2023-10-04,0.4105020761489868,0.1207736581563949,0.468724250793457,TSLA,3,3293
2023-10-04,0.0774639621376991,0.8457646369934082,0.0767714604735374,KO,3,3294
2023-10-04,0.4105020761489868,0.1207736581563949,0.468724250793457,TSLA,4,3295
2023-10-04,0.1174704581499099,0.8729270100593567,0.0096025094389915,AAPL,5,3296
2023-10-04,0.1174704581499099,0.8729270100593567,0.0096025094389915,AMZN,4,3297
2023-10-04,0.1174704581499099,0.8729270100593567,0.0096025094389915,MSFT,5,3298
2023-10-04,0.0774639621376991,0.8457646369934082,0.0767714604735374,KO,4,3299
2023-10-04,0.0237058717757463,0.0123410457745194,0.9639530777931212,AAPL,5,3300
2023-10-04,0.1174704581499099,0.8729270100593567,0.0096025094389915,AAPL,3,3301
2023-10-04,0.9007793068885804,0.0643660277128219,0.0348546467721462,F,4,3302
2023-10-04,0.0237058717757463,0.0123410457745194,0.9639530777931212,AAPL,1,3303
2023-10-04,0.1174704581499099,0.8729270100593567,0.0096025094389915,AAPL,3,3304
2023-10-04,0.1174704581499099,0.8729270100593567,0.0096025094389915,AMZN,3,3305
2023-10-04,0.1174704581499099,0.8729270100593567,0.0096025094389915,MSFT,3,3306
2023-10-04,0.1174704581499099,0.8729270100593567,0.0096025094389915,AAPL,4,3307
2023-10-04,0.1174704581499099,0.8729270100593567,0.0096025094389915,AMZN,3,3308
2023-10-04,0.1174704581499099,0.8729270100593567,0.0096025094389915,MSFT,5,3309
2023-10-04,0.0237058717757463,0.0123410457745194,0.9639530777931212,AAPL,5,3310
2023-10-04,0.1174704581499099,0.8729270100593567,0.0096025094389915,AAPL,4,3311
2023-10-04,0.1174704581499099,0.8729270100593567,0.0096025094389915,MSFT,1,3312
2023-10-04,0.0448068678379058,0.9268021583557128,0.0283909551799297,AMZN,4,3313
2023-10-04,0.0448068678379058,0.9268021583557128,0.0283909551799297,NVDA,3,3314
2023-10-04,0.0237058717757463,0.0123410457745194,0.9639530777931212,AAPL,3,3315
2023-10-04,0.0237058717757463,0.0123410457745194,0.9639530777931212,AAPL,3,3316
2023-10-04,0.080937385559082,0.8927154541015625,0.0263471398502588,DIS,5,3317
2023-10-04,0.0237058717757463,0.0123410457745194,0.9639530777931212,AAPL,5,3318
2023-10-04,0.0243291687220335,0.1751798689365387,0.8004910349845886,AMZN,3,3319
2023-10-04,0.0243291687220335,0.1751798689365387,0.8004910349845886,MSFT,3,3320
2023-10-04,0.1174704581499099,0.8729270100593567,0.0096025094389915,AAPL,3,3321
2023-10-04,0.0243291687220335,0.1751798689365387,0.8004910349845886,AMZN,5,3322
2023-10-04,0.0243291687220335,0.1751798689365387,0.8004910349845886,MSFT,4,3323
2023-10-04,0.1174704581499099,0.8729270100593567,0.0096025094389915,AAPL,4,3324
2023-10-04,0.1174704581499099,0.8729270100593567,0.0096025094389915,MSFT,3,3325
2023-10-04,0.0774639621376991,0.8457646369934082,0.0767714604735374,KO,3,3326
2023-10-04,0.1174704581499099,0.8729270100593567,0.0096025094389915,AAPL,3,3327
2023-10-04,0.1174704581499099,0.8729270100593567,0.0096025094389915,AMZN,5,3328
2023-10-04,0.1174704581499099,0.8729270100593567,0.0096025094389915,MSFT,3,3329
2023-10-04,0.0475305169820785,0.9232410788536072,0.0292284656316041,NVDA,5,3330
2023-10-04,0.1174704581499099,0.8729270100593567,0.0096025094389915,AMZN,1,3331
2023-10-04,0.1174704581499099,0.8729270100593567,0.0096025094389915,AAPL,5,3332
2023-10-04,0.1174704581499099,0.8729270100593567,0.0096025094389915,AMZN,3,3333
2023-10-04,0.0448068678379058,0.9268021583557128,0.0283909551799297,AMZN,3,3334
2023-10-04,0.0448068678379058,0.9268021583557128,0.0283909551799297,NVDA,5,3335
2023-10-04,0.0153724178671836,0.0456775724887847,0.9389499425888062,MSFT,3,3336
2023-10-04,0.0237058717757463,0.0123410457745194,0.9639530777931212,AAPL,3,3337
2023-10-05,0.8352535963058472,0.0960168913006782,0.0687294602394104,AMZN,5,3338
2023-10-05,0.8352535963058472,0.0960168913006782,0.0687294602394104,WMT,4,3339
2023-10-05,0.0147464731708168,0.059241771697998,0.9260117411613464,KO,5,3340
2023-10-05,0.0540710650384426,0.8353261947631836,0.1106026992201805,AMD,3,3341
2023-10-05,0.0540710650384426,0.8353261947631836,0.1106026992201805,AMD,5,3342
2023-10-05,0.0945417284965515,0.8332017064094543,0.0722565427422523,AAPL,4,3343
2023-10-05,0.0945417284965515,0.8332017064094543,0.0722565427422523,AMZN,4,3344
2023-10-05,0.0945417284965515,0.8332017064094543,0.0722565427422523,AMZN,5,3345
2023-10-05,0.4426105320453644,0.5487083792686462,0.008681078441441,F,5,3346
2023-10-05,0.4426105320453644,0.5487083792686462,0.008681078441441,TSLA,4,3347
2023-10-05,0.1752660572528839,0.8161066174507141,0.0086272908374667,TSLA,2,3348
2023-10-05,0.0832084938883781,0.8666309714317322,0.0501605048775672,WMT,5,3349
2023-10-05,0.079105444252491,0.8884120583534241,0.0324825271964073,AMZN,4,3350
2023-10-05,0.0556358620524406,0.92552387714386,0.0188402067869901,DIS,1,3351
2023-10-05,0.0945417284965515,0.8332017064094543,0.0722565427422523,AAPL,2,3352
2023-10-05,0.0945417284965515,0.8332017064094543,0.0722565427422523,AMZN,3,3353
2023-10-05,0.0203980766236782,0.1195113956928253,0.8600904941558838,TSLA,5,3354
2023-10-05,0.0123380944132804,0.0646500140428543,0.9230118989944458,TSLA,4,3355
2023-10-05,0.4426105320453644,0.5487083792686462,0.008681078441441,F,5,3356
2023-10-05,0.4426105320453644,0.5487083792686462,0.008681078441441,TSLA,3,3357
2023-10-05,0.1752660572528839,0.8161066174507141,0.0086272908374667,F,5,3358
2023-10-05,0.1752660572528839,0.8161066174507141,0.0086272908374667,TSLA,5,3359
2023-10-05,0.0945417284965515,0.8332017064094543,0.0722565427422523,AAPL,1,3360
2023-10-05,0.0945417284965515,0.8332017064094543,0.0722565427422523,AMZN,5,3361
2023-10-05,0.0945417284965515,0.8332017064094543,0.0722565427422523,AAPL,2,3362
2023-10-05,0.0945417284965515,0.8332017064094543,0.0722565427422523,AMZN,4,3363
2023-10-05,0.0945417284965515,0.8332017064094543,0.0722565427422523,AAPL,3,3364
2023-10-05,0.0945417284965515,0.8332017064094543,0.0722565427422523,AMZN,5,3365
2023-10-05,0.0945417284965515,0.8332017064094543,0.0722565427422523,AAPL,3,3366
2023-10-05,0.0945417284965515,0.8332017064094543,0.0722565427422523,AMZN,2,3367
2023-10-05,0.0797700732946395,0.8751809597015381,0.0450488962233066,BRK,5,3368
2023-10-05,0.0945417284965515,0.8332017064094543,0.0722565427422523,AAPL,2,3369
2023-10-05,0.0945417284965515,0.8332017064094543,0.0722565427422523,AMZN,3,3370
2023-10-05,0.0802486017346382,0.8934493064880371,0.0263021402060985,AMZN,1,3371
2023-10-05,0.0945417284965515,0.8332017064094543,0.0722565427422523,AAPL,5,3372
2023-10-05,0.0945417284965515,0.8332017064094543,0.0722565427422523,AMZN,3,3373
2023-10-05,0.0945417284965515,0.8332017064094543,0.0722565427422523,AAPL,5,3374
2023-10-05,0.0540710650384426,0.8353261947631836,0.1106026992201805,AMD,5,3375
2023-10-05,0.0797700732946395,0.8751809597015381,0.0450488962233066,BRK,3,3376
2023-10-05,0.0797700732946395,0.8751809597015381,0.0450488962233066,BRK,4,3377
2023-10-05,0.0540710650384426,0.8353261947631836,0.1106026992201805,AMD,3,3378
2023-10-05,0.0540710650384426,0.8353261947631836,0.1106026992201805,AMD,3,3379
2023-10-05,0.0797700732946395,0.8751809597015381,0.0450488962233066,BRK,3,3380
2023-10-05,0.0540710650384426,0.8353261947631836,0.1106026992201805,AMD,4,3381
2023-10-05,0.0797700732946395,0.8751809597015381,0.0450488962233066,BRK,4,3382
2023-10-05,0.0945417284965515,0.8332017064094543,0.0722565427422523,AAPL,3,3383
2023-10-05,0.0540710650384426,0.8353261947631836,0.1106026992201805,AMD,3,3384
2023-10-05,0.0945417284965515,0.8332017064094543,0.0722565427422523,AAPL,5,3385
2023-10-05,0.0945417284965515,0.8332017064094543,0.0722565427422523,AMZN,3,3386
2023-10-05,0.0131280366331338,0.0181208699941635,0.9687511324882508,GS,2,3387
2023-10-05,0.0797700732946395,0.8751809597015381,0.0450488962233066,BRK,4,3388
2023-10-05,0.079105444252491,0.8884120583534241,0.0324825271964073,MSFT,3,3389
2023-10-05,0.0797700732946395,0.8751809597015381,0.0450488962233066,BRK,3,3390
2023-10-05,0.0797700732946395,0.8751809597015381,0.0450488962233066,BRK,4,3391
2023-10-05,0.0797700732946395,0.8751809597015381,0.0450488962233066,BRK,5,3392
2023-10-05,0.0945417284965515,0.8332017064094543,0.0722565427422523,AAPL,1,3393
2023-10-05,0.0945417284965515,0.8332017064094543,0.0722565427422523,AMZN,4,3394
2023-10-05,0.0945417284965515,0.8332017064094543,0.0722565427422523,AAPL,4,3395
2023-10-05,0.0945417284965515,0.8332017064094543,0.0722565427422523,AMZN,4,3396
2023-10-05,0.0797700732946395,0.8751809597015381,0.0450488962233066,BRK,5,3397
2023-10-05,0.0540710650384426,0.8353261947631836,0.1106026992201805,AMD,3,3398
2023-10-05,0.0540710650384426,0.8353261947631836,0.1106026992201805,AMD,1,3399
2023-10-05,0.0945417284965515,0.8332017064094543,0.0722565427422523,AMZN,3,3400
2023-10-06,0.0428574234247207,0.940978229045868,0.0161643214523792,WMT,3,3401
2023-10-06,0.0232556946575641,0.1059276685118675,0.8708166480064392,AAPL,2,3402
2023-10-06,0.0080529749393463,0.0249741654843091,0.966972827911377,WMT,5,3403
2023-10-06,0.0758119225502014,0.8813939690589905,0.0427941530942916,DIS,3,3404
2023-10-06,0.0758119225502014,0.8813939690589905,0.0427941530942916,UBER,3,3405
2023-10-06,0.0758119225502014,0.8813939690589905,0.0427941530942916,UBER,1,3406
2023-10-06,0.0386228822171688,0.942632496356964,0.0187446605414152,AMZN,3,3407
2023-10-06,0.0390212461352348,0.586345911026001,0.3746328055858612,GS,5,3408
2023-10-06,0.0428574234247207,0.940978229045868,0.0161643214523792,WMT,5,3409
2023-10-06,0.0450465604662895,0.9316359162330629,0.0233174879103899,NVDA,4,3410
2023-10-06,0.0390212461352348,0.586345911026001,0.3746328055858612,GS,3,3411
2023-10-06,0.0758119225502014,0.8813939690589905,0.0427941530942916,UBER,3,3412
2023-10-06,0.0758119225502014,0.8813939690589905,0.0427941530942916,UBER,5,3413
2023-10-06,0.0758119225502014,0.8813939690589905,0.0427941530942916,DIS,3,3414
2023-10-06,0.0390212461352348,0.586345911026001,0.3746328055858612,GS,5,3415
2023-10-06,0.0730736479163169,0.2347497642040252,0.6921765804290771,GS,5,3416
2023-10-06,0.0479434169828891,0.9278936982154846,0.0241629406809806,AMD,4,3417
2023-10-06,0.0479434169828891,0.9278936982154846,0.0241629406809806,NVDA,2,3418
2023-10-06,0.04725231975317,0.9180192947387696,0.0347283519804477,WMT,2,3419
2023-10-06,0.0758119225502014,0.8813939690589905,0.0427941530942916,DIS,4,3420
2023-10-06,0.0435436479747295,0.0156470797955989,0.9408092498779296,MSFT,1,3421
2023-10-06,0.0435436479747295,0.0156470797955989,0.9408092498779296,TSLA,4,3422
2023-10-06,0.0390212461352348,0.586345911026001,0.3746328055858612,GS,2,3423
2023-10-06,0.0758119225502014,0.8813939690589905,0.0427941530942916,DIS,3,3424
2023-10-06,0.0758119225502014,0.8813939690589905,0.0427941530942916,UBER,5,3425
2023-10-06,0.0758119225502014,0.8813939690589905,0.0427941530942916,DIS,3,3426
2023-10-06,0.0390212461352348,0.586345911026001,0.3746328055858612,GS,3,3427
2023-10-06,0.0741859301924705,0.0559574551880359,0.8698566555976868,AMD,1,3428
2023-10-06,0.1003474667668342,0.854003369808197,0.045649129897356,DIS,3,3429
2023-10-06,0.028282705694437,0.7876471281051636,0.184070199728012,DIS,3,3430
2023-10-06,0.0390212461352348,0.586345911026001,0.3746328055858612,GS,4,3431
2023-10-06,0.0758119225502014,0.8813939690589905,0.0427941530942916,DIS,3,3432
2023-10-06,0.0182704031467437,0.0204869396984577,0.96124267578125,DIS,1,3433
2023-10-06,0.0758119225502014,0.8813939690589905,0.0427941530942916,DIS,1,3434
2023-10-06,0.0144281322136521,0.0225302185863256,0.9630416631698608,MSFT,4,3435
2023-10-06,0.0144281322136521,0.0225302185863256,0.9630416631698608,TSLA,4,3436
2023-10-06,0.0435436479747295,0.0156470797955989,0.9408092498779296,MSFT,4,3437
2023-10-06,0.0435436479747295,0.0156470797955989,0.9408092498779296,TSLA,1,3438
2023-10-06,0.0758119225502014,0.8813939690589905,0.0427941530942916,UBER,3,3439
2023-10-06,0.060090098530054,0.8689612746238708,0.0709486827254295,MSFT,5,3440
2023-10-06,0.0758119225502014,0.8813939690589905,0.0427941530942916,DIS,4,3441
2023-10-06,0.0753887668251991,0.6395471692085266,0.2850641012191772,F,3,3442
2023-10-06,0.0144281322136521,0.0225302185863256,0.9630416631698608,MSFT,4,3443
2023-10-06,0.0144281322136521,0.0225302185863256,0.9630416631698608,TSLA,4,3444
2023-10-07,0.0389915779232978,0.9350570440292358,0.025951387360692,BRK,3,3445
2023-10-07,0.1214232072234153,0.8597196340560913,0.0188571326434612,TSLA,1,3446
2023-10-07,0.0389915779232978,0.9350570440292358,0.025951387360692,BRK,5,3447
2023-10-07,0.0389915779232978,0.9350570440292358,0.025951387360692,BRK,4,3448
2023-10-08,0.0495006665587425,0.9296880960464478,0.0208112373948097,DIS,5,3449
2023-10-08,0.0957698449492454,0.745840311050415,0.1583897620439529,DIS,5,3450
2023-10-08,0.0522769354283809,0.924221932888031,0.0235011205077171,TSLA,3,3451
2023-10-09,0.0626260191202163,0.7647997140884399,0.172574296593666,AAPL,2,3452
2023-10-09,0.0626260191202163,0.7647997140884399,0.172574296593666,AMZN,4,3453
2023-10-09,0.0626260191202163,0.7647997140884399,0.172574296593666,MSFT,5,3454
2023-10-09,0.0084229717031121,0.0176593381911516,0.9739177823066713,GS,4,3455
2023-10-09,0.3384746611118316,0.0356460064649581,0.6258793473243713,GS,3,3456
2023-10-09,0.3628592491149902,0.5708978772163391,0.0662428885698318,DIS,2,3457
2023-10-09,0.0720450207591056,0.8704119324684143,0.0575430281460285,NVDA,4,3458
2023-10-09,0.0626260191202163,0.7647997140884399,0.172574296593666,AMZN,3,3459
2023-10-09,0.0626260191202163,0.7647997140884399,0.172574296593666,MSFT,3,3460
2023-10-09,0.0636966452002525,0.8726613521575928,0.0636420473456382,GOOG,4,3461
2023-10-09,0.0155239095911383,0.0201930459588766,0.964283049106598,AAPL,4,3462
2023-10-09,0.0155239095911383,0.0201930459588766,0.964283049106598,GOOG,4,3463
2023-10-09,0.049810454249382,0.5726006627082825,0.3775888979434967,SPY,4,3464
2023-10-09,0.049810454249382,0.5726006627082825,0.3775888979434967,SPY,5,3465
2023-10-09,0.0636966452002525,0.8726613521575928,0.0636420473456382,GOOG,4,3466
2023-10-09,0.3628592491149902,0.5708978772163391,0.0662428885698318,DIS,3,3467
2023-10-09,0.0720450207591056,0.8704119324684143,0.0575430281460285,NVDA,3,3468
2023-10-09,0.0628371387720108,0.9149829745292664,0.0221798960119485,AMD,5,3469
2023-10-09,0.0628371387720108,0.9149829745292664,0.0221798960119485,NVDA,4,3470
2023-10-09,0.0151374507695436,0.020241942256689,0.9646205902099608,DIS,5,3471
2023-10-09,0.4190493822097778,0.0510724335908889,0.5298781394958496,TSLA,4,3472
2023-10-09,0.0263846572488546,0.940037727355957,0.033577661961317,AAPL,3,3473
2023-10-09,0.0263846572488546,0.940037727355957,0.033577661961317,AMZN,3,3474
2023-10-09,0.1067560389637947,0.0556234754621982,0.8376205563545227,TSLA,5,3475
2023-10-09,0.0151374507695436,0.020241942256689,0.9646205902099608,DIS,3,3476
2023-10-09,0.0235875435173511,0.0439469255506992,0.9324656128883362,TSLA,3,3477
2023-10-09,0.0151374507695436,0.020241942256689,0.9646205902099608,DIS,3,3478
2023-10-09,0.0263846572488546,0.940037727355957,0.033577661961317,AMZN,1,3479
2023-10-09,0.049810454249382,0.5726006627082825,0.3775888979434967,SPY,4,3480
2023-10-09,0.0626260191202163,0.7647997140884399,0.172574296593666,AAPL,2,3481
2023-10-09,0.0626260191202163,0.7647997140884399,0.172574296593666,AMZN,3,3482
2023-10-09,0.0626260191202163,0.7647997140884399,0.172574296593666,MSFT,5,3483
2023-10-09,0.0636966452002525,0.8726613521575928,0.0636420473456382,GOOG,5,3484
2023-10-09,0.0263846572488546,0.940037727355957,0.033577661961317,AMZN,5,3485
2023-10-09,0.0263846572488546,0.940037727355957,0.033577661961317,MSFT,1,3486
2023-10-09,0.0636966452002525,0.8726613521575928,0.0636420473456382,GOOG,4,3487
2023-10-09,0.3628592491149902,0.5708978772163391,0.0662428885698318,DIS,3,3488
2023-10-09,0.0626260191202163,0.7647997140884399,0.172574296593666,AAPL,1,3489
2023-10-09,0.0151374507695436,0.020241942256689,0.9646205902099608,DIS,3,3490
2023-10-09,0.049810454249382,0.5726006627082825,0.3775888979434967,SPY,5,3491
2023-10-09,0.3628592491149902,0.5708978772163391,0.0662428885698318,DIS,3,3492
2023-10-09,0.049810454249382,0.5726006627082825,0.3775888979434967,SPY,3,3493
2023-10-09,0.049810454249382,0.5726006627082825,0.3775888979434967,SPY,4,3494
2023-10-09,0.3628592491149902,0.5708978772163391,0.0662428885698318,DIS,3,3495
2023-10-09,0.3628592491149902,0.5708978772163391,0.0662428885698318,DIS,3,3496
2023-10-09,0.0636966452002525,0.8726613521575928,0.0636420473456382,GOOG,5,3497
2023-10-09,0.0263846572488546,0.940037727355957,0.033577661961317,AAPL,3,3498
2023-10-09,0.0263846572488546,0.940037727355957,0.033577661961317,AMZN,4,3499
2023-10-09,0.0263846572488546,0.940037727355957,0.033577661961317,MSFT,4,3500
2023-10-09,0.049810454249382,0.5726006627082825,0.3775888979434967,SPY,4,3501
2023-10-09,0.3628592491149902,0.5708978772163391,0.0662428885698318,DIS,5,3502
2023-10-09,0.0628371387720108,0.9149829745292664,0.0221798960119485,AMD,4,3503
2023-10-09,0.0628371387720108,0.9149829745292664,0.0221798960119485,NVDA,4,3504
2023-10-09,0.3628592491149902,0.5708978772163391,0.0662428885698318,DIS,3,3505
2023-10-09,0.049810454249382,0.5726006627082825,0.3775888979434967,SPY,5,3506
2023-10-09,0.0263846572488546,0.940037727355957,0.033577661961317,AAPL,4,3507
2023-10-09,0.0263846572488546,0.940037727355957,0.033577661961317,AMZN,4,3508
2023-10-09,0.0720450207591056,0.8704119324684143,0.0575430281460285,NVDA,4,3509
2023-10-09,0.0626260191202163,0.7647997140884399,0.172574296593666,AAPL,5,3510
2023-10-09,0.0626260191202163,0.7647997140884399,0.172574296593666,AMZN,1,3511
2023-10-09,0.0263846572488546,0.940037727355957,0.033577661961317,AMZN,4,3512
2023-10-09,0.0263846572488546,0.940037727355957,0.033577661961317,MSFT,5,3513
2023-10-09,0.0151374507695436,0.020241942256689,0.9646205902099608,DIS,3,3514
2023-10-09,0.0626260191202163,0.7647997140884399,0.172574296593666,MSFT,2,3515
2023-10-09,0.0636966452002525,0.8726613521575928,0.0636420473456382,GOOG,3,3516
2023-10-09,0.0720450207591056,0.8704119324684143,0.0575430281460285,NVDA,3,3517
2023-10-09,0.0263846572488546,0.940037727355957,0.033577661961317,MSFT,4,3518
2023-10-09,0.0626260191202163,0.7647997140884399,0.172574296593666,AAPL,3,3519
2023-10-09,0.0626260191202163,0.7647997140884399,0.172574296593666,MSFT,4,3520
2023-10-09,0.0263846572488546,0.940037727355957,0.033577661961317,AAPL,1,3521
2023-10-09,0.0151374507695436,0.020241942256689,0.9646205902099608,DIS,3,3522
2023-10-09,0.0263846572488546,0.940037727355957,0.033577661961317,AAPL,4,3523
2023-10-09,0.0263846572488546,0.940037727355957,0.033577661961317,MSFT,3,3524
2023-10-09,0.0626260191202163,0.7647997140884399,0.172574296593666,AMZN,1,3525
2023-10-09,0.0626260191202163,0.7647997140884399,0.172574296593666,MSFT,5,3526
2023-10-09,0.3628592491149902,0.5708978772163391,0.0662428885698318,DIS,5,3527
2023-10-09,0.049810454249382,0.5726006627082825,0.3775888979434967,SPY,5,3528
2023-10-09,0.0626260191202163,0.7647997140884399,0.172574296593666,MSFT,3,3529
2023-10-09,0.0720450207591056,0.8704119324684143,0.0575430281460285,NVDA,5,3530
2023-10-09,0.0155239095911383,0.0201930459588766,0.964283049106598,GOOG,3,3531
2023-10-09,0.0263846572488546,0.940037727355957,0.033577661961317,AAPL,5,3532
2023-10-09,0.0263846572488546,0.940037727355957,0.033577661961317,AMZN,4,3533
2023-10-09,0.0263846572488546,0.940037727355957,0.033577661961317,MSFT,3,3534
2023-10-09,0.049810454249382,0.5726006627082825,0.3775888979434967,SPY,3,3535
2023-10-09,0.0626260191202163,0.7647997140884399,0.172574296593666,MSFT,5,3536
2023-10-09,0.3628592491149902,0.5708978772163391,0.0662428885698318,DIS,3,3537
2023-10-09,0.0263846572488546,0.940037727355957,0.033577661961317,AAPL,4,3538
2023-10-09,0.0263846572488546,0.940037727355957,0.033577661961317,AMZN,1,3539
2023-10-09,0.049810454249382,0.5726006627082825,0.3775888979434967,SPY,3,3540
2023-10-09,0.0263846572488546,0.940037727355957,0.033577661961317,AMZN,3,3541
2023-10-09,0.0720450207591056,0.8704119324684143,0.0575430281460285,NVDA,3,3542
2023-10-09,0.0263846572488546,0.940037727355957,0.033577661961317,AMZN,3,3543
2023-10-09,0.0151374507695436,0.020241942256689,0.9646205902099608,DIS,3,3544
2023-10-09,0.0636966452002525,0.8726613521575928,0.0636420473456382,GOOG,3,3545
2023-10-09,0.3628592491149902,0.5708978772163391,0.0662428885698318,DIS,3,3546
2023-10-09,0.049810454249382,0.5726006627082825,0.3775888979434967,SPY,5,3547
2023-10-09,0.0151374507695436,0.020241942256689,0.9646205902099608,DIS,3,3548
2023-10-09,0.0263846572488546,0.940037727355957,0.033577661961317,AMZN,3,3549
2023-10-09,0.3628592491149902,0.5708978772163391,0.0662428885698318,DIS,3,3550
2023-10-09,0.0636966452002525,0.8726613521575928,0.0636420473456382,GOOG,3,3551
2023-10-09,0.3628592491149902,0.5708978772163391,0.0662428885698318,DIS,3,3552
2023-10-09,0.0626260191202163,0.7647997140884399,0.172574296593666,AAPL,4,3553
2023-10-09,0.0626260191202163,0.7647997140884399,0.172574296593666,AMZN,4,3554
2023-10-09,0.049810454249382,0.5726006627082825,0.3775888979434967,SPY,3,3555
2023-10-09,0.0263846572488546,0.940037727355957,0.033577661961317,AMZN,1,3556
2023-10-09,0.0263846572488546,0.940037727355957,0.033577661961317,MSFT,4,3557
2023-10-09,0.0626260191202163,0.7647997140884399,0.172574296593666,AMZN,3,3558
2023-10-09,0.0720450207591056,0.8704119324684143,0.0575430281460285,NVDA,3,3559
2023-10-09,0.0626260191202163,0.7647997140884399,0.172574296593666,AAPL,3,3560
2023-10-09,0.0626260191202163,0.7647997140884399,0.172574296593666,MSFT,5,3561
2023-10-09,0.0720450207591056,0.8704119324684143,0.0575430281460285,NVDA,4,3562
2023-10-09,0.0101589355617761,0.0387995839118957,0.9510414600372314,WMT,5,3563
2023-10-09,0.0151374507695436,0.020241942256689,0.9646205902099608,DIS,3,3564
2023-10-09,0.9345302581787108,0.0292439814656972,0.0362257696688175,DIS,4,3565
2023-10-09,0.0263846572488546,0.940037727355957,0.033577661961317,MSFT,3,3566
2023-10-09,0.0151374507695436,0.020241942256689,0.9646205902099608,DIS,3,3567
2023-10-09,0.0636966452002525,0.8726613521575928,0.0636420473456382,GOOG,3,3568
2023-10-09,0.049810454249382,0.5726006627082825,0.3775888979434967,SPY,3,3569
2023-10-09,0.0626260191202163,0.7647997140884399,0.172574296593666,AAPL,3,3570
2023-10-09,0.3628592491149902,0.5708978772163391,0.0662428885698318,DIS,3,3571
2023-10-09,0.0263846572488546,0.940037727355957,0.033577661961317,AAPL,4,3572
2023-10-09,0.0263846572488546,0.940037727355957,0.033577661961317,AMZN,3,3573
2023-10-09,0.0263846572488546,0.940037727355957,0.033577661961317,MSFT,5,3574
2023-10-09,0.0626260191202163,0.7647997140884399,0.172574296593666,AAPL,4,3575
2023-10-09,0.0626260191202163,0.7647997140884399,0.172574296593666,MSFT,4,3576
2023-10-10,0.0355536118149757,0.9296116232872008,0.0348347388207912,MSFT,3,3577
2023-10-10,0.0457149930298328,0.8575776815414429,0.0967072769999504,AAPL,2,3578
2023-10-10,0.0896605923771858,0.8763265609741211,0.0340128876268863,BRK,5,3579
2023-10-10,0.0896605923771858,0.8763265609741211,0.0340128876268863,GS,5,3580
2023-10-10,0.0355536118149757,0.9296116232872008,0.0348347388207912,AMZN,1,3581
2023-10-10,0.0355536118149757,0.9296116232872008,0.0348347388207912,MSFT,3,3582
2023-10-10,0.0896605923771858,0.8763265609741211,0.0340128876268863,BRK,3,3583
2023-10-10,0.0355536118149757,0.9296116232872008,0.0348347388207912,AMZN,3,3584
2023-10-10,0.0355536118149757,0.9296116232872008,0.0348347388207912,MSFT,3,3585
2023-10-10,0.8478448390960693,0.0830057188868522,0.0691494569182396,GS,4,3586
2023-10-10,0.0669504106044769,0.8705213069915771,0.0625283345580101,SPY,3,3587
2023-10-10,0.0896605923771858,0.8763265609741211,0.0340128876268863,BRK,5,3588
2023-10-10,0.0896605923771858,0.8763265609741211,0.0340128876268863,GS,3,3589
2023-10-10,0.0669504106044769,0.8705213069915771,0.0625283345580101,SPY,2,3590
2023-10-10,0.0355536118149757,0.9296116232872008,0.0348347388207912,MSFT,3,3591
2023-10-10,0.0669504106044769,0.8705213069915771,0.0625283345580101,SPY,3,3592
2023-10-10,0.0782721638679504,0.8141047954559326,0.1076230481266975,DIS,1,3593
2023-10-10,0.0782721638679504,0.8141047954559326,0.1076230481266975,TSLA,4,3594
2023-10-10,0.0355536118149757,0.9296116232872008,0.0348347388207912,AMZN,3,3595
2023-10-10,0.0355536118149757,0.9296116232872008,0.0348347388207912,MSFT,4,3596
2023-10-10,0.0896605923771858,0.8763265609741211,0.0340128876268863,GS,4,3597
2023-10-10,0.0896605923771858,0.8763265609741211,0.0340128876268863,BRK,1,3598
2023-10-10,0.0896605923771858,0.8763265609741211,0.0340128876268863,GS,3,3599
2023-10-10,0.0355536118149757,0.9296116232872008,0.0348347388207912,AMZN,3,3600
2023-10-10,0.0896605923771858,0.8763265609741211,0.0340128876268863,BRK,4,3601
2023-10-10,0.0896605923771858,0.8763265609741211,0.0340128876268863,GS,3,3602
2023-10-10,0.0669504106044769,0.8705213069915771,0.0625283345580101,SPY,2,3603
2023-10-10,0.5324900150299072,0.4581148624420166,0.0093951225280761,AMD,3,3604
2023-10-10,0.5324900150299072,0.4581148624420166,0.0093951225280761,NVDA,4,3605
2023-10-10,0.0896605923771858,0.8763265609741211,0.0340128876268863,GS,3,3606
2023-10-10,0.0355536118149757,0.9296116232872008,0.0348347388207912,AMZN,1,3607
2023-10-10,0.0355536118149757,0.9296116232872008,0.0348347388207912,MSFT,5,3608
2023-10-10,0.0669504106044769,0.8705213069915771,0.0625283345580101,SPY,2,3609
2023-10-10,0.0669504106044769,0.8705213069915771,0.0625283345580101,SPY,3,3610
2023-10-10,0.0445951744914054,0.9296888113021852,0.025716058909893,AMD,4,3611
2023-10-10,0.0896605923771858,0.8763265609741211,0.0340128876268863,BRK,4,3612
2023-10-10,0.0896605923771858,0.8763265609741211,0.0340128876268863,GS,3,3613
2023-10-10,0.0355536118149757,0.9296116232872008,0.0348347388207912,AMZN,1,3614
2023-10-10,0.0355536118149757,0.9296116232872008,0.0348347388207912,MSFT,3,3615
2023-10-10,0.0458962507545948,0.9340915083885192,0.0200121942907571,MSFT,5,3616
2023-10-10,0.0458962507545948,0.9340915083885192,0.0200121942907571,NVDA,3,3617
2023-10-10,0.0355536118149757,0.9296116232872008,0.0348347388207912,AMZN,3,3618
2023-10-10,0.0355536118149757,0.9296116232872008,0.0348347388207912,AMZN,5,3619
2023-10-10,0.0355536118149757,0.9296116232872008,0.0348347388207912,MSFT,3,3620
2023-10-10,0.0316789001226425,0.2156174778938293,0.7527036070823669,F,5,3621
2023-10-10,0.0782721638679504,0.8141047954559326,0.1076230481266975,DIS,3,3622
2023-10-10,0.0782721638679504,0.8141047954559326,0.1076230481266975,TSLA,1,3623
2023-10-10,0.8656806945800781,0.0373643599450588,0.0969549044966697,KO,3,3624
2023-10-10,0.0896605923771858,0.8763265609741211,0.0340128876268863,BRK,3,3625
2023-10-10,0.0896605923771858,0.8763265609741211,0.0340128876268863,GS,2,3626
2023-10-10,0.0355536118149757,0.9296116232872008,0.0348347388207912,AMZN,5,3627
2023-10-10,0.0355536118149757,0.9296116232872008,0.0348347388207912,MSFT,3,3628
2023-10-10,0.8478448390960693,0.0830057188868522,0.0691494569182396,GS,5,3629
2023-10-10,0.0355536118149757,0.9296116232872008,0.0348347388207912,AMZN,5,3630
2023-10-10,0.0355536118149757,0.9296116232872008,0.0348347388207912,MSFT,5,3631
2023-10-10,0.0669504106044769,0.8705213069915771,0.0625283345580101,SPY,3,3632
2023-10-10,0.0355536118149757,0.9296116232872008,0.0348347388207912,MSFT,3,3633
2023-10-10,0.0896605923771858,0.8763265609741211,0.0340128876268863,BRK,4,3634
2023-10-10,0.0896605923771858,0.8763265609741211,0.0340128876268863,GS,4,3635
2023-10-10,0.0669504106044769,0.8705213069915771,0.0625283345580101,SPY,2,3636
2023-10-10,0.0120795732364058,0.0506757125258445,0.937244713306427,KO,1,3637
2023-10-10,0.0669504106044769,0.8705213069915771,0.0625283345580101,SPY,2,3638
2023-10-10,0.0619117841124534,0.9225897789001464,0.0154984612017869,NVDA,3,3639
2023-10-10,0.6776015162467957,0.313852846622467,0.0085456538945436,AMD,4,3640
2023-10-10,0.0669504106044769,0.8705213069915771,0.0625283345580101,SPY,2,3641
2023-10-10,0.0458962507545948,0.9340915083885192,0.0200121942907571,MSFT,5,3642
2023-10-10,0.0458962507545948,0.9340915083885192,0.0200121942907571,NVDA,4,3643
2023-10-10,0.079356849193573,0.8983244895935059,0.0223186444491148,NVDA,5,3644
2023-10-10,0.0355536118149757,0.9296116232872008,0.0348347388207912,MSFT,4,3645
2023-10-10,0.0458962507545948,0.9340915083885192,0.0200121942907571,MSFT,5,3646
2023-10-10,0.0458962507545948,0.9340915083885192,0.0200121942907571,NVDA,3,3647
2023-10-10,0.0458962507545948,0.9340915083885192,0.0200121942907571,NVDA,5,3648
2023-10-10,0.008617072366178,0.0710873454809188,0.9202955365180968,AMZN,3,3649
2023-10-10,0.0669504106044769,0.8705213069915771,0.0625283345580101,SPY,2,3650
2023-10-10,0.0896605923771858,0.8763265609741211,0.0340128876268863,BRK,5,3651
2023-10-10,0.5324900150299072,0.4581148624420166,0.0093951225280761,AMD,4,3652
2023-10-10,0.0355536118149757,0.9296116232872008,0.0348347388207912,MSFT,1,3653
2023-10-10,0.079356849193573,0.8983244895935059,0.0223186444491148,NVDA,5,3654
2023-10-11,0.0548829324543476,0.8583312630653381,0.0867858082056045,WMT,5,3655
2023-10-11,0.0548829324543476,0.8583312630653381,0.0867858082056045,WMT,1,3656
2023-10-11,0.0847866609692573,0.8641186356544495,0.0510946623980999,TSLA,1,3657
2023-10-11,0.0607816763222217,0.9224154949188232,0.016802791506052,NVDA,4,3658
2023-10-11,0.5889727473258972,0.368299663066864,0.0427275262773036,DIS,3,3659
2023-10-11,0.0143235530704259,0.0165495220571756,0.9691269993782043,DIS,3,3660
2023-10-11,0.0077297217212617,0.0186013001948595,0.9736689925193788,DIS,5,3661
2023-10-11,0.0847866609692573,0.8641186356544495,0.0510946623980999,TSLA,4,3662
2023-10-11,0.0098470393568277,0.0500694513320922,0.9400834441184998,F,3,3663
2023-10-11,0.0289357770234346,0.4289682507514953,0.5420958995819092,SPY,2,3664
2023-10-11,0.0289357770234346,0.4289682507514953,0.5420958995819092,SPY,2,3665
2023-10-11,0.0309158340096473,0.0127829331904649,0.956301212310791,WMT,3,3666
2023-10-11,0.0847866609692573,0.8641186356544495,0.0510946623980999,TSLA,2,3667
2023-10-11,0.0309158340096473,0.0127829331904649,0.956301212310791,WMT,3,3668
2023-10-11,0.0548829324543476,0.8583312630653381,0.0867858082056045,WMT,3,3669
2023-10-11,0.0289357770234346,0.4289682507514953,0.5420958995819092,SPY,3,3670
2023-10-11,0.1002004742622375,0.0207966715097427,0.8790029287338257,AAPL,3,3671
2023-10-11,0.0548829324543476,0.8583312630653381,0.0867858082056045,WMT,5,3672
2023-10-11,0.0847866609692573,0.8641186356544495,0.0510946623980999,TSLA,3,3673
2023-10-11,0.0847866609692573,0.8641186356544495,0.0510946623980999,TSLA,1,3674
2023-10-11,0.0309158340096473,0.0127829331904649,0.956301212310791,WMT,3,3675
2023-10-11,0.0289357770234346,0.4289682507514953,0.5420958995819092,SPY,3,3676
2023-10-11,0.0847866609692573,0.8641186356544495,0.0510946623980999,TSLA,3,3677
2023-10-11,0.0309158340096473,0.0127829331904649,0.956301212310791,WMT,3,3678
2023-10-11,0.0289357770234346,0.4289682507514953,0.5420958995819092,SPY,2,3679
2023-10-11,0.0342325903475284,0.7242318391799927,0.2415355443954467,MSFT,1,3680
2023-10-11,0.0374490022659301,0.8185752034187317,0.1439758092164993,MSFT,3,3681
2023-10-11,0.0289357770234346,0.4289682507514953,0.5420958995819092,SPY,3,3682
2023-10-11,0.0548829324543476,0.8583312630653381,0.0867858082056045,WMT,3,3683
2023-10-11,0.0309158340096473,0.0127829331904649,0.956301212310791,WMT,5,3684
2023-10-11,0.0289357770234346,0.4289682507514953,0.5420958995819092,SPY,2,3685
2023-10-11,0.0309158340096473,0.0127829331904649,0.956301212310791,WMT,1,3686
2023-10-11,0.0847866609692573,0.8641186356544495,0.0510946623980999,TSLA,1,3687
2023-10-11,0.0289357770234346,0.4289682507514953,0.5420958995819092,SPY,2,3688
2023-10-11,0.0847866609692573,0.8641186356544495,0.0510946623980999,TSLA,3,3689
2023-10-11,0.0289357770234346,0.4289682507514953,0.5420958995819092,SPY,2,3690
2023-10-11,0.0548829324543476,0.8583312630653381,0.0867858082056045,WMT,5,3691
2023-10-11,0.0382142029702663,0.4832384586334228,0.4785473942756653,AMZN,3,3692
2023-10-11,0.0289357770234346,0.4289682507514953,0.5420958995819092,SPY,2,3693
2023-10-11,0.0847866609692573,0.8641186356544495,0.0510946623980999,TSLA,2,3694
2023-10-11,0.0180832333862781,0.1537270992994308,0.8281896710395813,GS,4,3695
2023-10-11,0.0289357770234346,0.4289682507514953,0.5420958995819092,SPY,2,3696
2023-10-11,0.0847866609692573,0.8641186356544495,0.0510946623980999,TSLA,4,3697
2023-10-11,0.0289357770234346,0.4289682507514953,0.5420958995819092,SPY,2,3698
2023-10-11,0.0548829324543476,0.8583312630653381,0.0867858082056045,WMT,3,3699
2023-10-11,0.0289357770234346,0.4289682507514953,0.5420958995819092,SPY,2,3700
2023-10-11,0.0309158340096473,0.0127829331904649,0.956301212310791,WMT,3,3701
2023-10-11,0.0847866609692573,0.8641186356544495,0.0510946623980999,TSLA,1,3702
2023-10-11,0.1533855944871902,0.8342357873916626,0.0123786348849534,TSLA,1,3703
2023-10-11,0.0427837558090686,0.937699258327484,0.0195170119404792,GS,3,3704
2023-10-11,0.0548829324543476,0.8583312630653381,0.0867858082056045,WMT,3,3705
2023-10-11,0.0309158340096473,0.0127829331904649,0.956301212310791,WMT,4,3706
2023-10-11,0.0289357770234346,0.4289682507514953,0.5420958995819092,SPY,3,3707
2023-10-11,0.0847866609692573,0.8641186356544495,0.0510946623980999,TSLA,2,3708
2023-10-11,0.0847866609692573,0.8641186356544495,0.0510946623980999,TSLA,3,3709
2023-10-11,0.0309158340096473,0.0127829331904649,0.956301212310791,WMT,5,3710
2023-10-12,0.1234992071986198,0.3790172636508941,0.4974835216999054,TSLA,3,3711
2023-10-12,0.0781865045428276,0.0211839489638805,0.900629460811615,GS,5,3712
2023-10-12,0.0642742067575454,0.7683781385421753,0.167347639799118,KO,4,3713
2023-10-12,0.0406514257192611,0.9331130385398864,0.0262354798614978,AMD,3,3714
2023-10-12,0.0406514257192611,0.9331130385398864,0.0262354798614978,NVDA,4,3715
2023-10-12,0.0781865045428276,0.0211839489638805,0.900629460811615,GS,5,3716
2023-10-12,0.0406514257192611,0.9331130385398864,0.0262354798614978,AMD,3,3717
2023-10-12,0.0395043604075908,0.9304394721984864,0.0300562009215354,MSFT,5,3718
2023-10-12,0.0642742067575454,0.7683781385421753,0.167347639799118,KO,2,3719
2023-10-12,0.0781865045428276,0.0211839489638805,0.900629460811615,GS,3,3720
2023-10-12,0.1920792609453201,0.7904435992240906,0.0174771882593631,AMZN,4,3721
2023-10-12,0.1920792609453201,0.7904435992240906,0.0174771882593631,NVDA,3,3722
2023-10-12,0.0642742067575454,0.7683781385421753,0.167347639799118,KO,3,3723
2023-10-12,0.0781865045428276,0.0211839489638805,0.900629460811615,GS,5,3724
2023-10-12,0.0406514257192611,0.9331130385398864,0.0262354798614978,AMD,5,3725
2023-10-12,0.0406514257192611,0.9331130385398864,0.0262354798614978,NVDA,5,3726
2023-10-12,0.0781865045428276,0.0211839489638805,0.900629460811615,GS,1,3727
2023-10-12,0.0360244549810886,0.9357210397720336,0.0282545424997806,TSLA,4,3728
2023-10-12,0.0781865045428276,0.0211839489638805,0.900629460811615,GS,4,3729
2023-10-12,0.0781865045428276,0.0211839489638805,0.900629460811615,GS,3,3730
2023-10-12,0.0853980705142021,0.9018627405166626,0.0127391209825873,WMT,2,3731
2023-10-12,0.0781865045428276,0.0211839489638805,0.900629460811615,GS,3,3732
2023-10-12,0.0642742067575454,0.7683781385421753,0.167347639799118,KO,5,3733
2023-10-12,0.0642742067575454,0.7683781385421753,0.167347639799118,KO,2,3734
2023-10-12,0.0397552400827407,0.6470632553100586,0.3131814897060394,WMT,2,3735
2023-10-12,0.0781865045428276,0.0211839489638805,0.900629460811615,GS,2,3736
2023-10-12,0.0781865045428276,0.0211839489638805,0.900629460811615,GS,4,3737
2023-10-12,0.0104977060109376,0.0238322298973798,0.965670108795166,GS,4,3738
2023-10-12,0.9534453749656676,0.0238586831837892,0.022695854306221,WMT,1,3739
2023-10-12,0.0642742067575454,0.7683781385421753,0.167347639799118,KO,3,3740
2023-10-12,0.0642742067575454,0.7683781385421753,0.167347639799118,KO,1,3741
2023-10-12,0.0642742067575454,0.7683781385421753,0.167347639799118,KO,3,3742
2023-10-12,0.0122169675305485,0.0170089025050401,0.9707740545272828,GS,3,3743
2023-10-12,0.06204729154706,0.92173570394516,0.0162170007824897,NVDA,2,3744
2023-10-12,0.0087926117703318,0.0217728465795516,0.96943461894989,GS,5,3745
2023-10-12,0.0156238563358783,0.2842638194561004,0.7001123428344727,DIS,3,3746
2023-10-12,0.0372721701860427,0.3895463645458221,0.5731815099716187,DIS,5,3747
2023-10-12,0.1920792609453201,0.7904435992240906,0.0174771882593631,AMZN,3,3748
2023-10-12,0.1920792609453201,0.7904435992240906,0.0174771882593631,NVDA,3,3749
2023-10-13,0.0078112091869115,0.0289950221776962,0.9631938338279724,AMD,3,3750
2023-10-13,0.0078112091869115,0.0289950221776962,0.9631938338279724,TSLA,2,3751
2023-10-13,0.2415769696235656,0.7424677014350891,0.0159553270787,NVDA,4,3752
2023-10-13,0.0078112091869115,0.0289950221776962,0.9631938338279724,AMD,5,3753
2023-10-13,0.0078112091869115,0.0289950221776962,0.9631938338279724,TSLA,3,3754
2023-10-13,0.0482112318277359,0.7671931982040405,0.1845955401659011,MSFT,4,3755
2023-10-13,0.0095233069732785,0.0184401646256446,0.972036600112915,MSFT,3,3756
2023-10-13,0.0095233069732785,0.0184401646256446,0.972036600112915,NVDA,4,3757
2023-10-13,0.0430417582392692,0.6987719535827637,0.2581863105297088,AAPL,3,3758
2023-10-13,0.0998362824320793,0.839847207069397,0.0603164993226528,AMD,3,3759
2023-10-13,0.0998362824320793,0.839847207069397,0.0603164993226528,AMD,5,3760
2023-10-13,0.0078112091869115,0.0289950221776962,0.9631938338279724,AMD,2,3761
2023-10-13,0.0078112091869115,0.0289950221776962,0.9631938338279724,TSLA,3,3762
2023-10-13,0.0998362824320793,0.839847207069397,0.0603164993226528,AMD,1,3763
2023-10-13,0.0078112091869115,0.0289950221776962,0.9631938338279724,AMD,3,3764
2023-10-13,0.0078112091869115,0.0289950221776962,0.9631938338279724,TSLA,3,3765
2023-10-13,0.0095233069732785,0.0184401646256446,0.972036600112915,MSFT,1,3766
2023-10-13,0.0095233069732785,0.0184401646256446,0.972036600112915,NVDA,4,3767
2023-10-13,0.0078112091869115,0.0289950221776962,0.9631938338279724,AMD,2,3768
2023-10-13,0.0078112091869115,0.0289950221776962,0.9631938338279724,AMD,4,3769
2023-10-13,0.0078112091869115,0.0289950221776962,0.9631938338279724,TSLA,4,3770
2023-10-13,0.0398717187345027,0.926177144050598,0.0339510738849639,UBER,5,3771
2023-10-13,0.0998362824320793,0.839847207069397,0.0603164993226528,AMD,3,3772
2023-10-13,0.0998362824320793,0.839847207069397,0.0603164993226528,AMD,3,3773
2023-10-13,0.0078112091869115,0.0289950221776962,0.9631938338279724,AMD,5,3774
2023-10-13,0.0078112091869115,0.0289950221776962,0.9631938338279724,AMD,3,3775
2023-10-13,0.0078112091869115,0.0289950221776962,0.9631938338279724,TSLA,2,3776
2023-10-13,0.0078112091869115,0.0289950221776962,0.9631938338279724,TSLA,4,3777
2023-10-13,0.0078112091869115,0.0289950221776962,0.9631938338279724,AMD,3,3778
2023-10-13,0.0078112091869115,0.0289950221776962,0.9631938338279724,TSLA,5,3779
2023-10-13,0.0998362824320793,0.839847207069397,0.0603164993226528,AMD,3,3780
2023-10-13,0.0998362824320793,0.839847207069397,0.0603164993226528,AMD,4,3781
2023-10-13,0.0998362824320793,0.839847207069397,0.0603164993226528,AMD,2,3782
2023-10-13,0.0998362824320793,0.839847207069397,0.0603164993226528,AMD,5,3783
2023-10-13,0.0078112091869115,0.0289950221776962,0.9631938338279724,AMD,4,3784
2023-10-13,0.0078112091869115,0.0289950221776962,0.9631938338279724,AMD,1,3785
2023-10-13,0.0369878560304641,0.9292446970939636,0.0337674207985401,WMT,3,3786
2023-10-13,0.0998362824320793,0.839847207069397,0.0603164993226528,AMD,3,3787
2023-10-13,0.0078112091869115,0.0289950221776962,0.9631938338279724,AMD,3,3788
2023-10-13,0.0998362824320793,0.839847207069397,0.0603164993226528,AMD,1,3789
2023-10-13,0.0998362824320793,0.839847207069397,0.0603164993226528,AMD,4,3790
2023-10-14,0.026566868647933,0.3925043046474457,0.5809288620948792,TSLA,4,3791
2023-10-14,0.026566868647933,0.3925043046474457,0.5809288620948792,TSLA,3,3792
2023-10-15,0.0638130977749824,0.9197408556938172,0.0164460390806198,NVDA,4,3793
2023-10-15,0.4700768589973449,0.1779908835887909,0.3519322872161865,F,1,3794
2023-10-15,0.0510820485651493,0.9274625182151794,0.0214554574340581,TSLA,4,3795
2023-10-16,0.0143537716940045,0.0381611287593841,0.9474850296974182,F,3,3796
2023-10-16,0.8415083289146423,0.1512310206890106,0.0072606881149113,KO,5,3797
2023-10-16,0.0298977084457874,0.945506989955902,0.0245953537523746,SPY,3,3798
2023-10-16,0.4693184196949005,0.0331053659319877,0.4975762367248535,AAPL,5,3799
2023-10-16,0.0109766749665141,0.0168377086520195,0.9721856713294984,GS,2,3800
2023-10-16,0.4693184196949005,0.0331053659319877,0.4975762367248535,AAPL,1,3801
2023-10-16,0.4693184196949005,0.0331053659319877,0.4975762367248535,AAPL,3,3802
2023-10-16,0.0109766749665141,0.0168377086520195,0.9721856713294984,AAPL,3,3803
2023-10-16,0.0109766749665141,0.0168377086520195,0.9721856713294984,GS,3,3804
2023-10-16,0.4693184196949005,0.0331053659319877,0.4975762367248535,AAPL,3,3805
2023-10-16,0.0350541211664676,0.9389286041259766,0.0260172057896852,NVDA,3,3806
2023-10-16,0.0350541211664676,0.9389286041259766,0.0260172057896852,TSLA,3,3807
2023-10-16,0.0109766749665141,0.0168377086520195,0.9721856713294984,AAPL,4,3808
2023-10-16,0.0109766749665141,0.0168377086520195,0.9721856713294984,GS,2,3809
2023-10-16,0.0109766749665141,0.0168377086520195,0.9721856713294984,GS,4,3810
2023-10-16,0.4693184196949005,0.0331053659319877,0.4975762367248535,AAPL,5,3811
2023-10-16,0.0109766749665141,0.0168377086520195,0.9721856713294984,AAPL,3,3812
2023-10-16,0.0109766749665141,0.0168377086520195,0.9721856713294984,GS,3,3813
2023-10-16,0.0109766749665141,0.0168377086520195,0.9721856713294984,AAPL,3,3814
2023-10-16,0.0819293111562728,0.7648603320121765,0.1532103568315506,GS,3,3815
2023-10-16,0.4693184196949005,0.0331053659319877,0.4975762367248535,AAPL,4,3816
2023-10-16,0.0378414168953895,0.9286205172538756,0.0335380658507347,TSLA,3,3817
2023-10-16,0.4693184196949005,0.0331053659319877,0.4975762367248535,AAPL,1,3818
2023-10-16,0.0109766749665141,0.0168377086520195,0.9721856713294984,GS,4,3819
2023-10-16,0.0357402302324771,0.933560848236084,0.0306989904493093,AMD,2,3820
2023-10-16,0.4693184196949005,0.0331053659319877,0.4975762367248535,AAPL,4,3821
2023-10-16,0.064251072704792,0.9153967499732972,0.0203522238880395,AMD,2,3822
2023-10-16,0.064251072704792,0.9153967499732972,0.0203522238880395,NVDA,5,3823
2023-10-16,0.1125018373131752,0.8746737241744995,0.0128244310617446,KO,3,3824
2023-10-16,0.4693184196949005,0.0331053659319877,0.4975762367248535,AAPL,3,3825
2023-10-16,0.0429502874612808,0.7577341198921204,0.1993155628442764,BRK,5,3826
2023-10-16,0.4693184196949005,0.0331053659319877,0.4975762367248535,AAPL,3,3827
2023-10-16,0.0088913012295961,0.0316453836858272,0.9594632983207704,MSFT,1,3828
2023-10-16,0.9446644186973572,0.0391244553029537,0.0162110906094312,MSFT,3,3829
2023-10-16,0.4693184196949005,0.0331053659319877,0.4975762367248535,AAPL,3,3830
2023-10-16,0.0109766749665141,0.0168377086520195,0.9721856713294984,AAPL,3,3831
2023-10-16,0.0109766749665141,0.0168377086520195,0.9721856713294984,GS,3,3832
2023-10-16,0.0109766749665141,0.0168377086520195,0.9721856713294984,AAPL,3,3833
2023-10-16,0.0109766749665141,0.0168377086520195,0.9721856713294984,GS,5,3834
2023-10-16,0.4693184196949005,0.0331053659319877,0.4975762367248535,AAPL,2,3835
2023-10-16,0.0429502874612808,0.7577341198921204,0.1993155628442764,BRK,3,3836
2023-10-16,0.4693184196949005,0.0331053659319877,0.4975762367248535,AAPL,3,3837
2023-10-16,0.0109766749665141,0.0168377086520195,0.9721856713294984,GS,3,3838
2023-10-16,0.0844568759202957,0.0163945164531469,0.8991485238075256,AAPL,3,3839
2023-10-16,0.0109766749665141,0.0168377086520195,0.9721856713294984,AAPL,3,3840
2023-10-16,0.0109766749665141,0.0168377086520195,0.9721856713294984,AAPL,1,3841
2023-10-16,0.4693184196949005,0.0331053659319877,0.4975762367248535,AAPL,1,3842
2023-10-16,0.064251072704792,0.9153967499732972,0.0203522238880395,AMD,4,3843
2023-10-16,0.064251072704792,0.9153967499732972,0.0203522238880395,NVDA,5,3844
2023-10-16,0.0357402302324771,0.933560848236084,0.0306989904493093,AMD,3,3845
2023-10-16,0.4693184196949005,0.0331053659319877,0.4975762367248535,AAPL,3,3846
2023-10-16,0.0350541211664676,0.9389286041259766,0.0260172057896852,NVDA,5,3847
2023-10-16,0.0350541211664676,0.9389286041259766,0.0260172057896852,TSLA,3,3848
2023-10-17,0.0604047030210495,0.528479814529419,0.4111154675483703,NVDA,4,3849
2023-10-17,0.0155786564573645,0.0185964461416006,0.9658249616622924,GS,4,3850
2023-10-17,0.085884690284729,0.8934780359268188,0.0206373240798711,AMZN,4,3851
2023-10-17,0.0691438987851142,0.9142861366271972,0.0165700037032365,AMZN,3,3852
2023-10-17,0.0691438987851142,0.9142861366271972,0.0165700037032365,MSFT,1,3853
2023-10-17,0.0780290141701698,0.8464158177375793,0.0755551308393478,DIS,3,3854
2023-10-17,0.0780290141701698,0.8464158177375793,0.0755551308393478,SPY,1,3855
2023-10-17,0.0155786564573645,0.0185964461416006,0.9658249616622924,GS,1,3856
2023-10-17,0.0487635396420955,0.8470386862754822,0.1041977703571319,AMZN,3,3857
2023-10-17,0.0487635396420955,0.8470386862754822,0.1041977703571319,MSFT,3,3858
2023-10-17,0.0487635396420955,0.8470386862754822,0.1041977703571319,AAPL,2,3859
2023-10-17,0.0487635396420955,0.8470386862754822,0.1041977703571319,AMZN,5,3860
2023-10-17,0.0487635396420955,0.8470386862754822,0.1041977703571319,MSFT,2,3861
2023-10-17,0.0228480119258165,0.4396476149559021,0.5375044345855713,TSLA,3,3862
2023-10-17,0.0780290141701698,0.8464158177375793,0.0755551308393478,DIS,3,3863
2023-10-17,0.0155786564573645,0.0185964461416006,0.9658249616622924,GS,4,3864
2023-10-17,0.0487635396420955,0.8470386862754822,0.1041977703571319,AMZN,5,3865
2023-10-17,0.0487635396420955,0.8470386862754822,0.1041977703571319,MSFT,5,3866
2023-10-17,0.0604047030210495,0.528479814529419,0.4111154675483703,NVDA,3,3867
2023-10-17,0.0737718790769577,0.8581878542900085,0.0680402740836143,GOOG,5,3868
2023-10-17,0.0103519149124622,0.0315555892884731,0.9580925703048706,NVDA,5,3869
2023-10-17,0.7407954335212708,0.2509511709213257,0.0082534067332744,MSFT,2,3870
2023-10-17,0.0206235293298959,0.2745870351791382,0.704789400100708,TSLA,3,3871
2023-10-17,0.0487635396420955,0.8470386862754822,0.1041977703571319,AAPL,1,3872
2023-10-17,0.0487635396420955,0.8470386862754822,0.1041977703571319,AMZN,1,3873
2023-10-17,0.0487635396420955,0.8470386862754822,0.1041977703571319,MSFT,4,3874
2023-10-17,0.0532609559595584,0.9174513220787048,0.0292877648025751,DIS,1,3875
2023-10-17,0.0487635396420955,0.8470386862754822,0.1041977703571319,AAPL,3,3876
2023-10-17,0.7407954335212708,0.2509511709213257,0.0082534067332744,MSFT,3,3877
2023-10-17,0.0155786564573645,0.0185964461416006,0.9658249616622924,GS,1,3878
2023-10-17,0.0155786564573645,0.0185964461416006,0.9658249616622924,GS,3,3879
2023-10-17,0.0103519149124622,0.0315555892884731,0.9580925703048706,NVDA,5,3880
2023-10-17,0.0604047030210495,0.528479814529419,0.4111154675483703,NVDA,3,3881
2023-10-17,0.0102664064615964,0.0282776430249214,0.9614559412002563,NVDA,1,3882
2023-10-17,0.0604047030210495,0.528479814529419,0.4111154675483703,NVDA,3,3883
2023-10-17,0.0780290141701698,0.8464158177375793,0.0755551308393478,DIS,1,3884
2023-10-17,0.0780290141701698,0.8464158177375793,0.0755551308393478,SPY,4,3885
2023-10-17,0.0737718790769577,0.8581878542900085,0.0680402740836143,GOOG,1,3886
2023-10-17,0.0737718790769577,0.8581878542900085,0.0680402740836143,GOOG,3,3887
2023-10-17,0.0136669455096125,0.0166725721210241,0.9696604013442992,GS,3,3888
2023-10-17,0.0780290141701698,0.8464158177375793,0.0755551308393478,SPY,3,3889
2023-10-17,0.0617361143231391,0.9227542877197266,0.0155095662921667,NVDA,3,3890
2023-10-17,0.0312120988965034,0.406887799501419,0.5619000792503357,NVDA,1,3891
2023-10-17,0.0398050919175148,0.9407171607017516,0.0194777827709913,NVDA,3,3892
2023-10-17,0.0081787956878542,0.0168799683451652,0.9749412536621094,NVDA,5,3893
2023-10-17,0.0780290141701698,0.8464158177375793,0.0755551308393478,DIS,4,3894
2023-10-17,0.0780290141701698,0.8464158177375793,0.0755551308393478,SPY,1,3895
2023-10-17,0.0155786564573645,0.0185964461416006,0.9658249616622924,GS,1,3896
2023-10-17,0.0155786564573645,0.0185964461416006,0.9658249616622924,GS,4,3897
2023-10-17,0.0487635396420955,0.8470386862754822,0.1041977703571319,AMZN,3,3898
2023-10-17,0.0487635396420955,0.8470386862754822,0.1041977703571319,MSFT,4,3899
2023-10-17,0.0604047030210495,0.528479814529419,0.4111154675483703,NVDA,3,3900
2023-10-17,0.0780290141701698,0.8464158177375793,0.0755551308393478,SPY,5,3901
2023-10-17,0.7407954335212708,0.2509511709213257,0.0082534067332744,MSFT,5,3902
2023-10-17,0.0604047030210495,0.528479814529419,0.4111154675483703,NVDA,4,3903
2023-10-17,0.0155786564573645,0.0185964461416006,0.9658249616622924,GS,4,3904
2023-10-17,0.0737718790769577,0.8581878542900085,0.0680402740836143,GOOG,3,3905
2023-10-17,0.0780290141701698,0.8464158177375793,0.0755551308393478,DIS,2,3906
2023-10-17,0.0780290141701698,0.8464158177375793,0.0755551308393478,SPY,4,3907
2023-10-17,0.0604047030210495,0.528479814529419,0.4111154675483703,NVDA,3,3908
2023-10-17,0.0780290141701698,0.8464158177375793,0.0755551308393478,DIS,3,3909
2023-10-17,0.0780290141701698,0.8464158177375793,0.0755551308393478,SPY,4,3910
2023-10-17,0.7407954335212708,0.2509511709213257,0.0082534067332744,MSFT,3,3911
2023-10-17,0.0691438987851142,0.9142861366271972,0.0165700037032365,AMZN,5,3912
2023-10-17,0.0487635396420955,0.8470386862754822,0.1041977703571319,AAPL,3,3913
2023-10-17,0.0487635396420955,0.8470386862754822,0.1041977703571319,AMZN,4,3914
2023-10-17,0.0780290141701698,0.8464158177375793,0.0755551308393478,SPY,3,3915
2023-10-17,0.0487635396420955,0.8470386862754822,0.1041977703571319,AAPL,5,3916
2023-10-17,0.0487635396420955,0.8470386862754822,0.1041977703571319,AMZN,3,3917
2023-10-17,0.0487635396420955,0.8470386862754822,0.1041977703571319,MSFT,3,3918
2023-10-17,0.0155786564573645,0.0185964461416006,0.9658249616622924,GS,1,3919
2023-10-17,0.2504882216453552,0.7306081056594849,0.0189036354422569,MSFT,3,3920
2023-10-17,0.2504882216453552,0.7306081056594849,0.0189036354422569,NVDA,3,3921
2023-10-17,0.0487635396420955,0.8470386862754822,0.1041977703571319,MSFT,3,3922
2023-10-17,0.0155786564573645,0.0185964461416006,0.9658249616622924,GS,4,3923
2023-10-17,0.0604047030210495,0.528479814529419,0.4111154675483703,NVDA,1,3924
2023-10-17,0.0136669455096125,0.0166725721210241,0.9696604013442992,GS,3,3925
2023-10-17,0.0136669455096125,0.0166725721210241,0.9696604013442992,NVDA,3,3926
2023-10-17,0.1842634677886963,0.023885628208518,0.7918509840965271,GS,5,3927
2023-10-17,0.7407954335212708,0.2509511709213257,0.0082534067332744,MSFT,1,3928
2023-10-17,0.0487635396420955,0.8470386862754822,0.1041977703571319,AMZN,4,3929
2023-10-17,0.0487635396420955,0.8470386862754822,0.1041977703571319,MSFT,1,3930
2023-10-17,0.0420342236757278,0.5713441371917725,0.3866216540336609,TSLA,3,3931
2023-10-17,0.0780290141701698,0.8464158177375793,0.0755551308393478,DIS,2,3932
2023-10-17,0.0780290141701698,0.8464158177375793,0.0755551308393478,SPY,2,3933
2023-10-17,0.0604047030210495,0.528479814529419,0.4111154675483703,NVDA,3,3934
2023-10-17,0.0155786564573645,0.0185964461416006,0.9658249616622924,GS,1,3935
2023-10-17,0.0487635396420955,0.8470386862754822,0.1041977703571319,AAPL,1,3936
2023-10-17,0.0604047030210495,0.528479814529419,0.4111154675483703,NVDA,5,3937
2023-10-17,0.0737718790769577,0.8581878542900085,0.0680402740836143,GOOG,3,3938
2023-10-17,0.7407954335212708,0.2509511709213257,0.0082534067332744,MSFT,3,3939
2023-10-17,0.0487635396420955,0.8470386862754822,0.1041977703571319,AAPL,1,3940
2023-10-17,0.0780290141701698,0.8464158177375793,0.0755551308393478,DIS,3,3941
2023-10-17,0.0155786564573645,0.0185964461416006,0.9658249616622924,GS,4,3942
2023-10-17,0.0604047030210495,0.528479814529419,0.4111154675483703,NVDA,5,3943
2023-10-17,0.0604047030210495,0.528479814529419,0.4111154675483703,NVDA,3,3944
2023-10-17,0.0780290141701698,0.8464158177375793,0.0755551308393478,SPY,2,3945
2023-10-17,0.0155786564573645,0.0185964461416006,0.9658249616622924,GS,4,3946
2023-10-17,0.7407954335212708,0.2509511709213257,0.0082534067332744,MSFT,3,3947
2023-10-17,0.0487635396420955,0.8470386862754822,0.1041977703571319,AAPL,3,3948
2023-10-17,0.0487635396420955,0.8470386862754822,0.1041977703571319,AMZN,3,3949
2023-10-17,0.0487635396420955,0.8470386862754822,0.1041977703571319,MSFT,2,3950
2023-10-17,0.0737718790769577,0.8581878542900085,0.0680402740836143,GOOG,4,3951
2023-10-17,0.0780290141701698,0.8464158177375793,0.0755551308393478,DIS,2,3952
2023-10-17,0.0780290141701698,0.8464158177375793,0.0755551308393478,SPY,3,3953
2023-10-17,0.0155786564573645,0.0185964461416006,0.9658249616622924,GS,2,3954
2023-10-17,0.0780290141701698,0.8464158177375793,0.0755551308393478,DIS,2,3955
2023-10-18,0.0421127416193485,0.9362643361091614,0.0216230098158121,AMD,3,3956
2023-10-18,0.1096639037132263,0.8811452984809875,0.0091907903552055,MSFT,3,3957
2023-10-18,0.0591169744729995,0.9237990379333496,0.0170840192586183,NVDA,4,3958
2023-10-18,0.0133487470448017,0.0197301786392927,0.966921091079712,AMZN,3,3959
2023-10-18,0.0133487470448017,0.0197301786392927,0.966921091079712,MSFT,5,3960
2023-10-18,0.0447673648595809,0.768059253692627,0.1871733665466308,GS,1,3961
2023-10-18,0.0334737822413444,0.2752100229263305,0.6913162469863892,BRK,3,3962
2023-10-18,0.0334737822413444,0.2752100229263305,0.6913162469863892,BRK,4,3963
2023-10-18,0.009520323947072,0.0193242188543081,0.9711554646492004,AMZN,2,3964
2023-10-18,0.009520323947072,0.0193242188543081,0.9711554646492004,MSFT,3,3965
2023-10-18,0.0334737822413444,0.2752100229263305,0.6913162469863892,BRK,3,3966
2023-10-18,0.0334737822413444,0.2752100229263305,0.6913162469863892,BRK,2,3967
2023-10-18,0.1004136204719543,0.883590817451477,0.0159955266863107,MSFT,3,3968
2023-10-18,0.0546917356550693,0.926828920841217,0.0184793267399072,AMD,4,3969
2023-10-18,0.0546917356550693,0.926828920841217,0.0184793267399072,NVDA,2,3970
2023-10-18,0.0334737822413444,0.2752100229263305,0.6913162469863892,BRK,1,3971
2023-10-18,0.0605006143450737,0.8872727751731873,0.0522265546023845,KO,3,3972
2023-10-18,0.2036035060882568,0.7831625938415527,0.0132338721305131,AMZN,5,3973
2023-10-18,0.2036035060882568,0.7831625938415527,0.0132338721305131,WMT,3,3974
2023-10-18,0.1432946920394897,0.8452667593955994,0.0114386063069105,WMT,3,3975
2023-10-18,0.0605006143450737,0.8872727751731873,0.0522265546023845,KO,5,3976
2023-10-18,0.0334737822413444,0.2752100229263305,0.6913162469863892,BRK,2,3977
2023-10-18,0.0447673648595809,0.768059253692627,0.1871733665466308,GS,5,3978
2023-10-18,0.0605006143450737,0.8872727751731873,0.0522265546023845,KO,5,3979
2023-10-18,0.0334737822413444,0.2752100229263305,0.6913162469863892,BRK,4,3980
2023-10-18,0.0334737822413444,0.2752100229263305,0.6913162469863892,BRK,3,3981
2023-10-18,0.0461096689105033,0.9318109154701232,0.0220794677734375,NVDA,5,3982
2023-10-18,0.0113922739401459,0.0214636586606502,0.9671440720558168,TSLA,3,3983
2023-10-18,0.0546917356550693,0.926828920841217,0.0184793267399072,AMD,5,3984
2023-10-18,0.0546917356550693,0.926828920841217,0.0184793267399072,NVDA,5,3985
2023-10-18,0.0150900613516569,0.0508911535143852,0.9340187311172484,TSLA,1,3986
2023-10-18,0.0421127416193485,0.9362643361091614,0.0216230098158121,AMD,4,3987
2023-10-18,0.0605006143450737,0.8872727751731873,0.0522265546023845,KO,3,3988
2023-10-18,0.0334737822413444,0.2752100229263305,0.6913162469863892,BRK,5,3989
2023-10-18,0.043216947466135,0.7070549130439758,0.2497281283140182,F,3,3990
2023-10-18,0.0334737822413444,0.2752100229263305,0.6913162469863892,BRK,1,3991
2023-10-18,0.0475940257310867,0.9314016103744508,0.0210044141858816,TSLA,4,3992
2023-10-18,0.0440654754638671,0.9265326261520386,0.0294019114226102,AAPL,3,3993
2023-10-18,0.0334737822413444,0.2752100229263305,0.6913162469863892,BRK,4,3994
2023-10-18,0.0605006143450737,0.8872727751731873,0.0522265546023845,KO,5,3995
2023-10-18,0.0447673648595809,0.768059253692627,0.1871733665466308,GS,3,3996
2023-10-18,0.0447673648595809,0.768059253692627,0.1871733665466308,GS,4,3997
2023-10-18,0.0482015796005725,0.9271346926689148,0.0246637500822544,F,5,3998
2023-10-18,0.0295795537531375,0.3439342081546783,0.6264862418174744,GOOG,3,3999
2023-10-18,0.0605006143450737,0.8872727751731873,0.0522265546023845,KO,2,4000
2023-10-18,0.0447673648595809,0.768059253692627,0.1871733665466308,GS,2,4001
2023-10-18,0.0349017046391963,0.9381082653999328,0.0269900597631931,DIS,4,4002
2023-10-18,0.0605006143450737,0.8872727751731873,0.0522265546023845,KO,5,4003
2023-10-18,0.0447673648595809,0.768059253692627,0.1871733665466308,GS,3,4004
2023-10-18,0.0334737822413444,0.2752100229263305,0.6913162469863892,BRK,2,4005
2023-10-18,0.0334737822413444,0.2752100229263305,0.6913162469863892,BRK,3,4006
2023-10-19,0.1095307767391204,0.8740917444229126,0.0163774155080318,MSFT,5,4007
2023-10-19,0.0271404143422842,0.4371178448200226,0.5357417464256287,F,3,4008
2023-10-19,0.2494505494832992,0.7425693273544312,0.0079801483079791,SPY,3,4009
2023-10-19,0.091638408601284,0.8909767866134644,0.0173847656697034,AMZN,3,4010
2023-10-19,0.091638408601284,0.8909767866134644,0.0173847656697034,WMT,5,4011
2023-10-19,0.0516563318669796,0.6334283351898193,0.3149153292179107,TSLA,3,4012
2023-10-19,0.0271404143422842,0.4371178448200226,0.5357417464256287,F,5,4013
2023-10-19,0.0454035103321075,0.5372564792633057,0.4173400104045868,WMT,4,4014
2023-10-19,0.0271404143422842,0.4371178448200226,0.5357417464256287,F,5,4015
2023-10-19,0.0454035103321075,0.5372564792633057,0.4173400104045868,WMT,4,4016
2023-10-19,0.2494505494832992,0.7425693273544312,0.0079801483079791,SPY,4,4017
2023-10-19,0.2494505494832992,0.7425693273544312,0.0079801483079791,SPY,3,4018
2023-10-19,0.0271404143422842,0.4371178448200226,0.5357417464256287,F,4,4019
2023-10-19,0.0614189617335796,0.9221129417419434,0.0164680946618318,NVDA,4,4020
2023-10-19,0.0271404143422842,0.4371178448200226,0.5357417464256287,F,5,4021
2023-10-19,0.0454035103321075,0.5372564792633057,0.4173400104045868,WMT,1,4022
2023-10-19,0.2494505494832992,0.7425693273544312,0.0079801483079791,SPY,3,4023
2023-10-19,0.0271404143422842,0.4371178448200226,0.5357417464256287,F,3,4024
2023-10-19,0.044445414096117,0.9373202919960022,0.0182343088090419,F,5,4025
2023-10-19,0.2494505494832992,0.7425693273544312,0.0079801483079791,SPY,1,4026
2023-10-19,0.0454035103321075,0.5372564792633057,0.4173400104045868,WMT,3,4027
2023-10-19,0.2494505494832992,0.7425693273544312,0.0079801483079791,SPY,3,4028
2023-10-19,0.0271404143422842,0.4371178448200226,0.5357417464256287,F,3,4029
2023-10-19,0.2494505494832992,0.7425693273544312,0.0079801483079791,SPY,4,4030
2023-10-19,0.0516563318669796,0.6334283351898193,0.3149153292179107,TSLA,4,4031
2023-10-19,0.0271404143422842,0.4371178448200226,0.5357417464256287,F,1,4032
2023-10-19,0.2494505494832992,0.7425693273544312,0.0079801483079791,SPY,3,4033
2023-10-19,0.0271404143422842,0.4371178448200226,0.5357417464256287,F,3,4034
2023-10-19,0.1731847673654556,0.8174971342086792,0.0093180797994136,F,4,4035
2023-10-19,0.1731847673654556,0.8174971342086792,0.0093180797994136,TSLA,5,4036
2023-10-19,0.2494505494832992,0.7425693273544312,0.0079801483079791,SPY,5,4037
2023-10-19,0.0457432456314563,0.9310960173606871,0.0231607016175985,AMZN,3,4038
2023-10-19,0.0457432456314563,0.9310960173606871,0.0231607016175985,TSLA,5,4039
2023-10-19,0.0455448217689991,0.918251931667328,0.0362032242119312,AAPL,4,4040
2023-10-19,0.1159180551767349,0.8678798675537109,0.0162020679563283,AAPL,3,4041
2023-10-19,0.6169638633728027,0.3695286810398102,0.0135074695572257,AAPL,3,4042
2023-10-19,0.0454035103321075,0.5372564792633057,0.4173400104045868,WMT,4,4043
2023-10-19,0.2494505494832992,0.7425693273544312,0.0079801483079791,SPY,1,4044
2023-10-19,0.0454035103321075,0.5372564792633057,0.4173400104045868,WMT,4,4045
2023-10-19,0.0516563318669796,0.6334283351898193,0.3149153292179107,TSLA,3,4046
2023-10-19,0.1731847673654556,0.8174971342086792,0.0093180797994136,F,3,4047
2023-10-19,0.1731847673654556,0.8174971342086792,0.0093180797994136,TSLA,2,4048
2023-10-19,0.0068428409285843,0.0200226698070764,0.973134458065033,AAPL,4,4049
2023-10-19,0.0271404143422842,0.4371178448200226,0.5357417464256287,F,2,4050
2023-10-19,0.0134753286838531,0.0163791235536336,0.9701455235481262,AAPL,2,4051
2023-10-19,0.0233840495347976,0.0213679634034633,0.9552480578422546,AAPL,5,4052
2023-10-19,0.0516563318669796,0.6334283351898193,0.3149153292179107,TSLA,4,4053
2023-10-19,0.0516563318669796,0.6334283351898193,0.3149153292179107,TSLA,3,4054
2023-10-19,0.0199581328779459,0.9217097759246826,0.0583320930600166,MSFT,5,4055
2023-10-19,0.2494505494832992,0.7425693273544312,0.0079801483079791,SPY,3,4056
2023-10-19,0.0271404143422842,0.4371178448200226,0.5357417464256287,F,5,4057
2023-10-19,0.0454035103321075,0.5372564792633057,0.4173400104045868,WMT,4,4058
2023-10-19,0.0454035103321075,0.5372564792633057,0.4173400104045868,WMT,1,4059
2023-10-19,0.0516563318669796,0.6334283351898193,0.3149153292179107,TSLA,1,4060
2023-10-19,0.0271404143422842,0.4371178448200226,0.5357417464256287,F,4,4061
2023-10-19,0.0271404143422842,0.4371178448200226,0.5357417464256287,F,1,4062
2023-10-19,0.0454035103321075,0.5372564792633057,0.4173400104045868,WMT,2,4063
2023-10-19,0.0516563318669796,0.6334283351898193,0.3149153292179107,TSLA,4,4064
2023-10-19,0.0516563318669796,0.6334283351898193,0.3149153292179107,TSLA,5,4065
2023-10-19,0.2147579044103622,0.7573606371879578,0.0278815031051635,KO,5,4066
2023-10-19,0.2494505494832992,0.7425693273544312,0.0079801483079791,SPY,5,4067
2023-10-19,0.0454035103321075,0.5372564792633057,0.4173400104045868,WMT,5,4068
2023-10-20,0.1039769425988197,0.7717030644416809,0.1243200153112411,KO,3,4069
2023-10-20,0.1039769425988197,0.7717030644416809,0.1243200153112411,KO,5,4070
2023-10-20,0.1014988869428634,0.8690207004547119,0.0294804777950048,UBER,2,4071
2023-10-20,0.0184281859546899,0.0133717646822333,0.9682000279426576,TSLA,5,4072
2023-10-20,0.1039769425988197,0.7717030644416809,0.1243200153112411,KO,3,4073
2023-10-20,0.1090453416109085,0.8746484518051147,0.0163061711937189,MSFT,4,4074
2023-10-20,0.1039769425988197,0.7717030644416809,0.1243200153112411,KO,1,4075
2023-10-20,0.1039769425988197,0.7717030644416809,0.1243200153112411,KO,1,4076
2023-10-20,0.1039769425988197,0.7717030644416809,0.1243200153112411,KO,4,4077
2023-10-20,0.1039769425988197,0.7717030644416809,0.1243200153112411,KO,3,4078
2023-10-20,0.0184281859546899,0.0133717646822333,0.9682000279426576,TSLA,3,4079
2023-10-20,0.1014988869428634,0.8690207004547119,0.0294804777950048,UBER,1,4080
2023-10-20,0.1014988869428634,0.8690207004547119,0.0294804777950048,UBER,3,4081
2023-10-20,0.0507749356329441,0.9188091158866882,0.0304159726947546,NVDA,2,4082
2023-10-20,0.1014988869428634,0.8690207004547119,0.0294804777950048,UBER,5,4083
2023-10-20,0.0184281859546899,0.0133717646822333,0.9682000279426576,TSLA,4,4084
2023-10-20,0.0184281859546899,0.0133717646822333,0.9682000279426576,TSLA,5,4085
2023-10-20,0.0184281859546899,0.0133717646822333,0.9682000279426576,TSLA,3,4086
2023-10-20,0.1039769425988197,0.7717030644416809,0.1243200153112411,KO,3,4087
2023-10-20,0.1014988869428634,0.8690207004547119,0.0294804777950048,UBER,3,4088
2023-10-20,0.0183313637971878,0.2052614092826843,0.7764072418212891,TSLA,3,4089
2023-10-20,0.1039769425988197,0.7717030644416809,0.1243200153112411,KO,3,4090
2023-10-20,0.1014988869428634,0.8690207004547119,0.0294804777950048,UBER,4,4091
2023-10-20,0.0184281859546899,0.0133717646822333,0.9682000279426576,TSLA,4,4092
2023-10-20,0.2110333144664764,0.0285965111106634,0.7603701949119568,F,1,4093
2023-10-20,0.0464454889297485,0.9295908212661744,0.0239637047052383,AMD,5,4094
2023-10-20,0.0645290464162826,0.9188925623893738,0.0165783464908599,NVDA,3,4095
2023-10-20,0.0184281859546899,0.0133717646822333,0.9682000279426576,TSLA,3,4096
2023-10-20,0.1014988869428634,0.8690207004547119,0.0294804777950048,UBER,4,4097
2023-10-21,0.0373361222445964,0.9365359544754028,0.0261278674006462,TSLA,3,4098
2023-10-21,0.0182536914944648,0.205420047044754,0.7763262391090393,TSLA,1,4099
2023-10-21,0.0376248061656951,0.9330205917358398,0.0293546263128519,TSLA,2,4100
2023-10-21,0.0182536914944648,0.205420047044754,0.7763262391090393,TSLA,1,4101
2023-10-21,0.0182536914944648,0.205420047044754,0.7763262391090393,TSLA,3,4102
2023-10-22,0.0615577436983585,0.9219899773597716,0.0164522118866443,NVDA,4,4103
2023-10-22,0.0365839414298534,0.929610788822174,0.0338052362203598,TSLA,5,4104
2023-10-22,0.0373459048569202,0.8481739163398743,0.1144801378250122,AAPL,5,4105
2023-10-22,0.0145647767931222,0.1125934571027755,0.8728418350219727,AAPL,3,4106
2023-10-23,0.3280079662799835,0.070908173918724,0.6010838150978088,AAPL,4,4107
2023-10-23,0.3280079662799835,0.070908173918724,0.6010838150978088,AMZN,4,4108
2023-10-23,0.3280079662799835,0.070908173918724,0.6010838150978088,GS,4,4109
2023-10-23,0.3280079662799835,0.070908173918724,0.6010838150978088,AAPL,2,4110
2023-10-23,0.3280079662799835,0.070908173918724,0.6010838150978088,AMZN,3,4111
2023-10-23,0.3280079662799835,0.070908173918724,0.6010838150978088,GS,2,4112
2023-10-23,0.8939491510391235,0.0323023647069931,0.0737484171986579,DIS,2,4113
2023-10-23,0.0193687211722135,0.0178730357438325,0.9627581238746644,DIS,1,4114
2023-10-23,0.0394951961934566,0.895077109336853,0.0654276832938194,DIS,4,4115
2023-10-23,0.0095017533749341,0.0245385151356458,0.9659597277641296,DIS,5,4116
2023-10-23,0.0095017533749341,0.0245385151356458,0.9659597277641296,DIS,5,4117
2023-10-23,0.0113059133291244,0.0215496905148029,0.9671443700790404,F,1,4118
2023-10-23,0.0459413565695285,0.0698272213339805,0.884231448173523,F,5,4119
2023-10-23,0.0437922626733779,0.9361278414726256,0.0200799331068992,F,3,4120
2023-10-23,0.3280079662799835,0.070908173918724,0.6010838150978088,GS,2,4121
2023-10-23,0.3280079662799835,0.070908173918724,0.6010838150978088,MSFT,3,4122
2023-10-23,0.0100144185125827,0.0171222798526287,0.9728632569313048,GOOG,2,4123
2023-10-23,0.3280079662799835,0.070908173918724,0.6010838150978088,AAPL,5,4124
2023-10-23,0.3280079662799835,0.070908173918724,0.6010838150978088,AMZN,2,4125
2023-10-23,0.3280079662799835,0.070908173918724,0.6010838150978088,GS,4,4126
2023-10-23,0.3280079662799835,0.070908173918724,0.6010838150978088,MSFT,1,4127
2023-10-23,0.3280079662799835,0.070908173918724,0.6010838150978088,NVDA,2,4128
2023-10-23,0.0100144185125827,0.0171222798526287,0.9728632569313048,GOOG,3,4129
2023-10-23,0.3280079662799835,0.070908173918724,0.6010838150978088,AMZN,3,4130
2023-10-23,0.3280079662799835,0.070908173918724,0.6010838150978088,MSFT,3,4131
2023-10-23,0.5652559399604797,0.0812201499938964,0.3535238802433014,MSFT,3,4132
2023-10-23,0.0299727190285921,0.9455357789993286,0.0244915001094341,SPY,5,4133
2023-10-23,0.0100144185125827,0.0171222798526287,0.9728632569313048,GOOG,3,4134
2023-10-23,0.0927502587437629,0.8550769686698914,0.052172727882862,TSLA,5,4135
2023-10-23,0.0118739940226078,0.0514388941228389,0.9366871118545532,TSLA,1,4136
2023-10-23,0.0095017533749341,0.0245385151356458,0.9659597277641296,DIS,3,4137
2023-10-23,0.0100085278972983,0.0487840585410594,0.9412074089050292,AAPL,5,4138
2023-10-23,0.3280079662799835,0.070908173918724,0.6010838150978088,AMZN,3,4139
2023-10-23,0.3280079662799835,0.070908173918724,0.6010838150978088,GS,1,4140
2023-10-23,0.3280079662799835,0.070908173918724,0.6010838150978088,MSFT,3,4141
2023-10-23,0.3280079662799835,0.070908173918724,0.6010838150978088,NVDA,4,4142
2023-10-23,0.3280079662799835,0.070908173918724,0.6010838150978088,GS,4,4143
2023-10-23,0.3280079662799835,0.070908173918724,0.6010838150978088,MSFT,3,4144
2023-10-23,0.043207049369812,0.9344545602798462,0.0223384294658899,AMZN,4,4145
2023-10-23,0.043207049369812,0.9344545602798462,0.0223384294658899,GOOG,5,4146
2023-10-23,0.043207049369812,0.9344545602798462,0.0223384294658899,MSFT,5,4147
2023-10-23,0.043207049369812,0.9344545602798462,0.0223384294658899,NVDA,5,4148
2023-10-23,0.0100144185125827,0.0171222798526287,0.9728632569313048,GOOG,5,4149
2023-10-23,0.0144350761547684,0.139382779598236,0.846182107925415,AAPL,3,4150
2023-10-23,0.0095017533749341,0.0245385151356458,0.9659597277641296,DIS,4,4151
2023-10-23,0.0095017533749341,0.0245385151356458,0.9659597277641296,DIS,3,4152
2023-10-23,0.0095017533749341,0.0245385151356458,0.9659597277641296,DIS,3,4153
2023-10-23,0.7742749452590942,0.0612025447189807,0.1645225137472152,MSFT,3,4154
2023-10-23,0.3280079662799835,0.070908173918724,0.6010838150978088,AMZN,2,4155
2023-10-23,0.3280079662799835,0.070908173918724,0.6010838150978088,AMZN,3,4156
2023-10-23,0.3280079662799835,0.070908173918724,0.6010838150978088,MSFT,4,4157
2023-10-23,0.0100144185125827,0.0171222798526287,0.9728632569313048,GOOG,3,4158
2023-10-23,0.3280079662799835,0.070908173918724,0.6010838150978088,AAPL,3,4159
2023-10-23,0.3280079662799835,0.070908173918724,0.6010838150978088,AMZN,3,4160
2023-10-23,0.3280079662799835,0.070908173918724,0.6010838150978088,GS,2,4161
2023-10-23,0.3280079662799835,0.070908173918724,0.6010838150978088,MSFT,4,4162
2023-10-23,0.043207049369812,0.9344545602798462,0.0223384294658899,AMZN,1,4163
2023-10-23,0.043207049369812,0.9344545602798462,0.0223384294658899,GOOG,4,4164
2023-10-23,0.043207049369812,0.9344545602798462,0.0223384294658899,MSFT,3,4165
2023-10-23,0.043207049369812,0.9344545602798462,0.0223384294658899,NVDA,3,4166
2023-10-23,0.3280079662799835,0.070908173918724,0.6010838150978088,AMZN,3,4167
2023-10-23,0.3280079662799835,0.070908173918724,0.6010838150978088,MSFT,5,4168
2023-10-23,0.3280079662799835,0.070908173918724,0.6010838150978088,NVDA,4,4169
2023-10-23,0.3280079662799835,0.070908173918724,0.6010838150978088,AAPL,3,4170
2023-10-23,0.3280079662799835,0.070908173918724,0.6010838150978088,AMZN,3,4171
2023-10-23,0.3280079662799835,0.070908173918724,0.6010838150978088,GS,2,4172
2023-10-23,0.3280079662799835,0.070908173918724,0.6010838150978088,MSFT,4,4173
2023-10-23,0.3280079662799835,0.070908173918724,0.6010838150978088,NVDA,3,4174
2023-10-23,0.1267588436603546,0.8610288500785828,0.0122123295441269,GS,3,4175
2023-10-23,0.0095017533749341,0.0245385151356458,0.9659597277641296,DIS,1,4176
2023-10-23,0.3280079662799835,0.070908173918724,0.6010838150978088,AAPL,2,4177
2023-10-23,0.3280079662799835,0.070908173918724,0.6010838150978088,GS,5,4178
2023-10-23,0.3280079662799835,0.070908173918724,0.6010838150978088,MSFT,4,4179
2023-10-23,0.0100144185125827,0.0171222798526287,0.9728632569313048,GOOG,3,4180
2023-10-23,0.0100144185125827,0.0171222798526287,0.9728632569313048,GOOG,2,4181
2023-10-23,0.043207049369812,0.9344545602798462,0.0223384294658899,AMZN,5,4182
2023-10-23,0.043207049369812,0.9344545602798462,0.0223384294658899,GOOG,2,4183
2023-10-23,0.043207049369812,0.9344545602798462,0.0223384294658899,MSFT,4,4184
2023-10-23,0.043207049369812,0.9344545602798462,0.0223384294658899,NVDA,2,4185
2023-10-23,0.3280079662799835,0.070908173918724,0.6010838150978088,AAPL,2,4186
2023-10-23,0.3280079662799835,0.070908173918724,0.6010838150978088,MSFT,4,4187
2023-10-23,0.0095017533749341,0.0245385151356458,0.9659597277641296,DIS,3,4188
2023-10-23,0.3280079662799835,0.070908173918724,0.6010838150978088,AMZN,3,4189
2023-10-23,0.0095017533749341,0.0245385151356458,0.9659597277641296,DIS,4,4190
2023-10-23,0.0095017533749341,0.0245385151356458,0.9659597277641296,DIS,5,4191
2023-10-23,0.3280079662799835,0.070908173918724,0.6010838150978088,AMZN,3,4192
2023-10-23,0.3280079662799835,0.070908173918724,0.6010838150978088,MSFT,3,4193
2023-10-23,0.3280079662799835,0.070908173918724,0.6010838150978088,AAPL,3,4194
2023-10-23,0.3280079662799835,0.070908173918724,0.6010838150978088,AMZN,4,4195
2023-10-23,0.3280079662799835,0.070908173918724,0.6010838150978088,GS,3,4196
2023-10-23,0.3280079662799835,0.070908173918724,0.6010838150978088,NVDA,3,4197
2023-10-23,0.3280079662799835,0.070908173918724,0.6010838150978088,AMZN,3,4198
2023-10-23,0.3280079662799835,0.070908173918724,0.6010838150978088,GS,3,4199
2023-10-23,0.3280079662799835,0.070908173918724,0.6010838150978088,MSFT,4,4200
2023-10-23,0.3280079662799835,0.070908173918724,0.6010838150978088,NVDA,3,4201
2023-10-23,0.047384075820446,0.92076575756073,0.0318502038717269,WMT,3,4202
2023-10-23,0.0095017533749341,0.0245385151356458,0.9659597277641296,DIS,3,4203
2023-10-23,0.3280079662799835,0.070908173918724,0.6010838150978088,GS,1,4204
2023-10-23,0.3280079662799835,0.070908173918724,0.6010838150978088,MSFT,3,4205
2023-10-23,0.3280079662799835,0.070908173918724,0.6010838150978088,NVDA,5,4206
2023-10-24,0.0585771352052688,0.9139317870140076,0.0274910945445299,AMD,1,4207
2023-10-24,0.0585771352052688,0.9139317870140076,0.0274910945445299,NVDA,5,4208
2023-10-24,0.0243974383920431,0.2034998834133148,0.7721027135848999,SPY,2,4209
2023-10-24,0.0946870520710945,0.8697789907455444,0.0355338901281356,AMD,4,4210
2023-10-24,0.0631449744105339,0.921067476272583,0.0157875977456569,NVDA,5,4211
2023-10-24,0.6638116836547852,0.0386361591517925,0.297552227973938,KO,4,4212
2023-10-24,0.0243974383920431,0.2034998834133148,0.7721027135848999,SPY,1,4213
2023-10-24,0.0946870520710945,0.8697789907455444,0.0355338901281356,AMD,3,4214
2023-10-24,0.6638116836547852,0.0386361591517925,0.297552227973938,KO,5,4215
2023-10-24,0.1082861647009849,0.8759757876396179,0.0157380420714616,MSFT,3,4216
2023-10-24,0.0687768757343292,0.8810961246490479,0.050127025693655,TSLA,2,4217
2023-10-24,0.6638116836547852,0.0386361591517925,0.297552227973938,KO,5,4218
2023-10-24,0.0243974383920431,0.2034998834133148,0.7721027135848999,SPY,2,4219
2023-10-24,0.0243974383920431,0.2034998834133148,0.7721027135848999,SPY,4,4220
2023-10-24,0.0946870520710945,0.8697789907455444,0.0355338901281356,AMD,3,4221
2023-10-24,0.0202121678739786,0.226779043674469,0.7530087828636169,NVDA,3,4222
2023-10-24,0.0602986067533493,0.9094448089599608,0.0302566271275281,AMD,4,4223
2023-10-24,0.0946870520710945,0.8697789907455444,0.0355338901281356,AMD,3,4224
2023-10-24,0.0354859679937362,0.7836464643478394,0.1808675974607467,AMD,1,4225
2023-10-24,0.0354859679937362,0.7836464643478394,0.1808675974607467,NVDA,3,4226
2023-10-24,0.031824417412281,0.0159540474414825,0.9522215127944946,KO,3,4227
2023-10-24,0.031824417412281,0.0159540474414825,0.9522215127944946,MSFT,3,4228
2023-10-24,0.0946870520710945,0.8697789907455444,0.0355338901281356,AMD,3,4229
2023-10-24,0.0243974383920431,0.2034998834133148,0.7721027135848999,SPY,2,4230
2023-10-24,0.0585771352052688,0.9139317870140076,0.0274910945445299,AMD,4,4231
2023-10-24,0.0585771352052688,0.9139317870140076,0.0274910945445299,NVDA,1,4232
2023-10-24,0.0466361418366432,0.933509111404419,0.0198547895997762,GS,4,4233
2023-10-24,0.2327534258365631,0.7303354740142822,0.0369110889732837,MSFT,3,4234
2023-10-24,0.9081403613090516,0.0734043568372726,0.0184553321450948,MSFT,4,4235
2023-10-24,0.5534162521362305,0.3319382071495056,0.1146455556154251,MSFT,5,4236
2023-10-24,0.3039507865905761,0.6696180701255798,0.0264311823993921,TSLA,3,4237
2023-10-24,0.0946870520710945,0.8697789907455444,0.0355338901281356,AMD,3,4238
2023-10-24,0.6638116836547852,0.0386361591517925,0.297552227973938,KO,4,4239
2023-10-24,0.0403694882988929,0.9362715482711792,0.0233590211719274,TSLA,1,4240
2023-10-24,0.1087289899587631,0.0506584979593753,0.840612530708313,TSLA,5,4241
2023-10-24,0.0354859679937362,0.7836464643478394,0.1808675974607467,AMD,1,4242
2023-10-24,0.0354859679937362,0.7836464643478394,0.1808675974607467,NVDA,3,4243
2023-10-24,0.0200261734426021,0.9281489253044128,0.0518248938024044,MSFT,1,4244
2023-10-24,0.6638116836547852,0.0386361591517925,0.297552227973938,KO,5,4245
2023-10-24,0.6638116836547852,0.0386361591517925,0.297552227973938,KO,5,4246
2023-10-24,0.0771599188446998,0.9003444314002991,0.0224956907331943,AAPL,4,4247
2023-10-24,0.0946870520710945,0.8697789907455444,0.0355338901281356,AMD,5,4248
2023-10-24,0.6638116836547852,0.0386361591517925,0.297552227973938,KO,4,4249
2023-10-24,0.6638116836547852,0.0386361591517925,0.297552227973938,KO,4,4250
2023-10-24,0.0566887967288494,0.925031840801239,0.0182793624699115,AAPL,5,4251
2023-10-24,0.6638116836547852,0.0386361591517925,0.297552227973938,KO,3,4252
2023-10-24,0.4367818534374237,0.5254856944084167,0.0377324819564819,KO,3,4253
2023-10-24,0.0194805432111024,0.93880957365036,0.0417099446058273,KO,4,4254
2023-10-24,0.6350224614143372,0.3080847263336181,0.0568928532302379,KO,5,4255
2023-10-24,0.9503636360168456,0.0285480339080095,0.0210883282124996,KO,5,4256
2023-10-24,0.031824417412281,0.0159540474414825,0.9522215127944946,KO,5,4257
2023-10-24,0.031824417412281,0.0159540474414825,0.9522215127944946,MSFT,3,4258
2023-10-24,0.6638116836547852,0.0386361591517925,0.297552227973938,KO,5,4259
2023-10-24,0.0243974383920431,0.2034998834133148,0.7721027135848999,SPY,2,4260
2023-10-24,0.0946870520710945,0.8697789907455444,0.0355338901281356,AMD,4,4261
2023-10-24,0.6638116836547852,0.0386361591517925,0.297552227973938,KO,4,4262
2023-10-24,0.0243974383920431,0.2034998834133148,0.7721027135848999,SPY,2,4263
2023-10-24,0.0243974383920431,0.2034998834133148,0.7721027135848999,SPY,2,4264
2023-10-24,0.947478413581848,0.0327822715044021,0.0197392776608467,KO,5,4265
2023-10-24,0.6638116836547852,0.0386361591517925,0.297552227973938,KO,5,4266
2023-10-24,0.0946870520710945,0.8697789907455444,0.0355338901281356,AMD,1,4267
2023-10-24,0.0243974383920431,0.2034998834133148,0.7721027135848999,SPY,2,4268
2023-10-24,0.0243974383920431,0.2034998834133148,0.7721027135848999,SPY,2,4269
2023-10-24,0.6638116836547852,0.0386361591517925,0.297552227973938,KO,5,4270
2023-10-24,0.7310587763786316,0.0878408700227737,0.1811003684997558,F,5,4271
2023-10-24,0.6638116836547852,0.0386361591517925,0.297552227973938,KO,5,4272
2023-10-24,0.6638116836547852,0.0386361591517925,0.297552227973938,KO,5,4273
2023-10-24,0.6638116836547852,0.0386361591517925,0.297552227973938,KO,4,4274
2023-10-24,0.0946870520710945,0.8697789907455444,0.0355338901281356,AMD,4,4275
2023-10-24,0.0946870520710945,0.8697789907455444,0.0355338901281356,AMD,3,4276
2023-10-24,0.0946870520710945,0.8697789907455444,0.0355338901281356,AMD,2,4277
2023-10-24,0.1087289899587631,0.0506584979593753,0.840612530708313,TSLA,4,4278
2023-10-24,0.0243974383920431,0.2034998834133148,0.7721027135848999,SPY,2,4279
2023-10-25,0.0166035182774066,0.0188135188072919,0.9645829796791076,GOOG,3,4280
2023-10-25,0.0166035182774066,0.0188135188072919,0.9645829796791076,MSFT,5,4281
2023-10-25,0.0785863324999809,0.8007493019104004,0.1206644251942634,AAPL,5,4282
2023-10-25,0.0785863324999809,0.8007493019104004,0.1206644251942634,MSFT,3,4283
2023-10-25,0.0565950945019722,0.6654003262519836,0.2780045866966247,GOOG,1,4284
2023-10-25,0.0565950945019722,0.6654003262519836,0.2780045866966247,SPY,5,4285
2023-10-25,0.0785863324999809,0.8007493019104004,0.1206644251942634,AMZN,2,4286
2023-10-25,0.0785863324999809,0.8007493019104004,0.1206644251942634,MSFT,3,4287
2023-10-25,0.0166035182774066,0.0188135188072919,0.9645829796791076,GOOG,5,4288
2023-10-25,0.0166035182774066,0.0188135188072919,0.9645829796791076,MSFT,3,4289
2023-10-25,0.0565950945019722,0.6654003262519836,0.2780045866966247,SPY,5,4290
2023-10-25,0.0565950945019722,0.6654003262519836,0.2780045866966247,GOOG,2,4291
2023-10-25,0.0565950945019722,0.6654003262519836,0.2780045866966247,SPY,1,4292
2023-10-25,0.2110905945301056,0.0416308157145977,0.7472785115242004,F,3,4293
2023-10-25,0.2028810083866119,0.3031521141529083,0.4939669370651245,F,1,4294
2023-10-25,0.0166035182774066,0.0188135188072919,0.9645829796791076,GOOG,5,4295
2023-10-25,0.0166035182774066,0.0188135188072919,0.9645829796791076,MSFT,3,4296
2023-10-25,0.0373476333916187,0.8776493668556213,0.0850029662251472,F,2,4297
2023-10-25,0.0772771537303924,0.9049357771873474,0.0177871026098728,DIS,3,4298
2023-10-25,0.8765633702278137,0.1103528663516044,0.0130837690085172,AAPL,3,4299
2023-10-25,0.8765633702278137,0.1103528663516044,0.0130837690085172,DIS,1,4300
2023-10-25,0.0498680993914604,0.923034131526947,0.0270977672189474,DIS,3,4301
2023-10-25,0.0166035182774066,0.0188135188072919,0.9645829796791076,GOOG,5,4302
2023-10-25,0.0166035182774066,0.0188135188072919,0.9645829796791076,MSFT,4,4303
2023-10-25,0.1003767251968383,0.8836042284965515,0.0160190891474485,MSFT,5,4304
2023-10-25,0.0274620074778795,0.3753085732460022,0.5972294211387634,F,5,4305
2023-10-25,0.0565950945019722,0.6654003262519836,0.2780045866966247,SPY,3,4306
2023-10-25,0.0318125188350677,0.919194519519806,0.0489929504692554,GOOG,5,4307
2023-10-25,0.0318125188350677,0.919194519519806,0.0489929504692554,MSFT,3,4308
2023-10-25,0.0166035182774066,0.0188135188072919,0.9645829796791076,GOOG,4,4309
2023-10-25,0.0166035182774066,0.0188135188072919,0.9645829796791076,MSFT,3,4310
2023-10-25,0.0370431840419769,0.9349835515022278,0.0279732719063758,AMD,5,4311
2023-10-25,0.0565950945019722,0.6654003262519836,0.2780045866966247,GOOG,5,4312
2023-10-25,0.0565950945019722,0.6654003262519836,0.2780045866966247,SPY,1,4313
2023-10-25,0.0785863324999809,0.8007493019104004,0.1206644251942634,AAPL,3,4314
2023-10-25,0.0785863324999809,0.8007493019104004,0.1206644251942634,AMZN,3,4315
2023-10-25,0.0166035182774066,0.0188135188072919,0.9645829796791076,GOOG,5,4316
2023-10-25,0.0166035182774066,0.0188135188072919,0.9645829796791076,MSFT,4,4317
2023-10-25,0.0785863324999809,0.8007493019104004,0.1206644251942634,AMZN,3,4318
2023-10-25,0.0785863324999809,0.8007493019104004,0.1206644251942634,MSFT,4,4319
2023-10-25,0.0166035182774066,0.0188135188072919,0.9645829796791076,MSFT,5,4320
2023-10-25,0.0111135030165314,0.0163698345422744,0.972516655921936,MSFT,4,4321
2023-10-25,0.0240380521863698,0.9389752745628356,0.0369866825640201,MSFT,1,4322
2023-10-25,0.0785863324999809,0.8007493019104004,0.1206644251942634,AAPL,5,4323
2023-10-25,0.0785863324999809,0.8007493019104004,0.1206644251942634,AMZN,5,4324
2023-10-25,0.0785863324999809,0.8007493019104004,0.1206644251942634,MSFT,3,4325
2023-10-25,0.0785863324999809,0.8007493019104004,0.1206644251942634,AAPL,5,4326
2023-10-25,0.0785863324999809,0.8007493019104004,0.1206644251942634,AMZN,3,4327
2023-10-25,0.0785863324999809,0.8007493019104004,0.1206644251942634,MSFT,3,4328
2023-10-25,0.0166035182774066,0.0188135188072919,0.9645829796791076,GOOG,3,4329
2023-10-25,0.0166035182774066,0.0188135188072919,0.9645829796791076,MSFT,3,4330
2023-10-25,0.0565950945019722,0.6654003262519836,0.2780045866966247,GOOG,5,4331
2023-10-25,0.0565950945019722,0.6654003262519836,0.2780045866966247,SPY,3,4332
2023-10-25,0.0106967445462942,0.1019434109330177,0.8873597979545593,AMD,4,4333
2023-10-25,0.0565950945019722,0.6654003262519836,0.2780045866966247,SPY,5,4334
2023-10-25,0.0094717442989349,0.0167100150138139,0.973818302154541,GOOG,1,4335
2023-10-25,0.0094717442989349,0.0167100150138139,0.973818302154541,MSFT,5,4336
2023-10-25,0.0166035182774066,0.0188135188072919,0.9645829796791076,GOOG,3,4337
2023-10-25,0.0166035182774066,0.0188135188072919,0.9645829796791076,MSFT,3,4338
2023-10-25,0.0565950945019722,0.6654003262519836,0.2780045866966247,GOOG,3,4339
2023-10-25,0.0565950945019722,0.6654003262519836,0.2780045866966247,SPY,2,4340
2023-10-25,0.0111135030165314,0.0163698345422744,0.972516655921936,MSFT,4,4341
2023-10-25,0.2235800325870514,0.6336159110069275,0.1428041309118271,GOOG,5,4342
2023-10-25,0.0094717442989349,0.0167100150138139,0.973818302154541,GOOG,3,4343
2023-10-25,0.0166035182774066,0.0188135188072919,0.9645829796791076,GOOG,3,4344
2023-10-25,0.0318125188350677,0.919194519519806,0.0489929504692554,GOOG,3,4345
2023-10-25,0.0318125188350677,0.919194519519806,0.0489929504692554,MSFT,3,4346
2023-10-25,0.0565950945019722,0.6654003262519836,0.2780045866966247,GOOG,5,4347
2023-10-25,0.0565950945019722,0.6654003262519836,0.2780045866966247,SPY,1,4348
2023-10-25,0.0565950945019722,0.6654003262519836,0.2780045866966247,GOOG,5,4349
2023-10-25,0.0565950945019722,0.6654003262519836,0.2780045866966247,SPY,3,4350
2023-10-25,0.0250032916665077,0.0166678112000226,0.9583288431167604,GOOG,4,4351
2023-10-25,0.0250032916665077,0.0166678112000226,0.9583288431167604,MSFT,5,4352
2023-10-25,0.0370431840419769,0.9349835515022278,0.0279732719063758,AMD,5,4353
2023-10-25,0.0588722340762615,0.9239127039909364,0.0172150377184152,NVDA,3,4354
2023-10-25,0.0590311735868454,0.9194527864456176,0.0215160548686981,NVDA,3,4355
2023-10-25,0.0785863324999809,0.8007493019104004,0.1206644251942634,AAPL,4,4356
2023-10-25,0.0785863324999809,0.8007493019104004,0.1206644251942634,MSFT,5,4357
2023-10-25,0.0785863324999809,0.8007493019104004,0.1206644251942634,AAPL,3,4358
2023-10-25,0.0785863324999809,0.8007493019104004,0.1206644251942634,AMZN,3,4359
2023-10-25,0.0785863324999809,0.8007493019104004,0.1206644251942634,MSFT,3,4360
2023-10-25,0.0166035182774066,0.0188135188072919,0.9645829796791076,GOOG,3,4361
2023-10-25,0.0166035182774066,0.0188135188072919,0.9645829796791076,MSFT,3,4362
2023-10-25,0.0166035182774066,0.0188135188072919,0.9645829796791076,GOOG,5,4363
2023-10-25,0.0785863324999809,0.8007493019104004,0.1206644251942634,AAPL,5,4364
2023-10-25,0.0785863324999809,0.8007493019104004,0.1206644251942634,AMZN,5,4365
2023-10-25,0.0785863324999809,0.8007493019104004,0.1206644251942634,AMZN,5,4366
2023-10-25,0.0785863324999809,0.8007493019104004,0.1206644251942634,MSFT,4,4367
2023-10-25,0.4230439662933349,0.0207543764263391,0.5562016367912292,NVDA,1,4368
2023-10-25,0.0565950945019722,0.6654003262519836,0.2780045866966247,GOOG,5,4369
2023-10-25,0.0565950945019722,0.6654003262519836,0.2780045866966247,SPY,3,4370
2023-10-25,0.0785863324999809,0.8007493019104004,0.1206644251942634,AAPL,5,4371
2023-10-25,0.0785863324999809,0.8007493019104004,0.1206644251942634,AMZN,5,4372
2023-10-25,0.0785863324999809,0.8007493019104004,0.1206644251942634,MSFT,3,4373
2023-10-25,0.0166035182774066,0.0188135188072919,0.9645829796791076,GOOG,3,4374
2023-10-25,0.0166035182774066,0.0188135188072919,0.9645829796791076,MSFT,4,4375
2023-10-25,0.0785863324999809,0.8007493019104004,0.1206644251942634,AMZN,2,4376
2023-10-25,0.0785863324999809,0.8007493019104004,0.1206644251942634,MSFT,4,4377
2023-10-25,0.0166035182774066,0.0188135188072919,0.9645829796791076,GOOG,3,4378
2023-10-25,0.0166035182774066,0.0188135188072919,0.9645829796791076,MSFT,3,4379
2023-10-25,0.0565950945019722,0.6654003262519836,0.2780045866966247,GOOG,5,4380
2023-10-25,0.0565950945019722,0.6654003262519836,0.2780045866966247,SPY,3,4381
2023-10-25,0.0785863324999809,0.8007493019104004,0.1206644251942634,AAPL,3,4382
2023-10-25,0.0785863324999809,0.8007493019104004,0.1206644251942634,MSFT,2,4383
2023-10-25,0.0565950945019722,0.6654003262519836,0.2780045866966247,GOOG,1,4384
2023-10-25,0.0565950945019722,0.6654003262519836,0.2780045866966247,GOOG,2,4385
2023-10-25,0.0565950945019722,0.6654003262519836,0.2780045866966247,SPY,2,4386
2023-10-25,0.0785863324999809,0.8007493019104004,0.1206644251942634,AMZN,1,4387
2023-10-25,0.0785863324999809,0.8007493019104004,0.1206644251942634,MSFT,3,4388
2023-10-25,0.8765633702278137,0.1103528663516044,0.0130837690085172,AAPL,3,4389
2023-10-25,0.8765633702278137,0.1103528663516044,0.0130837690085172,DIS,5,4390
2023-10-25,0.7102557420730591,0.2705470025539398,0.0191972870379686,AAPL,3,4391
2023-10-25,0.0166035182774066,0.0188135188072919,0.9645829796791076,GOOG,5,4392
2023-10-25,0.0166035182774066,0.0188135188072919,0.9645829796791076,MSFT,5,4393
2023-10-25,0.0785863324999809,0.8007493019104004,0.1206644251942634,AMZN,2,4394
2023-10-25,0.0785863324999809,0.8007493019104004,0.1206644251942634,MSFT,5,4395
2023-10-25,0.0255139917135238,0.0085921362042427,0.9658939242362976,AAPL,3,4396
2023-10-25,0.0565950945019722,0.6654003262519836,0.2780045866966247,GOOG,5,4397
2023-10-25,0.0565950945019722,0.6654003262519836,0.2780045866966247,GOOG,2,4398
2023-10-25,0.0565950945019722,0.6654003262519836,0.2780045866966247,SPY,5,4399
2023-10-26,0.0778443291783332,0.8686316013336182,0.0535240769386291,BRK,1,4400
2023-10-26,0.0778443291783332,0.8686316013336182,0.0535240769386291,DIS,3,4401
2023-10-26,0.0125947836786508,0.0291091576218605,0.958296000957489,F,4,4402
2023-10-26,0.0778443291783332,0.8686316013336182,0.0535240769386291,BRK,3,4403
2023-10-26,0.0778443291783332,0.8686316013336182,0.0535240769386291,DIS,5,4404
2023-10-26,0.0714937597513198,0.8209511041641235,0.1075551882386207,GS,3,4405
2023-10-26,0.0778443291783332,0.8686316013336182,0.0535240769386291,BRK,3,4406
2023-10-26,0.0778443291783332,0.8686316013336182,0.0535240769386291,DIS,4,4407
2023-10-26,0.0778443291783332,0.8686316013336182,0.0535240769386291,BRK,1,4408
2023-10-26,0.0778443291783332,0.8686316013336182,0.0535240769386291,DIS,2,4409
2023-10-26,0.0239407643675804,0.5132896304130554,0.4627696573734283,SPY,1,4410
2023-10-26,0.0125947836786508,0.0291091576218605,0.958296000957489,F,3,4411
2023-10-26,0.0714937597513198,0.8209511041641235,0.1075551882386207,GS,4,4412
2023-10-26,0.0185777898877859,0.0362878292798996,0.945134460926056,AAPL,3,4413
2023-10-26,0.0125947836786508,0.0291091576218605,0.958296000957489,F,3,4414
2023-10-26,0.0714937597513198,0.8209511041641235,0.1075551882386207,GS,3,4415
2023-10-26,0.0495457015931606,0.9083253145217896,0.0421289093792438,GOOG,2,4416
2023-10-26,0.0778443291783332,0.8686316013336182,0.0535240769386291,BRK,4,4417
2023-10-26,0.0125947836786508,0.0291091576218605,0.958296000957489,F,3,4418
2023-10-26,0.0593913868069648,0.9174528121948242,0.0231557823717594,AAPL,3,4419
2023-10-26,0.0283467769622802,0.942016065120697,0.0296371094882488,AAPL,5,4420
2023-10-26,0.3095393180847168,0.6348773241043091,0.0555833615362644,AAPL,1,4421
2023-10-26,0.0778443291783332,0.8686316013336182,0.0535240769386291,DIS,1,4422
2023-10-26,0.0778443291783332,0.8686316013336182,0.0535240769386291,BRK,3,4423
2023-10-26,0.0778443291783332,0.8686316013336182,0.0535240769386291,DIS,3,4424
2023-10-26,0.0778443291783332,0.8686316013336182,0.0535240769386291,BRK,5,4425
2023-10-26,0.0778443291783332,0.8686316013336182,0.0535240769386291,DIS,4,4426
2023-10-26,0.0714937597513198,0.8209511041641235,0.1075551882386207,GS,4,4427
2023-10-26,0.0778443291783332,0.8686316013336182,0.0535240769386291,BRK,3,4428
2023-10-26,0.0778443291783332,0.8686316013336182,0.0535240769386291,DIS,5,4429
2023-10-26,0.0714937597513198,0.8209511041641235,0.1075551882386207,GS,3,4430
2023-10-26,0.0714937597513198,0.8209511041641235,0.1075551882386207,GS,3,4431
2023-10-26,0.0778443291783332,0.8686316013336182,0.0535240769386291,BRK,5,4432
2023-10-26,0.0778443291783332,0.8686316013336182,0.0535240769386291,DIS,1,4433
2023-10-26,0.0125947836786508,0.0291091576218605,0.958296000957489,F,5,4434
2023-10-26,0.0778443291783332,0.8686316013336182,0.0535240769386291,BRK,5,4435
2023-10-26,0.0778443291783332,0.8686316013336182,0.0535240769386291,DIS,3,4436
2023-10-26,0.0166510306298732,0.0280830450356006,0.955265998840332,F,4,4437
2023-10-26,0.0500055141746997,0.6393073797225952,0.3106871247291565,AAPL,3,4438
2023-10-26,0.0500055141746997,0.6393073797225952,0.3106871247291565,SPY,4,4439
2023-10-26,0.0125947836786508,0.0291091576218605,0.958296000957489,F,5,4440
2023-10-26,0.0125947836786508,0.0291091576218605,0.958296000957489,F,3,4441
2023-10-26,0.0778443291783332,0.8686316013336182,0.0535240769386291,BRK,3,4442
2023-10-26,0.0778443291783332,0.8686316013336182,0.0535240769386291,DIS,4,4443
2023-10-26,0.0191867779940366,0.9339780807495116,0.0468351952731609,AMZN,1,4444
2023-10-26,0.0778443291783332,0.8686316013336182,0.0535240769386291,BRK,4,4445
2023-10-26,0.0778443291783332,0.8686316013336182,0.0535240769386291,DIS,1,4446
2023-10-26,0.0125947836786508,0.0291091576218605,0.958296000957489,F,3,4447
2023-10-26,0.0125947836786508,0.0291091576218605,0.958296000957489,F,3,4448
2023-10-26,0.0125947836786508,0.0291091576218605,0.958296000957489,F,3,4449
2023-10-26,0.0305990222841501,0.9475510716438292,0.0218499600887298,GS,3,4450
2023-10-26,0.0714937597513198,0.8209511041641235,0.1075551882386207,GS,3,4451
2023-10-26,0.0185777898877859,0.0362878292798996,0.945134460926056,AAPL,1,4452
2023-10-26,0.0185777898877859,0.0362878292798996,0.945134460926056,TSLA,5,4453
2023-10-26,0.0323488190770149,0.7027958631515503,0.264855295419693,F,5,4454
2023-10-26,0.1774536669254303,0.8084126710891724,0.0141336843371391,MSFT,3,4455
2023-10-26,0.1097494289278984,0.8739147186279297,0.0163357928395271,MSFT,4,4456
2023-10-26,0.0714937597513198,0.8209511041641235,0.1075551882386207,GS,4,4457
2023-10-26,0.0778443291783332,0.8686316013336182,0.0535240769386291,BRK,5,4458
2023-10-26,0.0778443291783332,0.8686316013336182,0.0535240769386291,DIS,3,4459
2023-10-26,0.0714937597513198,0.8209511041641235,0.1075551882386207,GS,4,4460
2023-10-26,0.0778443291783332,0.8686316013336182,0.0535240769386291,BRK,5,4461
2023-10-26,0.0778443291783332,0.8686316013336182,0.0535240769386291,DIS,4,4462
2023-10-26,0.0483832173049449,0.9018157720565796,0.049801081418991,F,3,4463
2023-10-26,0.0483832173049449,0.9018157720565796,0.049801081418991,TSLA,3,4464
2023-10-26,0.0358693525195121,0.3512208163738251,0.6129097938537598,TSLA,5,4465
2023-10-26,0.3966444432735443,0.5947707891464233,0.008584733121097,TSLA,3,4466
2023-10-26,0.0778443291783332,0.8686316013336182,0.0535240769386291,BRK,3,4467
2023-10-26,0.0778443291783332,0.8686316013336182,0.0535240769386291,DIS,2,4468
2023-10-26,0.0778443291783332,0.8686316013336182,0.0535240769386291,DIS,2,4469
2023-10-27,0.0670289620757103,0.9087704420089722,0.0242005828768014,F,2,4470
2023-10-27,0.0799494311213493,0.758453369140625,0.1615971624851226,TSLA,1,4471
2023-10-27,0.0553355477750301,0.5047705769538879,0.4398938417434692,WMT,3,4472
2023-10-27,0.0408516973257064,0.9374338388442992,0.0217144880443811,GS,3,4473
2023-10-27,0.0434370264410972,0.9065396189689636,0.0500233732163906,GOOG,5,4474
2023-10-27,0.0434370264410972,0.9065396189689636,0.0500233732163906,MSFT,3,4475
2023-10-27,0.0434370264410972,0.9065396189689636,0.0500233732163906,NVDA,3,4476
2023-10-27,0.9395933747291564,0.0317149050533771,0.0286916848272085,AMZN,5,4477
2023-10-27,0.0799494311213493,0.758453369140625,0.1615971624851226,TSLA,3,4478
2023-10-27,0.0553355477750301,0.5047705769538879,0.4398938417434692,WMT,4,4479
2023-10-27,0.1094323024153709,0.8576417565345764,0.032925933599472,F,4,4480
2023-10-27,0.9395933747291564,0.0317149050533771,0.0286916848272085,AMZN,5,4481
2023-10-27,0.0532303638756275,0.8651674389839172,0.0816021785140037,AAPL,4,4482
2023-10-27,0.0799494311213493,0.758453369140625,0.1615971624851226,TSLA,5,4483
2023-10-27,0.0553355477750301,0.5047705769538879,0.4398938417434692,WMT,1,4484
2023-10-27,0.037702303379774,0.9320856928825378,0.0302120521664619,AMZN,3,4485
2023-10-27,0.9395933747291564,0.0317149050533771,0.0286916848272085,AMZN,5,4486
2023-10-27,0.0435600765049457,0.936160683631897,0.0202792286872863,F,4,4487
2023-10-27,0.0894539579749107,0.200260654091835,0.7102854251861572,F,3,4488
2023-10-27,0.9395933747291564,0.0317149050533771,0.0286916848272085,AMZN,5,4489
2023-10-27,0.0553355477750301,0.5047705769538879,0.4398938417434692,WMT,2,4490
2023-10-27,0.0229117237031459,0.4010864496231079,0.5760018229484558,DIS,3,4491
2023-10-27,0.0353005826473236,0.922984540462494,0.0417148694396019,DIS,2,4492
2023-10-27,0.0799494311213493,0.758453369140625,0.1615971624851226,TSLA,3,4493
2023-10-27,0.0120703689754009,0.0677352845668792,0.9201943874359132,F,3,4494
2023-10-27,0.9395933747291564,0.0317149050533771,0.0286916848272085,AMZN,1,4495
2023-10-27,0.0799494311213493,0.758453369140625,0.1615971624851226,TSLA,4,4496
2023-10-27,0.9395933747291564,0.0317149050533771,0.0286916848272085,AMZN,4,4497
2023-10-27,0.0553355477750301,0.5047705769538879,0.4398938417434692,WMT,4,4498
2023-10-27,0.0799494311213493,0.758453369140625,0.1615971624851226,TSLA,5,4499
2023-10-27,0.0553355477750301,0.5047705769538879,0.4398938417434692,WMT,3,4500
2023-10-27,0.0553355477750301,0.5047705769538879,0.4398938417434692,WMT,2,4501
2023-10-27,0.0434370264410972,0.9065396189689636,0.0500233732163906,GOOG,3,4502
2023-10-27,0.0434370264410972,0.9065396189689636,0.0500233732163906,MSFT,3,4503
2023-10-27,0.0434370264410972,0.9065396189689636,0.0500233732163906,NVDA,5,4504
2023-10-27,0.0799494311213493,0.758453369140625,0.1615971624851226,TSLA,3,4505
2023-10-27,0.0553355477750301,0.5047705769538879,0.4398938417434692,WMT,1,4506
2023-10-27,0.9395933747291564,0.0317149050533771,0.0286916848272085,AMZN,5,4507
2023-10-27,0.9395933747291564,0.0317149050533771,0.0286916848272085,AMZN,4,4508
2023-10-27,0.9395933747291564,0.0317149050533771,0.0286916848272085,AMZN,5,4509
2023-10-27,0.0553355477750301,0.5047705769538879,0.4398938417434692,WMT,2,4510
2023-10-27,0.0799494311213493,0.758453369140625,0.1615971624851226,TSLA,4,4511
2023-10-27,0.0799494311213493,0.758453369140625,0.1615971624851226,TSLA,4,4512
2023-10-27,0.9395933747291564,0.0317149050533771,0.0286916848272085,AMZN,5,4513
2023-10-27,0.0799494311213493,0.758453369140625,0.1615971624851226,TSLA,2,4514
2023-10-27,0.0553355477750301,0.5047705769538879,0.4398938417434692,WMT,3,4515
2023-10-27,0.1069282367825508,0.8766853213310242,0.0163864493370056,MSFT,3,4516
2023-10-27,0.0553355477750301,0.5047705769538879,0.4398938417434692,WMT,4,4517
2023-10-27,0.0799494311213493,0.758453369140625,0.1615971624851226,TSLA,3,4518
2023-10-27,0.0553355477750301,0.5047705769538879,0.4398938417434692,WMT,5,4519
2023-10-29,0.1159969866275787,0.8677895069122314,0.0162135194987058,AAPL,4,4520
2023-10-29,0.0616002045571804,0.921944797039032,0.0164549835026264,NVDA,4,4521
2023-10-29,0.064479261636734,0.7099588513374329,0.2255619168281555,NVDA,5,4522
2023-10-29,0.0670936852693557,0.916946291923523,0.0159599762409925,BRK,5,4523
2023-10-29,0.0151103921234607,0.021502811461687,0.9633868336677552,AAPL,2,4524
2023-10-29,0.0440971627831459,0.9237431883811952,0.0321597047150135,MSFT,3,4525
2023-10-29,0.0388689115643501,0.2737267017364502,0.687404453754425,F,4,4526
2023-10-29,0.0388689115643501,0.2737267017364502,0.687404453754425,TSLA,5,4527
2023-10-29,0.0388689115643501,0.2737267017364502,0.687404453754425,F,4,4528
2023-10-29,0.0388689115643501,0.2737267017364502,0.687404453754425,TSLA,2,4529
2023-10-29,0.0670936852693557,0.916946291923523,0.0159599762409925,BRK,3,4530
2023-10-30,0.1296309530735016,0.857933521270752,0.0124355796724557,MSFT,4,4531
2023-10-30,0.5376585125923157,0.4530718624591827,0.009269674308598,F,3,4532
2023-10-30,0.0196511633694171,0.1695244163274765,0.8108243346214294,F,3,4533
2023-10-30,0.9559512734413148,0.024768054485321,0.0192806664854288,AMZN,3,4534
2023-10-30,0.9374515414237976,0.0437144637107849,0.0188339706510305,AMZN,1,4535
2023-10-30,0.0897921398282051,0.8947464823722839,0.0154613517224788,F,5,4536
2023-10-30,0.0459172837436199,0.9388760924339294,0.0152066452428698,WMT,3,4537
2023-10-30,0.0278439633548259,0.1105377897620201,0.8616182804107666,AMZN,1,4538
2023-10-30,0.9374515414237976,0.0437144637107849,0.0188339706510305,AMZN,2,4539
2023-10-30,0.1296309530735016,0.857933521270752,0.0124355796724557,MSFT,3,4540
2023-10-30,0.9559512734413148,0.024768054485321,0.0192806664854288,AMZN,3,4541
2023-10-30,0.0910762101411819,0.860846996307373,0.0480768270790576,KO,3,4542
2023-10-30,0.9559512734413148,0.024768054485321,0.0192806664854288,AMZN,5,4543
2023-10-30,0.0340455397963523,0.9348694682121276,0.0310849994421005,AMZN,4,4544
2023-10-30,0.9559512734413148,0.024768054485321,0.0192806664854288,AMZN,3,4545
2023-10-30,0.0910762101411819,0.860846996307373,0.0480768270790576,KO,3,4546
2023-10-30,0.0349331274628639,0.8959096670150757,0.0691572278738021,AAPL,2,4547
2023-10-30,0.1296309530735016,0.857933521270752,0.0124355796724557,MSFT,3,4548
2023-10-30,0.0484779514372348,0.9278008937835692,0.0237211808562278,AAPL,5,4549
2023-10-30,0.0484779514372348,0.9278008937835692,0.0237211808562278,AMD,5,4550
2023-10-30,0.9374515414237976,0.0437144637107849,0.0188339706510305,AMZN,4,4551
2023-10-30,0.1296309530735016,0.857933521270752,0.0124355796724557,MSFT,3,4552
2023-10-30,0.0910762101411819,0.860846996307373,0.0480768270790576,KO,3,4553
2023-10-30,0.0531856454908847,0.9278833270072936,0.0189310703426599,BRK,2,4554
2023-10-30,0.9374515414237976,0.0437144637107849,0.0188339706510305,AMZN,3,4555
2023-10-30,0.9559512734413148,0.024768054485321,0.0192806664854288,AMZN,3,4556
2023-10-30,0.0910762101411819,0.860846996307373,0.0480768270790576,KO,5,4557
2023-10-30,0.0531856454908847,0.9278833270072936,0.0189310703426599,BRK,5,4558
2023-10-30,0.0187485683709383,0.0861890912055969,0.8950623869895935,GS,3,4559
2023-10-30,0.0484779514372348,0.9278008937835692,0.0237211808562278,AAPL,3,4560
2023-10-30,0.0484779514372348,0.9278008937835692,0.0237211808562278,AMD,5,4561
2023-10-30,0.1296309530735016,0.857933521270752,0.0124355796724557,MSFT,3,4562
2023-10-30,0.0484779514372348,0.9278008937835692,0.0237211808562278,AAPL,5,4563
2023-10-30,0.0446116030216217,0.9410504102706908,0.0143380248919129,GS,3,4564
2023-10-30,0.0531856454908847,0.9278833270072936,0.0189310703426599,BRK,3,4565
2023-10-30,0.0531856454908847,0.9278833270072936,0.0189310703426599,BRK,3,4566
2023-10-30,0.0596852228045463,0.9250467419624328,0.0152680594474077,UBER,3,4567
2023-10-30,0.0910762101411819,0.860846996307373,0.0480768270790576,KO,4,4568
2023-10-30,0.1296309530735016,0.857933521270752,0.0124355796724557,MSFT,5,4569
2023-10-30,0.0910762101411819,0.860846996307373,0.0480768270790576,KO,3,4570
2023-10-30,0.9559512734413148,0.024768054485321,0.0192806664854288,AMZN,4,4571
2023-10-30,0.0910762101411819,0.860846996307373,0.0480768270790576,KO,5,4572
2023-10-30,0.9374515414237976,0.0437144637107849,0.0188339706510305,AMZN,4,4573
2023-10-30,0.9559512734413148,0.024768054485321,0.0192806664854288,AMZN,4,4574
2023-10-30,0.1296309530735016,0.857933521270752,0.0124355796724557,MSFT,5,4575
2023-10-30,0.1296309530735016,0.857933521270752,0.0124355796724557,MSFT,3,4576
2023-10-30,0.0910762101411819,0.860846996307373,0.0480768270790576,KO,3,4577
2023-10-30,0.1296309530735016,0.857933521270752,0.0124355796724557,MSFT,3,4578
2023-10-30,0.0141817489638924,0.0358437299728393,0.9499744772911072,TSLA,5,4579
2023-10-30,0.9374515414237976,0.0437144637107849,0.0188339706510305,AMZN,5,4580
2023-10-30,0.0108268829062581,0.0233738012611866,0.9657992720603944,TSLA,5,4581
2023-10-30,0.9374515414237976,0.0437144637107849,0.0188339706510305,AMZN,4,4582
2023-10-30,0.9559512734413148,0.024768054485321,0.0192806664854288,AMZN,5,4583
2023-10-30,0.072508305311203,0.0755102708935737,0.8519814014434814,TSLA,2,4584
2023-10-30,0.0897921398282051,0.8947464823722839,0.0154613517224788,F,5,4585
2023-10-30,0.0910762101411819,0.860846996307373,0.0480768270790576,KO,3,4586
2023-10-30,0.1296309530735016,0.857933521270752,0.0124355796724557,MSFT,3,4587
2023-10-30,0.9559512734413148,0.024768054485321,0.0192806664854288,AMZN,2,4588
2023-10-30,0.1296309530735016,0.857933521270752,0.0124355796724557,MSFT,3,4589
2023-10-30,0.9559512734413148,0.024768054485321,0.0192806664854288,AMZN,5,4590
2023-10-30,0.1296309530735016,0.857933521270752,0.0124355796724557,MSFT,5,4591
2023-10-30,0.9559512734413148,0.024768054485321,0.0192806664854288,AMZN,3,4592
2023-10-30,0.9374515414237976,0.0437144637107849,0.0188339706510305,AMZN,3,4593
2023-10-30,0.9559512734413148,0.024768054485321,0.0192806664854288,AMZN,4,4594
2023-10-30,0.0910762101411819,0.860846996307373,0.0480768270790576,KO,3,4595
2023-10-30,0.9374515414237976,0.0437144637107849,0.0188339706510305,AMZN,3,4596
2023-10-30,0.9374515414237976,0.0437144637107849,0.0188339706510305,AMZN,3,4597
2023-10-30,0.0910762101411819,0.860846996307373,0.0480768270790576,KO,3,4598
2023-10-30,0.1296309530735016,0.857933521270752,0.0124355796724557,MSFT,5,4599
2023-10-30,0.0910762101411819,0.860846996307373,0.0480768270790576,KO,2,4600
2023-10-30,0.9559512734413148,0.024768054485321,0.0192806664854288,AMZN,5,4601
2023-10-30,0.1296309530735016,0.857933521270752,0.0124355796724557,MSFT,3,4602
2023-10-30,0.1296309530735016,0.857933521270752,0.0124355796724557,MSFT,5,4603
2023-10-31,0.0192144811153411,0.0220490749925375,0.9587364196777344,F,1,4604
2023-10-31,0.0092501640319824,0.0205834787338972,0.9701664447784424,AMD,2,4605
2023-10-31,0.0927484706044197,0.7877807021141052,0.1194708049297332,AMZN,1,4606
2023-10-31,0.016869630664587,0.0126296859234571,0.970500648021698,AMZN,5,4607
2023-10-31,0.0387960597872734,0.9405397176742554,0.0206642635166645,GS,3,4608
2023-10-31,0.0092501640319824,0.0205834787338972,0.9701664447784424,AMD,2,4609
2023-10-31,0.0092501640319824,0.0205834787338972,0.9701664447784424,AMD,1,4610
2023-10-31,0.0192144811153411,0.0220490749925375,0.9587364196777344,F,1,4611
2023-10-31,0.0955758616328239,0.8928569555282593,0.0115672051906585,MSFT,3,4612
2023-10-31,0.0092501640319824,0.0205834787338972,0.9701664447784424,AMD,4,4613
2023-10-31,0.6932071447372437,0.2330403327941894,0.0737524330615997,AMD,3,4614
2023-10-31,0.0092501640319824,0.0205834787338972,0.9701664447784424,AMD,3,4615
2023-10-31,0.1063597425818443,0.8779501914978027,0.0156900100409984,MSFT,3,4616
2023-10-31,0.0092501640319824,0.0205834787338972,0.9701664447784424,AMD,3,4617
2023-10-31,0.0192144811153411,0.0220490749925375,0.9587364196777344,F,3,4618
2023-10-31,0.0332136638462543,0.6395742297172546,0.3272120654582977,TSLA,3,4619
2023-10-31,0.0092501640319824,0.0205834787338972,0.9701664447784424,AMD,4,4620
2023-10-31,0.1985717862844467,0.7885949611663818,0.0128333000466227,TSLA,4,4621
2023-10-31,0.0546354353427886,0.9125134944915771,0.0328510627150535,TSLA,5,4622
2023-10-31,0.0324182733893394,0.2936044931411743,0.6739771962165833,TSLA,3,4623
2023-10-31,0.0192144811153411,0.0220490749925375,0.9587364196777344,F,3,4624
2023-10-31,0.0095583396032452,0.0176711957901716,0.9727704524993896,NVDA,4,4625
2023-10-31,0.0092501640319824,0.0205834787338972,0.9701664447784424,AMD,3,4626
2023-10-31,0.0996458455920219,0.8779386281967163,0.0224155373871326,AAPL,3,4627
2023-10-31,0.0821831598877906,0.5466261506080627,0.3711906969547272,WMT,3,4628
2023-10-31,0.0092501640319824,0.0205834787338972,0.9701664447784424,AMD,3,4629
2023-10-31,0.0092501640319824,0.0205834787338972,0.9701664447784424,AMD,4,4630
2023-10-31,0.0092501640319824,0.0205834787338972,0.9701664447784424,AMD,3,4631
2023-10-31,0.0092501640319824,0.0205834787338972,0.9701664447784424,AMD,5,4632
2023-10-31,0.0192144811153411,0.0220490749925375,0.9587364196777344,F,5,4633
2023-10-31,0.0192144811153411,0.0220490749925375,0.9587364196777344,F,5,4634
2023-10-31,0.0192144811153411,0.0220490749925375,0.9587364196777344,F,4,4635
2023-10-31,0.0192144811153411,0.0220490749925375,0.9587364196777344,F,5,4636
2023-10-31,0.0192144811153411,0.0220490749925375,0.9587364196777344,F,3,4637
2023-10-31,0.0192144811153411,0.0220490749925375,0.9587364196777344,F,3,4638
2023-10-31,0.0092501640319824,0.0205834787338972,0.9701664447784424,AMD,4,4639
2023-10-31,0.0192144811153411,0.0220490749925375,0.9587364196777344,F,3,4640
2023-10-31,0.0628306046128273,0.921281397342682,0.0158879794180393,NVDA,1,4641
2023-10-31,0.0092501640319824,0.0205834787338972,0.9701664447784424,AMD,5,4642
2023-10-31,0.0092501640319824,0.0205834787338972,0.9701664447784424,AMD,4,4643
2023-10-31,0.0996458455920219,0.8779386281967163,0.0224155373871326,AAPL,4,4644
2023-10-31,0.5394058227539062,0.0213890019804239,0.4392051100730896,AAPL,3,4645
2023-10-31,0.124124601483345,0.8616238832473755,0.0142515860497951,NVDA,3,4646
2023-11-01,0.0347217470407485,0.9488326907157898,0.0164455156773328,DIS,5,4647
2023-11-01,0.0814215540885925,0.8829360604286194,0.035642385482788,AMD,3,4648
2023-11-01,0.0225745420902967,0.0964825600385665,0.8809429407119751,AAPL,3,4649
2023-11-01,0.0583867765963077,0.92617928981781,0.0154338851571083,BRK,4,4650
2023-11-01,0.3919740915298462,0.3174675703048706,0.2905583083629608,AAPL,3,4651
2023-11-01,0.3919740915298462,0.3174675703048706,0.2905583083629608,AMZN,3,4652
2023-11-01,0.3919740915298462,0.3174675703048706,0.2905583083629608,DIS,5,4653
2023-11-01,0.0120641998946666,0.0148390978574752,0.9730966687202454,MSFT,5,4654
2023-11-01,0.0120641998946666,0.0148390978574752,0.9730966687202454,NVDA,2,4655
2023-11-01,0.0120641998946666,0.0148390978574752,0.9730966687202454,TSLA,1,4656
2023-11-01,0.0120641998946666,0.0148390978574752,0.9730966687202454,MSFT,4,4657
2023-11-01,0.0120641998946666,0.0148390978574752,0.9730966687202454,NVDA,2,4658
2023-11-01,0.0120641998946666,0.0148390978574752,0.9730966687202454,TSLA,5,4659
2023-11-01,0.0634048283100128,0.9066160917282104,0.0299790110439062,TSLA,3,4660
2023-11-01,0.0814215540885925,0.8829360604286194,0.035642385482788,AMD,3,4661
2023-11-01,0.0424898751080036,0.9321616291999816,0.0253485664725303,AMD,5,4662
2023-11-01,0.0424898751080036,0.9321616291999816,0.0253485664725303,NVDA,3,4663
2023-11-01,0.0591675043106079,0.923747181892395,0.0170853324234485,NVDA,4,4664
2023-11-01,0.0508422553539276,0.6010719537734985,0.3480858504772186,NVDA,3,4665
2023-11-01,0.0558584965765476,0.9280977845191956,0.0160437542945146,MSFT,3,4666
2023-11-01,0.0558584965765476,0.9280977845191956,0.0160437542945146,MSFT,3,4667
2023-11-01,0.0120641998946666,0.0148390978574752,0.9730966687202454,MSFT,5,4668
2023-11-01,0.0120641998946666,0.0148390978574752,0.9730966687202454,NVDA,1,4669
2023-11-01,0.0120641998946666,0.0148390978574752,0.9730966687202454,TSLA,5,4670
2023-11-01,0.0392726920545101,0.9212340712547302,0.0394932962954044,NVDA,1,4671
2023-11-01,0.0558584965765476,0.9280977845191956,0.0160437542945146,MSFT,3,4672
2023-11-01,0.03753512352705,0.0150282550603151,0.9474366903305054,AMD,5,4673
2023-11-01,0.03753512352705,0.0150282550603151,0.9474366903305054,NVDA,5,4674
2023-11-01,0.077835127711296,0.0185381919145584,0.9036266803741456,AMD,3,4675
2023-11-01,0.077835127711296,0.0185381919145584,0.9036266803741456,NVDA,5,4676
2023-11-01,0.0814215540885925,0.8829360604286194,0.035642385482788,AMD,4,4677
2023-11-01,0.0548600144684314,0.9309152960777284,0.014224724844098,GS,3,4678
2023-11-01,0.0120641998946666,0.0148390978574752,0.9730966687202454,MSFT,3,4679
2023-11-01,0.0120641998946666,0.0148390978574752,0.9730966687202454,NVDA,3,4680
2023-11-01,0.0120641998946666,0.0148390978574752,0.9730966687202454,TSLA,4,4681
2023-11-01,0.0120641998946666,0.0148390978574752,0.9730966687202454,MSFT,5,4682
2023-11-01,0.0120641998946666,0.0148390978574752,0.9730966687202454,NVDA,5,4683
2023-11-01,0.0120641998946666,0.0148390978574752,0.9730966687202454,TSLA,3,4684
2023-11-01,0.9452658891677856,0.0320707745850086,0.0226633604615926,AAPL,5,4685
2023-11-01,0.9452658891677856,0.0320707745850086,0.0226633604615926,MSFT,3,4686
2023-11-01,0.0814215540885925,0.8829360604286194,0.035642385482788,AMD,4,4687
2023-11-01,0.0558584965765476,0.9280977845191956,0.0160437542945146,MSFT,3,4688
2023-11-01,0.0120641998946666,0.0148390978574752,0.9730966687202454,MSFT,5,4689
2023-11-01,0.0120641998946666,0.0148390978574752,0.9730966687202454,NVDA,2,4690
2023-11-01,0.0120641998946666,0.0148390978574752,0.9730966687202454,TSLA,4,4691
2023-11-01,0.0814215540885925,0.8829360604286194,0.035642385482788,AMD,3,4692
2023-11-01,0.0814215540885925,0.8829360604286194,0.035642385482788,AMD,5,4693
2023-11-01,0.0120641998946666,0.0148390978574752,0.9730966687202454,MSFT,3,4694
2023-11-01,0.0120641998946666,0.0148390978574752,0.9730966687202454,NVDA,3,4695
2023-11-01,0.0120641998946666,0.0148390978574752,0.9730966687202454,TSLA,3,4696
2023-11-01,0.0634048283100128,0.9066160917282104,0.0299790110439062,TSLA,1,4697
2023-11-01,0.0558584965765476,0.9280977845191956,0.0160437542945146,MSFT,3,4698
2023-11-01,0.0458467751741409,0.9324745535850524,0.0216787196695804,AMD,5,4699
2023-11-01,0.0119221741333603,0.0260483883321285,0.9620294570922852,GS,5,4700
2023-11-01,0.0120641998946666,0.0148390978574752,0.9730966687202454,MSFT,5,4701
2023-11-01,0.0120641998946666,0.0148390978574752,0.9730966687202454,NVDA,3,4702
2023-11-01,0.0120641998946666,0.0148390978574752,0.9730966687202454,TSLA,5,4703
2023-11-01,0.0558584965765476,0.9280977845191956,0.0160437542945146,MSFT,4,4704
2023-11-01,0.0814215540885925,0.8829360604286194,0.035642385482788,AMD,5,4705
2023-11-01,0.2974192798137665,0.118008516728878,0.5845722556114197,KO,4,4706
2023-11-01,0.0583867765963077,0.92617928981781,0.0154338851571083,BRK,4,4707
2023-11-01,0.0120641998946666,0.0148390978574752,0.9730966687202454,NVDA,5,4708
2023-11-01,0.0120641998946666,0.0148390978574752,0.9730966687202454,TSLA,5,4709
2023-11-01,0.0814215540885925,0.8829360604286194,0.035642385482788,AMD,3,4710
2023-11-01,0.0814215540885925,0.8829360604286194,0.035642385482788,AMD,5,4711
2023-11-01,0.0115354042500257,0.0434986278414726,0.9449658989906312,MSFT,4,4712
2023-11-01,0.0558584965765476,0.9280977845191956,0.0160437542945146,MSFT,3,4713
2023-11-01,0.0120641998946666,0.0148390978574752,0.9730966687202454,MSFT,5,4714
2023-11-01,0.0120641998946666,0.0148390978574752,0.9730966687202454,NVDA,4,4715
2023-11-01,0.0120641998946666,0.0148390978574752,0.9730966687202454,TSLA,2,4716
2023-11-01,0.9452658891677856,0.0320707745850086,0.0226633604615926,AAPL,5,4717
2023-11-01,0.9452658891677856,0.0320707745850086,0.0226633604615926,MSFT,4,4718
2023-11-01,0.0558584965765476,0.9280977845191956,0.0160437542945146,MSFT,3,4719
2023-11-01,0.3919740915298462,0.3174675703048706,0.2905583083629608,AAPL,1,4720
2023-11-01,0.3919740915298462,0.3174675703048706,0.2905583083629608,AMZN,3,4721
2023-11-01,0.3919740915298462,0.3174675703048706,0.2905583083629608,DIS,3,4722
2023-11-01,0.0558584965765476,0.9280977845191956,0.0160437542945146,MSFT,3,4723
2023-11-01,0.0558584965765476,0.9280977845191956,0.0160437542945146,MSFT,4,4724
2023-11-01,0.2188388556241989,0.6817326545715332,0.0994284600019455,WMT,1,4725
2023-11-01,0.0392726920545101,0.9212340712547302,0.0394932962954044,NVDA,5,4726
2023-11-01,0.0120641998946666,0.0148390978574752,0.9730966687202454,MSFT,1,4727
2023-11-01,0.0120641998946666,0.0148390978574752,0.9730966687202454,NVDA,5,4728
2023-11-01,0.0120641998946666,0.0148390978574752,0.9730966687202454,TSLA,5,4729
2023-11-01,0.0987178906798362,0.8851879835128784,0.0160941276699304,MSFT,4,4730
2023-11-01,0.0583867765963077,0.92617928981781,0.0154338851571083,BRK,5,4731
2023-11-01,0.0120641998946666,0.0148390978574752,0.9730966687202454,MSFT,5,4732
2023-11-01,0.0120641998946666,0.0148390978574752,0.9730966687202454,NVDA,3,4733
2023-11-01,0.0120641998946666,0.0148390978574752,0.9730966687202454,TSLA,2,4734
2023-11-01,0.5793582797050476,0.4054093956947326,0.0152323050424456,AMZN,5,4735
2023-11-01,0.0558584965765476,0.9280977845191956,0.0160437542945146,MSFT,3,4736
2023-11-01,0.0120641998946666,0.0148390978574752,0.9730966687202454,MSFT,3,4737
2023-11-01,0.0120641998946666,0.0148390978574752,0.9730966687202454,NVDA,3,4738
2023-11-01,0.0120641998946666,0.0148390978574752,0.9730966687202454,TSLA,2,4739
2023-11-01,0.0474252551794052,0.9226160645484924,0.0299587100744247,AMD,4,4740
2023-11-01,0.0424898751080036,0.9321616291999816,0.0253485664725303,AMD,4,4741
2023-11-01,0.03753512352705,0.0150282550603151,0.9474366903305054,NVDA,4,4742
2023-11-01,0.0220163967460393,0.019756780937314,0.9582267999649048,AMD,5,4743
2023-11-01,0.077835127711296,0.0185381919145584,0.9036266803741456,AMD,3,4744
2023-11-01,0.077835127711296,0.0185381919145584,0.9036266803741456,NVDA,5,4745
2023-11-01,0.0120641998946666,0.0148390978574752,0.9730966687202454,MSFT,3,4746
2023-11-01,0.0120641998946666,0.0148390978574752,0.9730966687202454,NVDA,3,4747
2023-11-01,0.0120641998946666,0.0148390978574752,0.9730966687202454,TSLA,2,4748
2023-11-01,0.0120641998946666,0.0148390978574752,0.9730966687202454,MSFT,3,4749
2023-11-01,0.0120641998946666,0.0148390978574752,0.9730966687202454,NVDA,2,4750
2023-11-01,0.0120641998946666,0.0148390978574752,0.9730966687202454,TSLA,4,4751
2023-11-02,0.076972484588623,0.8702143430709839,0.0528131648898124,NVDA,5,4752
2023-11-02,0.076972484588623,0.8702143430709839,0.0528131648898124,SPY,5,4753
2023-11-02,0.0971923992037773,0.866888701915741,0.0359188690781593,GOOG,3,4754
2023-11-02,0.076972484588623,0.8702143430709839,0.0528131648898124,NVDA,4,4755
2023-11-02,0.076972484588623,0.8702143430709839,0.0528131648898124,SPY,5,4756
2023-11-02,0.7873993515968323,0.0381740853190422,0.1744264960289001,AMZN,5,4757
2023-11-02,0.7873993515968323,0.0381740853190422,0.1744264960289001,AMZN,4,4758
2023-11-02,0.0971923992037773,0.866888701915741,0.0359188690781593,GOOG,5,4759
2023-11-02,0.1156348958611488,0.8681545257568359,0.0162105690687894,AAPL,3,4760
2023-11-02,0.0109950061887502,0.0244920384138822,0.9645130038261414,AAPL,3,4761
2023-11-02,0.0971923992037773,0.866888701915741,0.0359188690781593,GOOG,3,4762
2023-11-02,0.7873993515968323,0.0381740853190422,0.1744264960289001,AMZN,4,4763
2023-11-02,0.076972484588623,0.8702143430709839,0.0528131648898124,NVDA,3,4764
2023-11-02,0.076972484588623,0.8702143430709839,0.0528131648898124,SPY,3,4765
2023-11-02,0.0971923992037773,0.866888701915741,0.0359188690781593,GOOG,2,4766
2023-11-02,0.076972484588623,0.8702143430709839,0.0528131648898124,NVDA,4,4767
2023-11-02,0.076972484588623,0.8702143430709839,0.0528131648898124,NVDA,4,4768
2023-11-02,0.076972484588623,0.8702143430709839,0.0528131648898124,SPY,2,4769
2023-11-02,0.076972484588623,0.8702143430709839,0.0528131648898124,NVDA,3,4770
2023-11-02,0.076972484588623,0.8702143430709839,0.0528131648898124,SPY,5,4771
2023-11-02,0.0971923992037773,0.866888701915741,0.0359188690781593,GOOG,3,4772
2023-11-02,0.0140007194131612,0.0178402736783027,0.968159019947052,TSLA,2,4773
2023-11-02,0.076972484588623,0.8702143430709839,0.0528131648898124,NVDA,4,4774
2023-11-02,0.076972484588623,0.8702143430709839,0.0528131648898124,SPY,3,4775
2023-11-02,0.0495855920016765,0.0123160621151328,0.9380983710289,TSLA,3,4776
2023-11-02,0.0971923992037773,0.866888701915741,0.0359188690781593,GOOG,4,4777
2023-11-02,0.7873993515968323,0.0381740853190422,0.1744264960289001,AMZN,5,4778
2023-11-02,0.076972484588623,0.8702143430709839,0.0528131648898124,NVDA,4,4779
2023-11-02,0.076972484588623,0.8702143430709839,0.0528131648898124,SPY,4,4780
2023-11-02,0.0971923992037773,0.866888701915741,0.0359188690781593,GOOG,3,4781
2023-11-02,0.7873993515968323,0.0381740853190422,0.1744264960289001,AMZN,5,4782
2023-11-02,0.0971923992037773,0.866888701915741,0.0359188690781593,GOOG,2,4783
2023-11-02,0.0971923992037773,0.866888701915741,0.0359188690781593,GOOG,3,4784
2023-11-02,0.076972484588623,0.8702143430709839,0.0528131648898124,NVDA,5,4785
2023-11-02,0.076972484588623,0.8702143430709839,0.0528131648898124,SPY,5,4786
2023-11-02,0.7873993515968323,0.0381740853190422,0.1744264960289001,AMZN,5,4787
2023-11-02,0.7873993515968323,0.0381740853190422,0.1744264960289001,AMZN,4,4788
2023-11-02,0.0267498381435871,0.8517113924026489,0.1215386986732482,AMZN,3,4789
2023-11-02,0.0390773266553878,0.9291201829910278,0.031802475452423,AMZN,5,4790
2023-11-02,0.076972484588623,0.8702143430709839,0.0528131648898124,SPY,2,4791
2023-11-02,0.076972484588623,0.8702143430709839,0.0528131648898124,NVDA,5,4792
2023-11-02,0.076972484588623,0.8702143430709839,0.0528131648898124,SPY,4,4793
2023-11-02,0.7873993515968323,0.0381740853190422,0.1744264960289001,AMZN,4,4794
2023-11-02,0.1639990210533142,0.8084948658943176,0.027506148442626,AMD,4,4795
2023-11-02,0.0203390400856733,0.9206752181053162,0.0589856877923011,AAPL,5,4796
2023-11-02,0.0373552851378917,0.8111494779586792,0.1514952033758163,AMZN,3,4797
2023-11-02,0.0108535233885049,0.0246794763952493,0.9644669890403748,AAPL,2,4798
2023-11-02,0.0971923992037773,0.866888701915741,0.0359188690781593,GOOG,4,4799
2023-11-02,0.0971923992037773,0.866888701915741,0.0359188690781593,GOOG,2,4800
2023-11-02,0.0971923992037773,0.866888701915741,0.0359188690781593,GOOG,3,4801
2023-11-02,0.076972484588623,0.8702143430709839,0.0528131648898124,NVDA,2,4802
2023-11-02,0.076972484588623,0.8702143430709839,0.0528131648898124,SPY,5,4803
2023-11-02,0.076972484588623,0.8702143430709839,0.0528131648898124,NVDA,3,4804
2023-11-02,0.076972484588623,0.8702143430709839,0.0528131648898124,SPY,3,4805
2023-11-02,0.7873993515968323,0.0381740853190422,0.1744264960289001,AMZN,4,4806
2023-11-02,0.0615616850554943,0.9219648838043212,0.0164734125137329,NVDA,3,4807
2023-11-02,0.076972484588623,0.8702143430709839,0.0528131648898124,NVDA,3,4808
2023-11-02,0.076972484588623,0.8702143430709839,0.0528131648898124,SPY,3,4809
2023-11-02,0.7873993515968323,0.0381740853190422,0.1744264960289001,AMZN,2,4810
2023-11-02,0.1084914952516555,0.8752236366271973,0.0162848830223083,MSFT,5,4811
2023-11-02,0.7873993515968323,0.0381740853190422,0.1744264960289001,AMZN,2,4812
2023-11-03,0.0110533330589532,0.016613183543086,0.9723334908485411,AAPL,5,4813
2023-11-03,0.0599512048065662,0.9248270988464355,0.0152217270806431,UBER,3,4814
2023-11-03,0.0110533330589532,0.016613183543086,0.9723334908485411,AAPL,3,4815
2023-11-03,0.0110533330589532,0.016613183543086,0.9723334908485411,AAPL,5,4816
2023-11-03,0.0238476078957319,0.0152568435296416,0.9608955979347228,WMT,3,4817
2023-11-03,0.0110533330589532,0.016613183543086,0.9723334908485411,AAPL,5,4818
2023-11-03,0.8969544768333435,0.0262932050973176,0.0767522901296615,F,3,4819
2023-11-03,0.5114404559135437,0.4722368121147156,0.0163227412849664,KO,3,4820
2023-11-03,0.7900503277778625,0.0929949730634689,0.1169547364115715,DIS,4,4821
2023-11-03,0.0238476078957319,0.0152568435296416,0.9608955979347228,WMT,5,4822
2023-11-03,0.0110533330589532,0.016613183543086,0.9723334908485411,AAPL,3,4823
2023-11-03,0.0110533330589532,0.016613183543086,0.9723334908485411,AAPL,2,4824
2023-11-03,0.0451587438583374,0.9356220960617064,0.0192192140966653,MSFT,3,4825
2023-11-03,0.0451587438583374,0.9356220960617064,0.0192192140966653,TSLA,3,4826
2023-11-03,0.7171279191970825,0.1501084566116333,0.1327637135982513,F,5,4827
2023-11-03,0.0238476078957319,0.0152568435296416,0.9608955979347228,WMT,2,4828
2023-11-03,0.0238476078957319,0.0152568435296416,0.9608955979347228,WMT,3,4829
2023-11-03,0.0644037872552871,0.9190000891685486,0.0165961291640996,NVDA,3,4830
2023-11-03,0.0238476078957319,0.0152568435296416,0.9608955979347228,WMT,5,4831
2023-11-03,0.0110533330589532,0.016613183543086,0.9723334908485411,AAPL,1,4832
2023-11-03,0.0451587438583374,0.9356220960617064,0.0192192140966653,MSFT,2,4833
2023-11-03,0.0328415893018245,0.8726322650909424,0.0945261567831039,TSLA,5,4834
2023-11-03,0.0110533330589532,0.016613183543086,0.9723334908485411,AAPL,4,4835
2023-11-03,0.0176725722849369,0.0117780147120356,0.9705494046211244,AAPL,1,4836
2023-11-03,0.0087248859927058,0.0325099974870681,0.9587650895118712,AAPL,4,4837
2023-11-03,0.0087248859927058,0.0325099974870681,0.9587650895118712,GS,4,4838
2023-11-03,0.0307430010288953,0.1578343957662582,0.8114225268363953,AAPL,3,4839
2023-11-03,0.0238476078957319,0.0152568435296416,0.9608955979347228,WMT,5,4840
2023-11-03,0.0110533330589532,0.016613183543086,0.9723334908485411,AAPL,3,4841
2023-11-03,0.0238476078957319,0.0152568435296416,0.9608955979347228,WMT,5,4842
2023-11-03,0.0238476078957319,0.0152568435296416,0.9608955979347228,WMT,2,4843
2023-11-04,0.0297327395528554,0.1824971288442611,0.78777015209198,DIS,3,4844
2023-11-04,0.0401441864669323,0.9402300119400024,0.0196258183568716,F,5,4845
2023-11-04,0.0283768884837627,0.2259467393159866,0.7456764578819275,AMZN,3,4846
2023-11-05,0.1006322503089904,0.6112942099571228,0.2880735993385315,TSLA,2,4847
2023-11-05,0.0349430963397026,0.9188036322593688,0.046253316104412,MSFT,5,4848
2023-11-05,0.0349430963397026,0.9188036322593688,0.046253316104412,TSLA,4,4849
2023-11-05,0.0306163541972637,0.8782983422279358,0.0910853296518325,MSFT,3,4850
2023-11-05,0.062558501958847,0.9225101470947266,0.0149313583970069,UBER,5,4851
2023-11-05,0.1084063351154327,0.8752816319465637,0.0163121037185192,MSFT,3,4852
2023-11-05,0.0326177328824996,0.938983142375946,0.0283990688621997,F,5,4853
2023-11-05,0.0615657269954681,0.9219694137573242,0.0164648033678531,NVDA,1,4854
2023-11-05,0.0419074110686779,0.9384642243385316,0.0196283273398876,GS,4,4855
2023-11-05,0.1159429624676704,0.8678327202796936,0.0162242967635393,AAPL,3,4856
2023-11-05,0.0464397668838501,0.9300913214683532,0.0234689433127641,TSLA,3,4857
2023-11-06,0.0669418051838874,0.8912164568901062,0.0418417565524578,BRK,1,4858
2023-11-06,0.2695605754852295,0.0815593674778938,0.6488800644874573,GS,4,4859
2023-11-06,0.0610925815999507,0.7906989455223083,0.1482084840536117,GS,5,4860
2023-11-06,0.0592733100056648,0.846859872341156,0.0938668325543403,KO,3,4861
2023-11-06,0.0592733100056648,0.846859872341156,0.0938668325543403,KO,3,4862
2023-11-06,0.0592733100056648,0.846859872341156,0.0938668325543403,WMT,3,4863
2023-11-06,0.0669418051838874,0.8912164568901062,0.0418417565524578,BRK,4,4864
2023-11-06,0.0669418051838874,0.8912164568901062,0.0418417565524578,TSLA,4,4865
2023-11-06,0.8131880760192871,0.0348180532455444,0.1519939005374908,MSFT,3,4866
2023-11-06,0.0669418051838874,0.8912164568901062,0.0418417565524578,BRK,5,4867
2023-11-06,0.0669418051838874,0.8912164568901062,0.0418417565524578,TSLA,2,4868
2023-11-06,0.0669418051838874,0.8912164568901062,0.0418417565524578,BRK,3,4869
2023-11-06,0.0669418051838874,0.8912164568901062,0.0418417565524578,TSLA,2,4870
2023-11-06,0.0592733100056648,0.846859872341156,0.0938668325543403,KO,2,4871
2023-11-06,0.0592733100056648,0.846859872341156,0.0938668325543403,WMT,4,4872
2023-11-06,0.0610925815999507,0.7906989455223083,0.1482084840536117,GS,3,4873
2023-11-06,0.8131880760192871,0.0348180532455444,0.1519939005374908,DIS,3,4874
2023-11-06,0.8131880760192871,0.0348180532455444,0.1519939005374908,MSFT,3,4875
2023-11-06,0.0669418051838874,0.8912164568901062,0.0418417565524578,BRK,3,4876
2023-11-06,0.0669418051838874,0.8912164568901062,0.0418417565524578,TSLA,3,4877
2023-11-06,0.0669418051838874,0.8912164568901062,0.0418417565524578,BRK,3,4878
2023-11-06,0.0669418051838874,0.8912164568901062,0.0418417565524578,TSLA,5,4879
2023-11-06,0.0610925815999507,0.7906989455223083,0.1482084840536117,GS,4,4880
2023-11-06,0.0610925815999507,0.7906989455223083,0.1482084840536117,GS,1,4881
2023-11-06,0.0592733100056648,0.846859872341156,0.0938668325543403,KO,4,4882
2023-11-06,0.0669418051838874,0.8912164568901062,0.0418417565524578,BRK,5,4883
2023-11-06,0.0669418051838874,0.8912164568901062,0.0418417565524578,TSLA,5,4884
2023-11-06,0.8131880760192871,0.0348180532455444,0.1519939005374908,DIS,4,4885
2023-11-06,0.8131880760192871,0.0348180532455444,0.1519939005374908,MSFT,3,4886
2023-11-06,0.8131880760192871,0.0348180532455444,0.1519939005374908,MSFT,3,4887
2023-11-06,0.8131880760192871,0.0348180532455444,0.1519939005374908,DIS,3,4888
2023-11-06,0.0592733100056648,0.846859872341156,0.0938668325543403,WMT,1,4889
2023-11-06,0.0669418051838874,0.8912164568901062,0.0418417565524578,BRK,4,4890
2023-11-06,0.0669418051838874,0.8912164568901062,0.0418417565524578,TSLA,5,4891
2023-11-06,0.0601836889982223,0.5021651387214661,0.4376511871814728,AAPL,4,4892
2023-11-06,0.0610925815999507,0.7906989455223083,0.1482084840536117,GS,4,4893
2023-11-06,0.0592733100056648,0.846859872341156,0.0938668325543403,WMT,3,4894
2023-11-06,0.0610925815999507,0.7906989455223083,0.1482084840536117,GS,3,4895
2023-11-06,0.0592733100056648,0.846859872341156,0.0938668325543403,KO,3,4896
2023-11-06,0.0380644351243972,0.9321762323379515,0.0297593716531991,WMT,2,4897
2023-11-06,0.0592733100056648,0.846859872341156,0.0938668325543403,KO,1,4898
2023-11-06,0.0592733100056648,0.846859872341156,0.0938668325543403,WMT,3,4899
2023-11-06,0.0767024680972099,0.679880678653717,0.2434168457984924,DIS,3,4900
2023-11-06,0.2138992995023727,0.5052039623260498,0.2808967530727386,DIS,2,4901
2023-11-06,0.0669418051838874,0.8912164568901062,0.0418417565524578,BRK,4,4902
2023-11-06,0.0669418051838874,0.8912164568901062,0.0418417565524578,TSLA,4,4903
2023-11-06,0.1750244945287704,0.6945443749427795,0.1304311901330948,F,3,4904
2023-11-06,0.0610925815999507,0.7906989455223083,0.1482084840536117,GS,4,4905
2023-11-06,0.8131880760192871,0.0348180532455444,0.1519939005374908,DIS,5,4906
2023-11-06,0.0669418051838874,0.8912164568901062,0.0418417565524578,BRK,1,4907
2023-11-06,0.0669418051838874,0.8912164568901062,0.0418417565524578,TSLA,3,4908
2023-11-06,0.8131880760192871,0.0348180532455444,0.1519939005374908,MSFT,3,4909
2023-11-06,0.0301417093724012,0.9454829096794128,0.0243754349648952,SPY,4,4910
2023-11-06,0.0669418051838874,0.8912164568901062,0.0418417565524578,BRK,5,4911
2023-11-06,0.0669418051838874,0.8912164568901062,0.0418417565524578,TSLA,3,4912
2023-11-06,0.0669418051838874,0.8912164568901062,0.0418417565524578,BRK,2,4913
2023-11-06,0.0669418051838874,0.8912164568901062,0.0418417565524578,TSLA,4,4914
2023-11-06,0.8131880760192871,0.0348180532455444,0.1519939005374908,DIS,3,4915
2023-11-06,0.8131880760192871,0.0348180532455444,0.1519939005374908,MSFT,4,4916
2023-11-06,0.0669418051838874,0.8912164568901062,0.0418417565524578,BRK,3,4917
2023-11-06,0.0669418051838874,0.8912164568901062,0.0418417565524578,TSLA,3,4918
2023-11-06,0.8131880760192871,0.0348180532455444,0.1519939005374908,DIS,4,4919
2023-11-06,0.8131880760192871,0.0348180532455444,0.1519939005374908,MSFT,4,4920
2023-11-06,0.0592733100056648,0.846859872341156,0.0938668325543403,KO,3,4921
2023-11-06,0.0592733100056648,0.846859872341156,0.0938668325543403,WMT,4,4922
2023-11-06,0.0669418051838874,0.8912164568901062,0.0418417565524578,BRK,3,4923
2023-11-06,0.0669418051838874,0.8912164568901062,0.0418417565524578,TSLA,2,4924
2023-11-06,0.0610925815999507,0.7906989455223083,0.1482084840536117,GS,5,4925
2023-11-06,0.0669418051838874,0.8912164568901062,0.0418417565524578,BRK,5,4926
2023-11-06,0.0669418051838874,0.8912164568901062,0.0418417565524578,TSLA,3,4927
2023-11-06,0.8131880760192871,0.0348180532455444,0.1519939005374908,DIS,3,4928
2023-11-06,0.0610925815999507,0.7906989455223083,0.1482084840536117,GS,3,4929
2023-11-06,0.0592733100056648,0.846859872341156,0.0938668325543403,KO,2,4930
2023-11-06,0.0592733100056648,0.846859872341156,0.0938668325543403,WMT,2,4931
2023-11-06,0.0669418051838874,0.8912164568901062,0.0418417565524578,BRK,4,4932
2023-11-06,0.0669418051838874,0.8912164568901062,0.0418417565524578,TSLA,3,4933
2023-11-06,0.8131880760192871,0.0348180532455444,0.1519939005374908,DIS,4,4934
2023-11-06,0.8131880760192871,0.0348180532455444,0.1519939005374908,MSFT,3,4935
2023-11-06,0.0592733100056648,0.846859872341156,0.0938668325543403,WMT,3,4936
2023-11-06,0.020227413624525,0.8748275637626648,0.1049449518322944,DIS,3,4937
2023-11-07,0.0152875315397977,0.0664780512452125,0.9182343482971193,UBER,4,4938
2023-11-07,0.0840266644954681,0.8839771151542664,0.0319962315261364,DIS,3,4939
2023-11-07,0.0174436438828706,0.2802842855453491,0.7022719979286194,KO,4,4940
2023-11-07,0.1063455417752265,0.8779569864273071,0.015697443857789,MSFT,4,4941
2023-11-07,0.0152875315397977,0.0664780512452125,0.9182343482971193,UBER,2,4942
2023-11-07,0.0840266644954681,0.8839771151542664,0.0319962315261364,DIS,4,4943
2023-11-07,0.0947898030281066,0.4808317422866821,0.4243783950805664,AMZN,4,4944
2023-11-07,0.0152875315397977,0.0664780512452125,0.9182343482971193,UBER,3,4945
2023-11-07,0.0152875315397977,0.0664780512452125,0.9182343482971193,UBER,3,4946
2023-11-07,0.0343171395361423,0.9360529780387878,0.0296298898756504,AAPL,5,4947
2023-11-07,0.0840266644954681,0.8839771151542664,0.0319962315261364,DIS,2,4948
2023-11-07,0.0840266644954681,0.8839771151542664,0.0319962315261364,DIS,4,4949
2023-11-07,0.0395569428801536,0.9404307007789612,0.0200123209506273,GS,5,4950
2023-11-07,0.0399489253759384,0.9098389744758606,0.0502120554447174,AAPL,3,4951
2023-11-07,0.1006043627858161,0.8837484121322632,0.0156472399830818,AAPL,4,4952
2023-11-07,0.0382161885499954,0.923401951789856,0.0383818484842777,DIS,5,4953
2023-11-07,0.0840266644954681,0.8839771151542664,0.0319962315261364,DIS,5,4954
2023-11-07,0.0152875315397977,0.0664780512452125,0.9182343482971193,UBER,3,4955
2023-11-07,0.0152875315397977,0.0664780512452125,0.9182343482971193,UBER,3,4956
2023-11-07,0.0152875315397977,0.0664780512452125,0.9182343482971193,UBER,4,4957
2023-11-07,0.0152875315397977,0.0664780512452125,0.9182343482971193,UBER,1,4958
2023-11-07,0.1734261214733123,0.7487698793411255,0.0778040587902069,WMT,1,4959
2023-11-07,0.7772119641304016,0.1818659603595733,0.0409220270812511,UBER,3,4960
2023-11-07,0.0840266644954681,0.8839771151542664,0.0319962315261364,DIS,1,4961
2023-11-07,0.0613604523241519,0.9234831929206848,0.0151564264670014,UBER,4,4962
2023-11-07,0.0840266644954681,0.8839771151542664,0.0319962315261364,DIS,3,4963
2023-11-07,0.0840266644954681,0.8839771151542664,0.0319962315261364,DIS,5,4964
2023-11-07,0.0840266644954681,0.8839771151542664,0.0319962315261364,DIS,3,4965
2023-11-07,0.0840266644954681,0.8839771151542664,0.0319962315261364,DIS,5,4966
2023-11-07,0.0152875315397977,0.0664780512452125,0.9182343482971193,UBER,5,4967
2023-11-07,0.0840266644954681,0.8839771151542664,0.0319962315261364,DIS,4,4968
2023-11-07,0.0411539189517498,0.9309479594230652,0.0278981141746044,NVDA,2,4969
2023-11-07,0.0388544537127018,0.9338251948356628,0.0273203831166028,TSLA,5,4970
2023-11-07,0.0840266644954681,0.8839771151542664,0.0319962315261364,DIS,3,4971
2023-11-07,0.0152875315397977,0.0664780512452125,0.9182343482971193,UBER,3,4972
2023-11-08,0.2244470715522766,0.7648136019706726,0.010739310644567,AMZN,5,4973
2023-11-08,0.1735229641199112,0.816182017326355,0.0102949440479278,AMZN,4,4974
2023-11-08,0.0103287827223539,0.021315798163414,0.968355357646942,AMZN,5,4975
2023-11-08,0.059075579047203,0.923778772354126,0.0171456653624773,NVDA,4,4976
2023-11-08,0.0652558505535125,0.0476862788200378,0.8870578408241272,F,4,4977
2023-11-08,0.0652558505535125,0.0476862788200378,0.8870578408241272,TSLA,4,4978
2023-11-08,0.1735229641199112,0.816182017326355,0.0102949440479278,AMZN,3,4979
2023-11-08,0.2244470715522766,0.7648136019706726,0.010739310644567,AMZN,5,4980
2023-11-08,0.0103287827223539,0.021315798163414,0.968355357646942,AMZN,2,4981
2023-11-08,0.0815863311290741,0.4395259320735931,0.4788877665996551,AMZN,2,4982
2023-11-08,0.1735229641199112,0.816182017326355,0.0102949440479278,AMZN,5,4983
2023-11-08,0.1735229641199112,0.816182017326355,0.0102949440479278,AMZN,3,4984
2023-11-08,0.0103287827223539,0.021315798163414,0.968355357646942,AMZN,3,4985
2023-11-08,0.0103287827223539,0.021315798163414,0.968355357646942,AMZN,5,4986
2023-11-08,0.1844761967658996,0.7205385565757751,0.0949852764606475,WMT,3,4987
2023-11-08,0.1672608703374862,0.7678191065788269,0.064920000731945,DIS,3,4988
2023-11-08,0.0962027013301849,0.8692325949668884,0.0345647037029266,AMD,3,4989
2023-11-08,0.0962027013301849,0.8692325949668884,0.0345647037029266,AMD,3,4990
2023-11-08,0.0103287827223539,0.021315798163414,0.968355357646942,AMZN,3,4991
2023-11-08,0.1039801463484764,0.8801723122596741,0.0158475432544946,AAPL,1,4992
2023-11-08,0.0962027013301849,0.8692325949668884,0.0345647037029266,AMD,1,4993
2023-11-08,0.0103287827223539,0.021315798163414,0.968355357646942,AMZN,2,4994
2023-11-08,0.1735229641199112,0.816182017326355,0.0102949440479278,AMZN,3,4995
2023-11-08,0.0103287827223539,0.021315798163414,0.968355357646942,AMZN,3,4996
2023-11-08,0.0962027013301849,0.8692325949668884,0.0345647037029266,AMD,3,4997
2023-11-08,0.1735229641199112,0.816182017326355,0.0102949440479278,AMZN,5,4998
2023-11-08,0.018964409828186,0.0201167520135641,0.9609188437461852,F,4,4999
2023-11-08,0.018964409828186,0.0201167520135641,0.9609188437461852,GS,4,5000
2023-11-08,0.2244470715522766,0.7648136019706726,0.010739310644567,AMZN,5,5001
2023-11-08,0.0103287827223539,0.021315798163414,0.968355357646942,AMZN,3,5002
2023-11-08,0.2244470715522766,0.7648136019706726,0.010739310644567,AMZN,3,5003
2023-11-08,0.0505800209939479,0.7434614896774292,0.2059585452079773,AMZN,3,5004
2023-11-08,0.2244470715522766,0.7648136019706726,0.010739310644567,AMZN,5,5005
2023-11-08,0.1735229641199112,0.816182017326355,0.0102949440479278,AMZN,5,5006
2023-11-08,0.0962027013301849,0.8692325949668884,0.0345647037029266,AMD,3,5007
2023-11-08,0.069859467446804,0.9110597372055054,0.0190807748585939,AAPL,3,5008
2023-11-08,0.069859467446804,0.9110597372055054,0.0190807748585939,AMD,3,5009
2023-11-08,0.0087517406791448,0.0392351485788822,0.9520131945610046,AAPL,3,5010
2023-11-08,0.0087517406791448,0.0392351485788822,0.9520131945610046,AMZN,3,5011
2023-11-08,0.0103287827223539,0.021315798163414,0.968355357646942,AMZN,3,5012
2023-11-08,0.0962027013301849,0.8692325949668884,0.0345647037029266,AMD,5,5013
2023-11-08,0.0103287827223539,0.021315798163414,0.968355357646942,AMZN,3,5014
2023-11-08,0.2244470715522766,0.7648136019706726,0.010739310644567,AMZN,3,5015
2023-11-08,0.2244470715522766,0.7648136019706726,0.010739310644567,AMZN,5,5016
2023-11-08,0.2244470715522766,0.7648136019706726,0.010739310644567,AMZN,3,5017
2023-11-08,0.0103287827223539,0.021315798163414,0.968355357646942,AMZN,4,5018
2023-11-08,0.1735229641199112,0.816182017326355,0.0102949440479278,AMZN,4,5019
2023-11-08,0.1735229641199112,0.816182017326355,0.0102949440479278,AMZN,5,5020
2023-11-08,0.0103287827223539,0.021315798163414,0.968355357646942,AMZN,2,5021
2023-11-08,0.1735229641199112,0.816182017326355,0.0102949440479278,AMZN,4,5022
2023-11-08,0.2244470715522766,0.7648136019706726,0.010739310644567,AMZN,5,5023
2023-11-08,0.1735229641199112,0.816182017326355,0.0102949440479278,AMZN,5,5024
2023-11-08,0.069859467446804,0.9110597372055054,0.0190807748585939,AAPL,5,5025
2023-11-08,0.069859467446804,0.9110597372055054,0.0190807748585939,AMD,3,5026
2023-11-08,0.0962027013301849,0.8692325949668884,0.0345647037029266,AMD,3,5027
2023-11-08,0.2244470715522766,0.7648136019706726,0.010739310644567,AMZN,3,5028
2023-11-08,0.2244470715522766,0.7648136019706726,0.010739310644567,AMZN,3,5029
2023-11-08,0.0962027013301849,0.8692325949668884,0.0345647037029266,AMD,3,5030
2023-11-08,0.0423754639923572,0.9384010434150696,0.0192235261201858,F,3,5031
2023-11-08,0.0710782706737518,0.7497298717498779,0.1791918873786926,F,5,5032
2023-11-08,0.0103287827223539,0.021315798163414,0.968355357646942,AMZN,5,5033
2023-11-09,0.0619387999176979,0.0300724562257528,0.9079887270927428,AAPL,1,5034
2023-11-09,0.0460094287991523,0.8311975002288818,0.1227930709719657,NVDA,4,5035
2023-11-09,0.0460094287991523,0.8311975002288818,0.1227930709719657,SPY,3,5036
2023-11-09,0.0477318093180656,0.2808908820152282,0.6713773608207703,AAPL,5,5037
2023-11-09,0.0714750364422798,0.592487633228302,0.3360373377799988,GOOG,4,5038
2023-11-09,0.1146171912550926,0.8690744042396545,0.0163083579391241,AAPL,5,5039
2023-11-09,0.0455708540976047,0.9287163615226746,0.0257128328084945,GOOG,3,5040
2023-11-09,0.0455708540976047,0.9287163615226746,0.0257128328084945,MSFT,3,5041
2023-11-09,0.0455708540976047,0.9287163615226746,0.0257128328084945,NVDA,5,5042
2023-11-09,0.0615791976451873,0.9219599962234496,0.0164608433842659,NVDA,5,5043
2023-11-09,0.0460094287991523,0.8311975002288818,0.1227930709719657,NVDA,1,5044
2023-11-09,0.0460094287991523,0.8311975002288818,0.1227930709719657,SPY,1,5045
2023-11-09,0.2998811602592468,0.6875601410865784,0.0125586716458201,AAPL,4,5046
2023-11-09,0.0460094287991523,0.8311975002288818,0.1227930709719657,NVDA,5,5047
2023-11-09,0.0460094287991523,0.8311975002288818,0.1227930709719657,SPY,3,5048
2023-11-09,0.8792693018913269,0.0335996709764003,0.087131068110466,AMZN,5,5049
2023-11-09,0.0455708540976047,0.9287163615226746,0.0257128328084945,GOOG,5,5050
2023-11-09,0.0455708540976047,0.9287163615226746,0.0257128328084945,MSFT,3,5051
2023-11-09,0.0455708540976047,0.9287163615226746,0.0257128328084945,NVDA,3,5052
2023-11-09,0.0714750364422798,0.592487633228302,0.3360373377799988,GOOG,2,5053
2023-11-09,0.0714750364422798,0.592487633228302,0.3360373377799988,GOOG,1,5054
2023-11-09,0.0460094287991523,0.8311975002288818,0.1227930709719657,NVDA,4,5055
2023-11-09,0.0460094287991523,0.8311975002288818,0.1227930709719657,SPY,3,5056
2023-11-09,0.0714750364422798,0.592487633228302,0.3360373377799988,GOOG,3,5057
2023-11-09,0.0419122353196144,0.9384543895721436,0.0196334384381771,GS,4,5058
2023-11-09,0.0093600219115614,0.0169835481792688,0.973656415939331,DIS,1,5059
2023-11-09,0.0189652685075998,0.3305229246616363,0.6505117416381836,DIS,3,5060
2023-11-09,0.0374324209988117,0.0173475127667188,0.9452200531959534,DIS,5,5061
2023-11-09,0.0446004122495651,0.5942509174346924,0.3611486852169037,AAPL,1,5062
2023-11-09,0.0460094287991523,0.8311975002288818,0.1227930709719657,NVDA,1,5063
2023-11-09,0.0460094287991523,0.8311975002288818,0.1227930709719657,SPY,5,5064
2023-11-09,0.0460094287991523,0.8311975002288818,0.1227930709719657,NVDA,3,5065
2023-11-09,0.0460094287991523,0.8311975002288818,0.1227930709719657,SPY,4,5066
2023-11-09,0.0261282641440629,0.1087622866034507,0.8651094436645508,DIS,3,5067
2023-11-09,0.0714750364422798,0.592487633228302,0.3360373377799988,GOOG,5,5068
2023-11-09,0.0460094287991523,0.8311975002288818,0.1227930709719657,NVDA,3,5069
2023-11-09,0.0460094287991523,0.8311975002288818,0.1227930709719657,SPY,3,5070
2023-11-09,0.0714750364422798,0.592487633228302,0.3360373377799988,GOOG,4,5071
2023-11-09,0.0455708540976047,0.9287163615226746,0.0257128328084945,GOOG,1,5072
2023-11-09,0.0455708540976047,0.9287163615226746,0.0257128328084945,MSFT,3,5073
2023-11-09,0.0455708540976047,0.9287163615226746,0.0257128328084945,NVDA,3,5074
2023-11-09,0.0140422629192471,0.0341464728116989,0.9518113136291504,MSFT,3,5075
2023-11-09,0.0460094287991523,0.8311975002288818,0.1227930709719657,NVDA,3,5076
2023-11-09,0.0460094287991523,0.8311975002288818,0.1227930709719657,SPY,3,5077
2023-11-09,0.0460094287991523,0.8311975002288818,0.1227930709719657,NVDA,3,5078
2023-11-09,0.0460094287991523,0.8311975002288818,0.1227930709719657,SPY,4,5079
2023-11-09,0.1082408428192138,0.8754974007606506,0.0162617918103933,MSFT,3,5080
2023-11-09,0.081254243850708,0.7049832344055176,0.2137625515460968,KO,3,5081
2023-11-09,0.0460094287991523,0.8311975002288818,0.1227930709719657,NVDA,4,5082
2023-11-09,0.0460094287991523,0.8311975002288818,0.1227930709719657,SPY,3,5083
2023-11-09,0.0460094287991523,0.8311975002288818,0.1227930709719657,NVDA,3,5084
2023-11-09,0.0460094287991523,0.8311975002288818,0.1227930709719657,SPY,4,5085
2023-11-09,0.0460094287991523,0.8311975002288818,0.1227930709719657,NVDA,1,5086
2023-11-09,0.0460094287991523,0.8311975002288818,0.1227930709719657,SPY,3,5087
2023-11-09,0.0714750364422798,0.592487633228302,0.3360373377799988,GOOG,5,5088
2023-11-09,0.0460094287991523,0.8311975002288818,0.1227930709719657,NVDA,3,5089
2023-11-09,0.0460094287991523,0.8311975002288818,0.1227930709719657,SPY,5,5090
2023-11-09,0.0714750364422798,0.592487633228302,0.3360373377799988,GOOG,3,5091
2023-11-09,0.0534130148589611,0.9335761070251464,0.0130108781158924,TSLA,1,5092
2023-11-09,0.0460094287991523,0.8311975002288818,0.1227930709719657,SPY,5,5093
2023-11-09,0.0714750364422798,0.592487633228302,0.3360373377799988,GOOG,1,5094
2023-11-09,0.0460094287991523,0.8311975002288818,0.1227930709719657,NVDA,1,5095
2023-11-09,0.0460094287991523,0.8311975002288818,0.1227930709719657,SPY,1,5096
2023-11-09,0.0714750364422798,0.592487633228302,0.3360373377799988,GOOG,1,5097
2023-11-09,0.0460094287991523,0.8311975002288818,0.1227930709719657,NVDA,4,5098
2023-11-09,0.0460094287991523,0.8311975002288818,0.1227930709719657,SPY,3,5099
2023-11-09,0.0603680573403835,0.9245256781578064,0.0151062402874231,UBER,4,5100
2023-11-10,0.1604083925485611,0.3068527281284332,0.5327389240264893,MSFT,3,5101
2023-11-10,0.061539776623249,0.846245288848877,0.0922148898243904,UBER,5,5102
2023-11-10,0.0993627235293388,0.8846712112426758,0.0159660726785659,AAPL,5,5103
2023-11-10,0.061539776623249,0.846245288848877,0.0922148898243904,UBER,2,5104
2023-11-10,0.061539776623249,0.846245288848877,0.0922148898243904,UBER,5,5105
2023-11-10,0.1604083925485611,0.3068527281284332,0.5327389240264893,AAPL,1,5106
2023-11-10,0.1604083925485611,0.3068527281284332,0.5327389240264893,AAPL,4,5107
2023-11-10,0.1604083925485611,0.3068527281284332,0.5327389240264893,MSFT,1,5108
2023-11-10,0.0484860017895698,0.9333857893943788,0.0181281976401805,NVDA,1,5109
2023-11-10,0.1604083925485611,0.3068527281284332,0.5327389240264893,AAPL,3,5110
2023-11-10,0.1604083925485611,0.3068527281284332,0.5327389240264893,MSFT,3,5111
2023-11-10,0.061539776623249,0.846245288848877,0.0922148898243904,UBER,3,5112
2023-11-10,0.0893970504403114,0.8979660272598267,0.0126369409263134,DIS,4,5113
2023-11-10,0.1604083925485611,0.3068527281284332,0.5327389240264893,AAPL,4,5114
2023-11-10,0.1604083925485611,0.3068527281284332,0.5327389240264893,MSFT,3,5115
2023-11-10,0.1604083925485611,0.3068527281284332,0.5327389240264893,AAPL,4,5116
2023-11-10,0.1604083925485611,0.3068527281284332,0.5327389240264893,AAPL,1,5117
2023-11-10,0.0893970504403114,0.8979660272598267,0.0126369409263134,DIS,3,5118
2023-11-10,0.1604083925485611,0.3068527281284332,0.5327389240264893,MSFT,4,5119
2023-11-10,0.061539776623249,0.846245288848877,0.0922148898243904,UBER,4,5120
2023-11-10,0.1604083925485611,0.3068527281284332,0.5327389240264893,AAPL,3,5121
2023-11-10,0.1604083925485611,0.3068527281284332,0.5327389240264893,MSFT,3,5122
2023-11-10,0.1604083925485611,0.3068527281284332,0.5327389240264893,AAPL,1,5123
2023-11-10,0.0406310372054576,0.9094140529632568,0.0499548576772213,AMZN,2,5124
2023-11-10,0.0406310372054576,0.9094140529632568,0.0499548576772213,DIS,2,5125
2023-11-10,0.1604083925485611,0.3068527281284332,0.5327389240264893,AAPL,1,5126
2023-11-10,0.1604083925485611,0.3068527281284332,0.5327389240264893,MSFT,4,5127
2023-11-10,0.1604083925485611,0.3068527281284332,0.5327389240264893,AAPL,5,5128
2023-11-10,0.1604083925485611,0.3068527281284332,0.5327389240264893,MSFT,3,5129
2023-11-10,0.061539776623249,0.846245288848877,0.0922148898243904,UBER,1,5130
2023-11-10,0.061539776623249,0.846245288848877,0.0922148898243904,UBER,3,5131
2023-11-10,0.1067941933870315,0.8768459558486938,0.0163598898798227,MSFT,3,5132
2023-11-10,0.0852634310722351,0.1233698576688766,0.7913667559623718,TSLA,1,5133
2023-11-11,0.0612226016819477,0.9236992597579956,0.0150781329721212,UBER,3,5134
2023-11-11,0.0395193807780742,0.9404740333557128,0.0200065337121486,GS,3,5135
2023-11-12,0.1076776012778282,0.8760416507720947,0.0162806957960128,MSFT,5,5136
2023-11-12,0.0121438819915056,0.0499573945999145,0.937898814678192,F,4,5137
2023-11-12,0.0121438819915056,0.0499573945999145,0.937898814678192,TSLA,4,5138
2023-11-12,0.0364506393671035,0.9365274310112,0.027021937072277,TSLA,5,5139
2023-11-12,0.5021471381187439,0.4029457867145538,0.094907060265541,UBER,3,5140
2023-11-12,0.0121438819915056,0.0499573945999145,0.937898814678192,F,5,5141
2023-11-12,0.0121438819915056,0.0499573945999145,0.937898814678192,TSLA,5,5142
2023-11-12,0.115854687988758,0.8679273128509521,0.0162179712206125,AAPL,1,5143
2023-11-13,0.0425972901284694,0.7881055474281311,0.1692972183227539,AAPL,1,5144
2023-11-13,0.0425972901284694,0.7881055474281311,0.1692972183227539,MSFT,4,5145
2023-11-13,0.0730495750904083,0.876587986946106,0.0503624491393566,MSFT,2,5146
2023-11-13,0.7167142629623413,0.0245181005448102,0.2587676346302032,AMZN,4,5147
2023-11-13,0.0240148548036813,0.2283309251070022,0.7476542592048645,F,5,5148
2023-11-13,0.0487547293305397,0.6458195447921753,0.3054257333278656,F,5,5149
2023-11-13,0.069033496081829,0.0656443238258361,0.8653221726417542,F,4,5150
2023-11-13,0.7167142629623413,0.0245181005448102,0.2587676346302032,AMZN,2,5151
2023-11-13,0.7167142629623413,0.0245181005448102,0.2587676346302032,TSLA,4,5152
2023-11-13,0.0580133311450481,0.0247938279062509,0.917192816734314,DIS,2,5153
2023-11-13,0.0996691063046455,0.8856421709060669,0.0146887619048357,AMZN,2,5154
2023-11-13,0.0996691063046455,0.8856421709060669,0.0146887619048357,AMZN,2,5155
2023-11-13,0.0996691063046455,0.8856421709060669,0.0146887619048357,AMZN,3,5156
2023-11-13,0.0507470406591892,0.9214769005775452,0.0277760960161685,MSFT,4,5157
2023-11-13,0.0435953885316848,0.936202108860016,0.020202524960041,F,5,5158
2023-11-13,0.7167142629623413,0.0245181005448102,0.2587676346302032,AMZN,3,5159
2023-11-13,0.7167142629623413,0.0245181005448102,0.2587676346302032,TSLA,5,5160
2023-11-13,0.0996691063046455,0.8856421709060669,0.0146887619048357,AMZN,1,5161
2023-11-13,0.2792172729969024,0.6601084470748901,0.0606743432581424,WMT,5,5162
2023-11-13,0.0449416451156139,0.9342966079711914,0.020761827006936,DIS,4,5163
2023-11-13,0.7488023638725281,0.0245314054191112,0.2266662269830703,TSLA,3,5164
2023-11-13,0.7488023638725281,0.0245314054191112,0.2266662269830703,AMZN,5,5165
2023-11-13,0.7488023638725281,0.0245314054191112,0.2266662269830703,TSLA,5,5166
2023-11-13,0.0109691778197884,0.0200203489512205,0.9690104126930236,DIS,3,5167
2023-11-13,0.0299675110727548,0.945376992225647,0.0246554445475339,SPY,3,5168
2023-11-13,0.7488023638725281,0.0245314054191112,0.2266662269830703,TSLA,2,5169
2023-11-13,0.0996691063046455,0.8856421709060669,0.0146887619048357,AMZN,3,5170
2023-11-13,0.0428125150501728,0.9359837174415588,0.021203814074397,NVDA,5,5171
2023-11-13,0.0193985179066658,0.193302720785141,0.7872987389564514,GS,4,5172
2023-11-13,0.7488023638725281,0.0245314054191112,0.2266662269830703,TSLA,4,5173
2023-11-13,0.0996691063046455,0.8856421709060669,0.0146887619048357,AMZN,5,5174
2023-11-13,0.0687797218561172,0.9175541996955872,0.0136661259457468,GS,1,5175
2023-11-13,0.8673109412193298,0.1231559738516807,0.0095331259071826,AAPL,5,5176
2023-11-13,0.7167142629623413,0.0245181005448102,0.2587676346302032,TSLA,4,5177
2023-11-13,0.7488023638725281,0.0245314054191112,0.2266662269830703,AMZN,4,5178
2023-11-13,0.7488023638725281,0.0245314054191112,0.2266662269830703,TSLA,2,5179
2023-11-13,0.0996691063046455,0.8856421709060669,0.0146887619048357,AMZN,1,5180
2023-11-13,0.0996691063046455,0.8856421709060669,0.0146887619048357,AMZN,4,5181
2023-11-13,0.1821040511131286,0.8036162257194519,0.0142797389999032,TSLA,4,5182
2023-11-13,0.0996691063046455,0.8856421709060669,0.0146887619048357,AMZN,5,5183
2023-11-13,0.0072931470349431,0.0176089908927679,0.9750978946685792,AMZN,1,5184
2023-11-13,0.7167142629623413,0.0245181005448102,0.2587676346302032,AMZN,5,5185
2023-11-13,0.7167142629623413,0.0245181005448102,0.2587676346302032,TSLA,4,5186
2023-11-13,0.0972528606653213,0.8831402063369751,0.0196068808436393,AMZN,5,5187
2023-11-13,0.015723468735814,0.0594458170235157,0.924830675125122,AMZN,3,5188
2023-11-13,0.0996691063046455,0.8856421709060669,0.0146887619048357,AMZN,1,5189
2023-11-13,0.7167142629623413,0.0245181005448102,0.2587676346302032,AMZN,4,5190
2023-11-13,0.7167142629623413,0.0245181005448102,0.2587676346302032,TSLA,5,5191
2023-11-13,0.7488023638725281,0.0245314054191112,0.2266662269830703,AMZN,5,5192
2023-11-13,0.7488023638725281,0.0245314054191112,0.2266662269830703,TSLA,3,5193
2023-11-13,0.1081332564353942,0.8715714812278748,0.0202952772378921,TSLA,3,5194
2023-11-13,0.0996691063046455,0.8856421709060669,0.0146887619048357,AMZN,3,5195
2023-11-13,0.2511357367038727,0.7393313646316528,0.009532930329442,AMZN,5,5196
2023-11-13,0.2511357367038727,0.7393313646316528,0.009532930329442,NVDA,3,5197
2023-11-13,0.2511357367038727,0.7393313646316528,0.009532930329442,AMZN,2,5198
2023-11-13,0.2511357367038727,0.7393313646316528,0.009532930329442,NVDA,5,5199
2023-11-13,0.0996691063046455,0.8856421709060669,0.0146887619048357,AMZN,3,5200
2023-11-13,0.0996691063046455,0.8856421709060669,0.0146887619048357,AMZN,5,5201
2023-11-13,0.3805654644966125,0.60893315076828,0.0105014368891716,TSLA,4,5202
2023-11-13,0.7167142629623413,0.0245181005448102,0.2587676346302032,AMZN,1,5203
2023-11-13,0.7167142629623413,0.0245181005448102,0.2587676346302032,TSLA,5,5204
2023-11-13,0.0996691063046455,0.8856421709060669,0.0146887619048357,AMZN,5,5205
2023-11-13,0.0996691063046455,0.8856421709060669,0.0146887619048357,AMZN,3,5206
2023-11-13,0.7167142629623413,0.0245181005448102,0.2587676346302032,AMZN,4,5207
2023-11-13,0.7488023638725281,0.0245314054191112,0.2266662269830703,AMZN,5,5208
2023-11-13,0.7167142629623413,0.0245181005448102,0.2587676346302032,TSLA,3,5209
2023-11-13,0.7488023638725281,0.0245314054191112,0.2266662269830703,AMZN,5,5210
2023-11-13,0.7488023638725281,0.0245314054191112,0.2266662269830703,AMZN,5,5211
2023-11-13,0.7167142629623413,0.0245181005448102,0.2587676346302032,AMZN,5,5212
2023-11-13,0.7167142629623413,0.0245181005448102,0.2587676346302032,TSLA,1,5213
2023-11-13,0.7167142629623413,0.0245181005448102,0.2587676346302032,TSLA,3,5214
2023-11-13,0.0996691063046455,0.8856421709060669,0.0146887619048357,AMZN,3,5215
2023-11-14,0.0750215128064155,0.8861985206604004,0.0387799963355064,WMT,4,5216
2023-11-14,0.0701949149370193,0.890641450881958,0.0391635932028293,TSLA,5,5217
2023-11-14,0.0653906464576721,0.8504846096038818,0.0841247588396072,GS,2,5218
2023-11-14,0.0154683552682399,0.0750902071595192,0.909441351890564,F,4,5219
2023-11-14,0.0482262559235096,0.0263655185699462,0.9254082441329956,F,5,5220
2023-11-14,0.0482262559235096,0.0263655185699462,0.9254082441329956,TSLA,5,5221
2023-11-14,0.0482262559235096,0.0263655185699462,0.9254082441329956,WMT,4,5222
2023-11-14,0.0420120246708393,0.9221308827400208,0.035857155919075,TSLA,3,5223
2023-11-14,0.0369492508471012,0.0156047353520989,0.9474459886550904,F,3,5224
2023-11-14,0.9116541147232056,0.0414887405931949,0.0468571595847606,AMZN,2,5225
2023-11-14,0.9116541147232056,0.0414887405931949,0.0468571595847606,NVDA,4,5226
2023-11-14,0.0362472794950008,0.264785498380661,0.6989672780036926,F,4,5227
2023-11-14,0.1065888777375221,0.8777316808700562,0.0156794339418411,MSFT,3,5228
2023-11-14,0.0750215128064155,0.8861985206604004,0.0387799963355064,BRK,4,5229
2023-11-14,0.0750215128064155,0.8861985206604004,0.0387799963355064,BRK,3,5230
2023-11-14,0.0653906464576721,0.8504846096038818,0.0841247588396072,GS,3,5231
2023-11-14,0.0701949149370193,0.890641450881958,0.0391635932028293,TSLA,5,5232
2023-11-14,0.0721743032336235,0.911672830581665,0.0161528661847114,SPY,1,5233
2023-11-14,0.0369492508471012,0.0156047353520989,0.9474459886550904,F,5,5234
2023-11-14,0.9116541147232056,0.0414887405931949,0.0468571595847606,AMZN,1,5235
2023-11-14,0.9116541147232056,0.0414887405931949,0.0468571595847606,NVDA,5,5236
2023-11-14,0.9116541147232056,0.0414887405931949,0.0468571595847606,AMZN,3,5237
2023-11-14,0.9116541147232056,0.0414887405931949,0.0468571595847606,NVDA,4,5238
2023-11-14,0.0721743032336235,0.911672830581665,0.0161528661847114,SPY,5,5239
2023-11-14,0.0721743032336235,0.911672830581665,0.0161528661847114,SPY,5,5240
2023-11-14,0.0701949149370193,0.890641450881958,0.0391635932028293,TSLA,3,5241
2023-11-14,0.0315778702497482,0.0119897155091166,0.9564323425292968,AMZN,4,5242
2023-11-14,0.7963346242904663,0.1956075131893158,0.0080578876659274,AMZN,3,5243
2023-11-14,0.0172661338001489,0.2707206010818481,0.7120132446289062,AAPL,3,5244
2023-11-14,0.8706372380256653,0.0345687456429004,0.0947939753532409,AMZN,5,5245
2023-11-14,0.9116541147232056,0.0414887405931949,0.0468571595847606,AMZN,5,5246
2023-11-14,0.0653906464576721,0.8504846096038818,0.0841247588396072,GS,4,5247
2023-11-14,0.044626235961914,0.9327677488327026,0.0226060058921575,BRK,5,5248
2023-11-14,0.0750215128064155,0.8861985206604004,0.0387799963355064,WMT,3,5249
2023-11-14,0.1004174053668975,0.8839154839515686,0.0156671628355979,AAPL,4,5250
2023-11-14,0.0701949149370193,0.890641450881958,0.0391635932028293,TSLA,5,5251
2023-11-14,0.0721743032336235,0.911672830581665,0.0161528661847114,SPY,3,5252
2023-11-14,0.9116541147232056,0.0414887405931949,0.0468571595847606,AMZN,5,5253
2023-11-14,0.0482262559235096,0.0263655185699462,0.9254082441329956,F,3,5254
2023-11-14,0.0482262559235096,0.0263655185699462,0.9254082441329956,TSLA,3,5255
2023-11-14,0.0482262559235096,0.0263655185699462,0.9254082441329956,WMT,4,5256
2023-11-14,0.0154683552682399,0.0750902071595192,0.909441351890564,F,2,5257
2023-11-14,0.0362472794950008,0.264785498380661,0.6989672780036926,F,1,5258
2023-11-14,0.0750215128064155,0.8861985206604004,0.0387799963355064,BRK,5,5259
2023-11-14,0.0369492508471012,0.0156047353520989,0.9474459886550904,F,2,5260
2023-11-14,0.0701949149370193,0.890641450881958,0.0391635932028293,TSLA,3,5261
2023-11-14,0.0653906464576721,0.8504846096038818,0.0841247588396072,GS,5,5262
2023-11-14,0.0539325922727584,0.9318788051605223,0.0141885867342352,AMZN,5,5263
2023-11-14,0.0721743032336235,0.911672830581665,0.0161528661847114,SPY,3,5264
2023-11-14,0.0369492508471012,0.0156047353520989,0.9474459886550904,F,4,5265
2023-11-14,0.0369492508471012,0.0156047353520989,0.9474459886550904,F,3,5266
2023-11-14,0.0750215128064155,0.8861985206604004,0.0387799963355064,BRK,3,5267
2023-11-14,0.044626235961914,0.9327677488327026,0.0226060058921575,BRK,1,5268
2023-11-14,0.0615433454513549,0.9087062478065492,0.029750382527709,BRK,5,5269
2023-11-14,0.0750215128064155,0.8861985206604004,0.0387799963355064,WMT,1,5270
2023-11-14,0.0653906464576721,0.8504846096038818,0.0841247588396072,GS,1,5271
2023-11-14,0.0701949149370193,0.890641450881958,0.0391635932028293,TSLA,5,5272
2023-11-14,0.0750215128064155,0.8861985206604004,0.0387799963355064,BRK,3,5273
2023-11-14,0.0750215128064155,0.8861985206604004,0.0387799963355064,WMT,3,5274
2023-11-14,0.0653906464576721,0.8504846096038818,0.0841247588396072,GS,2,5275
2023-11-14,0.0653906464576721,0.8504846096038818,0.0841247588396072,GS,5,5276
2023-11-14,0.0594899393618106,0.8253069519996643,0.1152031570672988,GS,5,5277
2023-11-14,0.0594899393618106,0.8253069519996643,0.1152031570672988,UBER,1,5278
2023-11-14,0.0721743032336235,0.911672830581665,0.0161528661847114,SPY,5,5279
2023-11-14,0.0701949149370193,0.890641450881958,0.0391635932028293,TSLA,4,5280
2023-11-14,0.0750215128064155,0.8861985206604004,0.0387799963355064,BRK,4,5281
2023-11-14,0.0701949149370193,0.890641450881958,0.0391635932028293,TSLA,5,5282
2023-11-14,0.0721743032336235,0.911672830581665,0.0161528661847114,SPY,2,5283
2023-11-14,0.044626235961914,0.9327677488327026,0.0226060058921575,BRK,3,5284
2023-11-14,0.3302738964557647,0.0783527866005897,0.5913733839988708,AAPL,3,5285
2023-11-14,0.0721743032336235,0.911672830581665,0.0161528661847114,SPY,3,5286
2023-11-14,0.0721743032336235,0.911672830581665,0.0161528661847114,SPY,1,5287
2023-11-14,0.9116541147232056,0.0414887405931949,0.0468571595847606,AMZN,1,5288
2023-11-14,0.9116541147232056,0.0414887405931949,0.0468571595847606,NVDA,3,5289
2023-11-14,0.0701949149370193,0.890641450881958,0.0391635932028293,TSLA,5,5290
2023-11-14,0.0701949149370193,0.890641450881958,0.0391635932028293,TSLA,5,5291
2023-11-14,0.0750215128064155,0.8861985206604004,0.0387799963355064,BRK,4,5292
2023-11-14,0.0750215128064155,0.8861985206604004,0.0387799963355064,WMT,4,5293
2023-11-14,0.0653906464576721,0.8504846096038818,0.0841247588396072,GS,1,5294
2023-11-14,0.0701949149370193,0.890641450881958,0.0391635932028293,TSLA,4,5295
2023-11-14,0.0889816284179687,0.8950607776641846,0.0159575678408145,DIS,3,5296
2023-11-14,0.0889816284179687,0.8950607776641846,0.0159575678408145,F,3,5297
2023-11-14,0.0750215128064155,0.8861985206604004,0.0387799963355064,BRK,1,5298
2023-11-14,0.0653906464576721,0.8504846096038818,0.0841247588396072,GS,4,5299
2023-11-14,0.0653906464576721,0.8504846096038818,0.0841247588396072,GS,2,5300
2023-11-14,0.0653906464576721,0.8504846096038818,0.0841247588396072,GS,2,5301
2023-11-14,0.9116541147232056,0.0414887405931949,0.0468571595847606,AMZN,4,5302
2023-11-14,0.9116541147232056,0.0414887405931949,0.0468571595847606,NVDA,3,5303
2023-11-14,0.9116541147232056,0.0414887405931949,0.0468571595847606,NVDA,3,5304
2023-11-14,0.020361740142107,0.0134199084714055,0.96621835231781,AAPL,5,5305
2023-11-14,0.0615433454513549,0.9087062478065492,0.029750382527709,BRK,2,5306
2023-11-14,0.044626235961914,0.9327677488327026,0.0226060058921575,BRK,3,5307
2023-11-14,0.0324340239167213,0.9189879298210144,0.0485780984163284,AAPL,2,5308
2023-11-14,0.0750215128064155,0.8861985206604004,0.0387799963355064,BRK,5,5309
2023-11-14,0.0482262559235096,0.0263655185699462,0.9254082441329956,F,3,5310
2023-11-14,0.0482262559235096,0.0263655185699462,0.9254082441329956,TSLA,3,5311
2023-11-14,0.0482262559235096,0.0263655185699462,0.9254082441329956,WMT,4,5312
2023-11-14,0.0721743032336235,0.911672830581665,0.0161528661847114,SPY,5,5313
2023-11-14,0.9116541147232056,0.0414887405931949,0.0468571595847606,AMZN,3,5314
2023-11-14,0.9116541147232056,0.0414887405931949,0.0468571595847606,NVDA,3,5315
2023-11-14,0.0750215128064155,0.8861985206604004,0.0387799963355064,BRK,3,5316
2023-11-14,0.0750215128064155,0.8861985206604004,0.0387799963355064,WMT,5,5317
2023-11-14,0.0369492508471012,0.0156047353520989,0.9474459886550904,F,4,5318
2023-11-14,0.0750215128064155,0.8861985206604004,0.0387799963355064,BRK,5,5319
2023-11-14,0.0750215128064155,0.8861985206604004,0.0387799963355064,WMT,2,5320
2023-11-14,0.0721743032336235,0.911672830581665,0.0161528661847114,SPY,1,5321
2023-11-14,0.0369492508471012,0.0156047353520989,0.9474459886550904,F,3,5322
2023-11-14,0.0721743032336235,0.911672830581665,0.0161528661847114,SPY,2,5323
2023-11-14,0.0701949149370193,0.890641450881958,0.0391635932028293,TSLA,3,5324
2023-11-14,0.0369492508471012,0.0156047353520989,0.9474459886550904,F,1,5325
2023-11-14,0.0721743032336235,0.911672830581665,0.0161528661847114,SPY,5,5326
2023-11-15,0.0590329505503177,0.9238429069519044,0.0171241573989391,NVDA,2,5327
2023-11-15,0.0825496017932891,0.8521833419799805,0.0652670487761497,KO,5,5328
2023-11-15,0.0590373091399669,0.9119303226470948,0.0290323961526155,AMD,3,5329
2023-11-15,0.0590373091399669,0.9119303226470948,0.0290323961526155,MSFT,3,5330
2023-11-15,0.0590373091399669,0.9119303226470948,0.0290323961526155,NVDA,5,5331
2023-11-15,0.0648377314209938,0.911896824836731,0.0232654921710491,AMD,3,5332
2023-11-15,0.0648377314209938,0.911896824836731,0.0232654921710491,NVDA,4,5333
2023-11-15,0.0825496017932891,0.8521833419799805,0.0652670487761497,KO,3,5334
2023-11-15,0.0297091715037822,0.9355157613754272,0.034775111824274,DIS,3,5335
2023-11-15,0.0590373091399669,0.9119303226470948,0.0290323961526155,AMD,3,5336
2023-11-15,0.0590373091399669,0.9119303226470948,0.0290323961526155,NVDA,3,5337
2023-11-15,0.0648377314209938,0.911896824836731,0.0232654921710491,AMD,5,5338
2023-11-15,0.0648377314209938,0.911896824836731,0.0232654921710491,NVDA,3,5339
2023-11-15,0.0825496017932891,0.8521833419799805,0.0652670487761497,KO,4,5340
2023-11-15,0.0825496017932891,0.8521833419799805,0.0652670487761497,KO,1,5341
2023-11-15,0.2836747765541076,0.0381816662847995,0.6781435012817383,GS,5,5342
2023-11-15,0.2836747765541076,0.0381816662847995,0.6781435012817383,GS,5,5343
2023-11-15,0.0264405515044927,0.2315970957279205,0.7419623732566833,TSLA,2,5344
2023-11-15,0.9532631635665894,0.0274542514234781,0.0192826148122549,DIS,5,5345
2023-11-15,0.0825496017932891,0.8521833419799805,0.0652670487761497,KO,4,5346
2023-11-15,0.0825496017932891,0.8521833419799805,0.0652670487761497,KO,5,5347
2023-11-15,0.0825496017932891,0.8521833419799805,0.0652670487761497,KO,5,5348
2023-11-15,0.2836747765541076,0.0381816662847995,0.6781435012817383,GS,5,5349
2023-11-15,0.2836747765541076,0.0381816662847995,0.6781435012817383,GS,3,5350
2023-11-15,0.1117984429001808,0.8773730993270874,0.0108284298330545,TSLA,3,5351
2023-11-15,0.014765802770853,0.0160811636596918,0.9691530466079712,TSLA,3,5352
2023-11-15,0.2836747765541076,0.0381816662847995,0.6781435012817383,GS,5,5353
2023-11-15,0.0108488220721483,0.0168339740484952,0.9723171591758728,TSLA,5,5354
2023-11-15,0.2836747765541076,0.0381816662847995,0.6781435012817383,GS,3,5355
2023-11-15,0.0645940154790878,0.9210837483406068,0.0143222212791442,UBER,5,5356
2023-11-15,0.0825496017932891,0.8521833419799805,0.0652670487761497,KO,1,5357
2023-11-15,0.1039445623755455,0.880181610584259,0.0158738326281309,AAPL,1,5358
2023-11-15,0.0521905086934566,0.9144506454467772,0.0333588197827339,DIS,3,5359
2023-11-15,0.0312051698565483,0.7867998480796814,0.1819950193166732,AMZN,2,5360
2023-11-15,0.0407344102859497,0.926149845123291,0.033115766942501,AAPL,5,5361
2023-11-15,0.0407344102859497,0.926149845123291,0.033115766942501,AMZN,3,5362
2023-11-15,0.0407344102859497,0.926149845123291,0.033115766942501,MSFT,5,5363
2023-11-15,0.0407344102859497,0.926149845123291,0.033115766942501,AAPL,3,5364
2023-11-15,0.0407344102859497,0.926149845123291,0.033115766942501,MSFT,3,5365
2023-11-15,0.2836747765541076,0.0381816662847995,0.6781435012817383,GS,1,5366
2023-11-15,0.0825496017932891,0.8521833419799805,0.0652670487761497,KO,1,5367
2023-11-15,0.0658986568450927,0.9205144047737122,0.0135869970545172,AAPL,1,5368
2023-11-15,0.2836747765541076,0.0381816662847995,0.6781435012817383,GS,5,5369
2023-11-15,0.0622909031808376,0.9178533554077148,0.0198557451367378,DIS,5,5370
2023-11-15,0.0825496017932891,0.8521833419799805,0.0652670487761497,KO,3,5371
2023-11-15,0.0825496017932891,0.8521833419799805,0.0652670487761497,KO,5,5372
2023-11-15,0.7194594740867615,0.137132927775383,0.1434075683355331,F,3,5373
2023-11-15,0.0648377314209938,0.911896824836731,0.0232654921710491,AMD,3,5374
2023-11-15,0.0648377314209938,0.911896824836731,0.0232654921710491,NVDA,4,5375
2023-11-15,0.0590373091399669,0.9119303226470948,0.0290323961526155,AMD,5,5376
2023-11-15,0.0590373091399669,0.9119303226470948,0.0290323961526155,MSFT,4,5377
2023-11-15,0.0590373091399669,0.9119303226470948,0.0290323961526155,NVDA,2,5378
2023-11-15,0.0407344102859497,0.926149845123291,0.033115766942501,AAPL,5,5379
2023-11-15,0.0407344102859497,0.926149845123291,0.033115766942501,MSFT,5,5380
2023-11-15,0.0989991948008537,0.8849610090255737,0.0160398390144109,MSFT,4,5381
2023-11-15,0.2836747765541076,0.0381816662847995,0.6781435012817383,GS,1,5382
2023-11-15,0.0416514202952384,0.9387089014053344,0.019639691337943,GS,1,5383
2023-11-15,0.2836747765541076,0.0381816662847995,0.6781435012817383,GS,5,5384
2023-11-16,0.0777319967746734,0.9103679060935974,0.0119000757113099,AMZN,3,5385
2023-11-16,0.0781909450888633,0.0155243650078773,0.9062846899032592,WMT,3,5386
2023-11-16,0.584270715713501,0.4057501256465912,0.0099791716784238,AMZN,1,5387
2023-11-16,0.0122302630916237,0.0187590513378381,0.9690106511116028,AMZN,5,5388
2023-11-16,0.1324575841426849,0.8332301378250122,0.0343123078346252,AMD,4,5389
2023-11-16,0.0471859388053417,0.5912853479385376,0.3615287244319916,AMZN,2,5390
2023-11-16,0.0302764624357223,0.014377849176526,0.955345630645752,GS,2,5391
2023-11-16,0.1324575841426849,0.8332301378250122,0.0343123078346252,AMD,1,5392
2023-11-16,0.1324575841426849,0.8332301378250122,0.0343123078346252,AMD,3,5393
2023-11-16,0.0781909450888633,0.0155243650078773,0.9062846899032592,WMT,5,5394
2023-11-16,0.0781909450888633,0.0155243650078773,0.9062846899032592,WMT,3,5395
2023-11-16,0.0354198701679706,0.0116630643606185,0.9529170393943788,WMT,1,5396
2023-11-16,0.0354198701679706,0.0116630643606185,0.9529170393943788,WMT,3,5397
2023-11-16,0.0354198701679706,0.0116630643606185,0.9529170393943788,WMT,3,5398
2023-11-16,0.2886978089809418,0.6118519306182861,0.0994502753019332,WMT,4,5399
2023-11-16,0.0084208697080612,0.0172271579504013,0.9743519425392152,WMT,1,5400
2023-11-16,0.029687438160181,0.7817118763923645,0.1886007338762283,WMT,4,5401
2023-11-16,0.0354198701679706,0.0116630643606185,0.9529170393943788,WMT,3,5402
2023-11-16,0.1324575841426849,0.8332301378250122,0.0343123078346252,AMD,2,5403
2023-11-16,0.0354198701679706,0.0116630643606185,0.9529170393943788,WMT,5,5404
2023-11-16,0.0781909450888633,0.0155243650078773,0.9062846899032592,WMT,5,5405
2023-11-16,0.1324575841426849,0.8332301378250122,0.0343123078346252,AMD,3,5406
2023-11-16,0.0781909450888633,0.0155243650078773,0.9062846899032592,WMT,2,5407
2023-11-16,0.1324575841426849,0.8332301378250122,0.0343123078346252,AMD,4,5408
2023-11-16,0.0331155508756637,0.929320991039276,0.0375634357333183,GOOG,3,5409
2023-11-16,0.1324575841426849,0.8332301378250122,0.0343123078346252,AMD,2,5410
2023-11-16,0.0948233306407928,0.8667527437210083,0.038423903286457,AAPL,3,5411
2023-11-16,0.0781909450888633,0.0155243650078773,0.9062846899032592,WMT,5,5412
2023-11-16,0.058492787182331,0.9219626188278198,0.0195445399731397,MSFT,2,5413
2023-11-16,0.1324575841426849,0.8332301378250122,0.0343123078346252,AMD,3,5414
2023-11-16,0.0354198701679706,0.0116630643606185,0.9529170393943788,WMT,5,5415
2023-11-16,0.0781909450888633,0.0155243650078773,0.9062846899032592,WMT,1,5416
2023-11-16,0.1157655343413353,0.8680291771888733,0.0162053313106298,AAPL,4,5417
2023-11-16,0.0781909450888633,0.0155243650078773,0.9062846899032592,WMT,4,5418
2023-11-16,0.0781909450888633,0.0155243650078773,0.9062846899032592,WMT,1,5419
2023-11-16,0.7475770711898804,0.0398360826075077,0.2125868201255798,AMD,2,5420
2023-11-16,0.1324575841426849,0.8332301378250122,0.0343123078346252,AMD,2,5421
2023-11-16,0.058492787182331,0.9219626188278198,0.0195445399731397,MSFT,2,5422
2023-11-16,0.0679492279887199,0.916366159915924,0.0156846661120653,NVDA,3,5423
2023-11-16,0.0781909450888633,0.0155243650078773,0.9062846899032592,WMT,1,5424
2023-11-16,0.1082816272974014,0.875464141368866,0.0162542480975389,MSFT,5,5425
2023-11-16,0.1324575841426849,0.8332301378250122,0.0343123078346252,AMD,3,5426
2023-11-16,0.1324575841426849,0.8332301378250122,0.0343123078346252,AMD,3,5427
2023-11-16,0.0354198701679706,0.0116630643606185,0.9529170393943788,WMT,5,5428
2023-11-16,0.0095876157283782,0.0158361997455358,0.97457617521286,F,3,5429
2023-11-16,0.0781909450888633,0.0155243650078773,0.9062846899032592,WMT,3,5430
2023-11-16,0.0354198701679706,0.0116630643606185,0.9529170393943788,WMT,3,5431
2023-11-16,0.1324575841426849,0.8332301378250122,0.0343123078346252,AMD,5,5432
2023-11-17,0.0441513173282146,0.4509648382663727,0.5048838257789612,AAPL,1,5433
2023-11-17,0.0441513173282146,0.4509648382663727,0.5048838257789612,AMZN,2,5434
2023-11-17,0.0441513173282146,0.4509648382663727,0.5048838257789612,MSFT,3,5435
2023-11-17,0.0803926587104797,0.0167639032006263,0.902843415737152,AMZN,3,5436
2023-11-17,0.0617030672729015,0.8763246536254883,0.0619723014533519,GOOG,3,5437
2023-11-17,0.0617030672729015,0.8763246536254883,0.0619723014533519,SPY,3,5438
2023-11-17,0.0458808094263076,0.9065731167793274,0.0475460812449455,AAPL,1,5439
2023-11-17,0.0458808094263076,0.9065731167793274,0.0475460812449455,AMZN,5,5440
2023-11-17,0.0458808094263076,0.9065731167793274,0.0475460812449455,MSFT,3,5441
2023-11-17,0.0441513173282146,0.4509648382663727,0.5048838257789612,MSFT,2,5442
2023-11-17,0.0803926587104797,0.0167639032006263,0.902843415737152,AMZN,3,5443
2023-11-17,0.0803926587104797,0.0167639032006263,0.902843415737152,AMZN,4,5444
2023-11-17,0.0441513173282146,0.4509648382663727,0.5048838257789612,AAPL,5,5445
2023-11-17,0.0441513173282146,0.4509648382663727,0.5048838257789612,AMZN,5,5446
2023-11-17,0.0441513173282146,0.4509648382663727,0.5048838257789612,MSFT,3,5447
2023-11-17,0.0441513173282146,0.4509648382663727,0.5048838257789612,AMZN,3,5448
2023-11-17,0.0441513173282146,0.4509648382663727,0.5048838257789612,MSFT,2,5449
2023-11-17,0.0617030672729015,0.8763246536254883,0.0619723014533519,GOOG,3,5450
2023-11-17,0.0617030672729015,0.8763246536254883,0.0619723014533519,SPY,3,5451
2023-11-17,0.1156754046678543,0.8550135493278503,0.0293109938502311,GS,3,5452
2023-11-17,0.0458808094263076,0.9065731167793274,0.0475460812449455,AAPL,5,5453
2023-11-17,0.0458808094263076,0.9065731167793274,0.0475460812449455,AMZN,3,5454
2023-11-17,0.0458808094263076,0.9065731167793274,0.0475460812449455,MSFT,4,5455
2023-11-17,0.0458808094263076,0.9065731167793274,0.0475460812449455,AAPL,4,5456
2023-11-17,0.0458808094263076,0.9065731167793274,0.0475460812449455,AMZN,3,5457
2023-11-17,0.0458808094263076,0.9065731167793274,0.0475460812449455,MSFT,2,5458
2023-11-17,0.0458808094263076,0.9065731167793274,0.0475460812449455,AAPL,3,5459
2023-11-17,0.0458808094263076,0.9065731167793274,0.0475460812449455,AMZN,3,5460
2023-11-17,0.0458808094263076,0.9065731167793274,0.0475460812449455,MSFT,3,5461
2023-11-17,0.0441513173282146,0.4509648382663727,0.5048838257789612,AAPL,4,5462
2023-11-17,0.0441513173282146,0.4509648382663727,0.5048838257789612,MSFT,3,5463
2023-11-17,0.0617030672729015,0.8763246536254883,0.0619723014533519,GOOG,3,5464
2023-11-17,0.0617030672729015,0.8763246536254883,0.0619723014533519,SPY,3,5465
2023-11-17,0.0458808094263076,0.9065731167793274,0.0475460812449455,AAPL,4,5466
2023-11-17,0.0458808094263076,0.9065731167793274,0.0475460812449455,AMZN,3,5467
2023-11-17,0.0458808094263076,0.9065731167793274,0.0475460812449455,MSFT,3,5468
2023-11-17,0.0617030672729015,0.8763246536254883,0.0619723014533519,GOOG,5,5469
2023-11-17,0.0617030672729015,0.8763246536254883,0.0619723014533519,SPY,2,5470
2023-11-17,0.0441513173282146,0.4509648382663727,0.5048838257789612,AMZN,4,5471
2023-11-17,0.0441513173282146,0.4509648382663727,0.5048838257789612,MSFT,3,5472
2023-11-17,0.0441513173282146,0.4509648382663727,0.5048838257789612,AAPL,3,5473
2023-11-17,0.0441513173282146,0.4509648382663727,0.5048838257789612,AMZN,5,5474
2023-11-17,0.0441513173282146,0.4509648382663727,0.5048838257789612,MSFT,4,5475
2023-11-17,0.0617030672729015,0.8763246536254883,0.0619723014533519,GOOG,3,5476
2023-11-17,0.0617030672729015,0.8763246536254883,0.0619723014533519,SPY,3,5477
2023-11-17,0.1156754046678543,0.8550135493278503,0.0293109938502311,GS,2,5478
2023-11-17,0.0458808094263076,0.9065731167793274,0.0475460812449455,AAPL,1,5479
2023-11-17,0.0458808094263076,0.9065731167793274,0.0475460812449455,AMZN,4,5480
2023-11-17,0.0458808094263076,0.9065731167793274,0.0475460812449455,MSFT,5,5481
2023-11-17,0.0441513173282146,0.4509648382663727,0.5048838257789612,AAPL,1,5482
2023-11-17,0.0441513173282146,0.4509648382663727,0.5048838257789612,MSFT,5,5483
2023-11-17,0.0803926587104797,0.0167639032006263,0.902843415737152,AMZN,5,5484
2023-11-17,0.0617030672729015,0.8763246536254883,0.0619723014533519,GOOG,4,5485
2023-11-17,0.0617030672729015,0.8763246536254883,0.0619723014533519,SPY,5,5486
2023-11-17,0.1156754046678543,0.8550135493278503,0.0293109938502311,GS,5,5487
2023-11-17,0.0458808094263076,0.9065731167793274,0.0475460812449455,AAPL,1,5488
2023-11-17,0.0458808094263076,0.9065731167793274,0.0475460812449455,AMZN,1,5489
2023-11-17,0.0458808094263076,0.9065731167793274,0.0475460812449455,MSFT,3,5490
2023-11-17,0.1156754046678543,0.8550135493278503,0.0293109938502311,GS,3,5491
2023-11-17,0.0617030672729015,0.8763246536254883,0.0619723014533519,GOOG,5,5492
2023-11-17,0.0617030672729015,0.8763246536254883,0.0619723014533519,SPY,5,5493
2023-11-17,0.0608068816363811,0.9241270422935486,0.0150660956278443,UBER,3,5494
2023-11-17,0.0458808094263076,0.9065731167793274,0.0475460812449455,AAPL,3,5495
2023-11-17,0.0458808094263076,0.9065731167793274,0.0475460812449455,AMZN,3,5496
2023-11-17,0.0803926587104797,0.0167639032006263,0.902843415737152,AMZN,4,5497
2023-11-17,0.0327851325273513,0.9382527470588684,0.0289621725678443,AMD,3,5498
2023-11-17,0.0458808094263076,0.9065731167793274,0.0475460812449455,AAPL,3,5499
2023-11-17,0.0458808094263076,0.9065731167793274,0.0475460812449455,AMZN,4,5500
2023-11-17,0.0458808094263076,0.9065731167793274,0.0475460812449455,MSFT,3,5501
2023-11-17,0.952512264251709,0.0318210981786251,0.0156666133552789,NVDA,1,5502
2023-11-17,0.0643762871623039,0.9189423322677612,0.0166814103722572,NVDA,3,5503
2023-11-17,0.0327851325273513,0.9382527470588684,0.0289621725678443,AMD,3,5504
2023-11-17,0.0458808094263076,0.9065731167793274,0.0475460812449455,AAPL,3,5505
2023-11-17,0.0458808094263076,0.9065731167793274,0.0475460812449455,AMZN,5,5506
2023-11-17,0.0458808094263076,0.9065731167793274,0.0475460812449455,MSFT,5,5507
2023-11-17,0.0803926587104797,0.0167639032006263,0.902843415737152,AMZN,3,5508
2023-11-17,0.0458808094263076,0.9065731167793274,0.0475460812449455,AAPL,5,5509
2023-11-17,0.0458808094263076,0.9065731167793274,0.0475460812449455,AMZN,5,5510
2023-11-17,0.0458808094263076,0.9065731167793274,0.0475460812449455,MSFT,4,5511
2023-11-17,0.0803926587104797,0.0167639032006263,0.902843415737152,AMZN,3,5512
2023-11-17,0.0993607118725776,0.8846733570098877,0.0159659218043088,AAPL,4,5513
2023-11-17,0.0617030672729015,0.8763246536254883,0.0619723014533519,GOOG,3,5514
2023-11-17,0.0617030672729015,0.8763246536254883,0.0619723014533519,SPY,3,5515
2023-11-17,0.1156754046678543,0.8550135493278503,0.0293109938502311,GS,3,5516
2023-11-17,0.0153559725731611,0.1574207544326782,0.8272232413291931,F,3,5517
2023-11-17,0.0436064042150974,0.9361853003501892,0.0202082283794879,F,5,5518
2023-11-17,0.0441513173282146,0.4509648382663727,0.5048838257789612,AMZN,3,5519
2023-11-17,0.0441513173282146,0.4509648382663727,0.5048838257789612,MSFT,3,5520
2023-11-17,0.1067045778036117,0.8769480586051941,0.0163473132997751,MSFT,4,5521
2023-11-17,0.0458808094263076,0.9065731167793274,0.0475460812449455,AAPL,3,5522
2023-11-17,0.1477311104536056,0.840601921081543,0.0116669228300452,TSLA,3,5523
2023-11-17,0.0340484715998172,0.935965657234192,0.0299858953803777,TSLA,3,5524
2023-11-17,0.2551019191741943,0.6189466118812561,0.1259515285491943,F,5,5525
2023-11-17,0.0344409681856632,0.2819456160068512,0.6836134195327759,TSLA,5,5526
2023-11-17,0.1156754046678543,0.8550135493278503,0.0293109938502311,GS,4,5527
2023-11-17,0.0153559725731611,0.1574207544326782,0.8272232413291931,TSLA,3,5528
2023-11-17,0.0458808094263076,0.9065731167793274,0.0475460812449455,AAPL,1,5529
2023-11-17,0.0458808094263076,0.9065731167793274,0.0475460812449455,AMZN,4,5530
2023-11-17,0.0458808094263076,0.9065731167793274,0.0475460812449455,MSFT,3,5531
2023-11-17,0.0617030672729015,0.8763246536254883,0.0619723014533519,GOOG,3,5532
2023-11-17,0.0617030672729015,0.8763246536254883,0.0619723014533519,SPY,4,5533
2023-11-17,0.408849686384201,0.4414899349212646,0.1496603488922119,F,3,5534
2023-11-17,0.0617030672729015,0.8763246536254883,0.0619723014533519,GOOG,5,5535
2023-11-17,0.1156754046678543,0.8550135493278503,0.0293109938502311,GS,5,5536
2023-11-17,0.0458808094263076,0.9065731167793274,0.0475460812449455,AAPL,1,5537
2023-11-17,0.0458808094263076,0.9065731167793274,0.0475460812449455,AMZN,3,5538
2023-11-17,0.0458808094263076,0.9065731167793274,0.0475460812449455,MSFT,4,5539
2023-11-17,0.1156754046678543,0.8550135493278503,0.0293109938502311,GS,4,5540
2023-11-17,0.0458808094263076,0.9065731167793274,0.0475460812449455,AAPL,3,5541
2023-11-17,0.0458808094263076,0.9065731167793274,0.0475460812449455,MSFT,3,5542
2023-11-17,0.1156754046678543,0.8550135493278503,0.0293109938502311,GS,2,5543
2023-11-17,0.0106389019638299,0.0421766862273216,0.9471843838691713,MSFT,4,5544
2023-11-17,0.0458808094263076,0.9065731167793274,0.0475460812449455,AAPL,5,5545
2023-11-17,0.0458808094263076,0.9065731167793274,0.0475460812449455,AMZN,3,5546
2023-11-17,0.0458808094263076,0.9065731167793274,0.0475460812449455,MSFT,3,5547
2023-11-17,0.0803926587104797,0.0167639032006263,0.902843415737152,AMZN,4,5548
2023-11-17,0.0327851325273513,0.9382527470588684,0.0289621725678443,AMD,5,5549
2023-11-17,0.0617030672729015,0.8763246536254883,0.0619723014533519,GOOG,5,5550
2023-11-17,0.0617030672729015,0.8763246536254883,0.0619723014533519,SPY,3,5551
2023-11-17,0.8293479084968567,0.050824649631977,0.1198274791240692,AMZN,3,5552
2023-11-17,0.8293479084968567,0.050824649631977,0.1198274791240692,WMT,3,5553
2023-11-17,0.3556868135929107,0.0890426859259605,0.5552704930305481,AMZN,2,5554
2023-11-17,0.8293479084968567,0.050824649631977,0.1198274791240692,AMZN,3,5555
2023-11-17,0.8293479084968567,0.050824649631977,0.1198274791240692,WMT,3,5556
2023-11-17,0.0803926587104797,0.0167639032006263,0.902843415737152,AMZN,3,5557
2023-11-17,0.0441513173282146,0.4509648382663727,0.5048838257789612,AAPL,1,5558
2023-11-17,0.0441513173282146,0.4509648382663727,0.5048838257789612,AMZN,3,5559
2023-11-17,0.0458808094263076,0.9065731167793274,0.0475460812449455,AAPL,5,5560
2023-11-17,0.0458808094263076,0.9065731167793274,0.0475460812449455,AMZN,3,5561
2023-11-17,0.0458808094263076,0.9065731167793274,0.0475460812449455,MSFT,4,5562
2023-11-17,0.0415947996079921,0.9373915195465088,0.021013731136918,GS,5,5563
2023-11-17,0.0617030672729015,0.8763246536254883,0.0619723014533519,GOOG,3,5564
2023-11-17,0.0617030672729015,0.8763246536254883,0.0619723014533519,SPY,3,5565
2023-11-17,0.408849686384201,0.4414899349212646,0.1496603488922119,F,3,5566
2023-11-17,0.0205078814178705,0.9179990887641908,0.0614930428564548,GS,2,5567
2023-11-17,0.0529584251344203,0.917403757572174,0.0296378452330827,GS,3,5568
2023-11-17,0.0617030672729015,0.8763246536254883,0.0619723014533519,GOOG,1,5569
2023-11-17,0.0617030672729015,0.8763246536254883,0.0619723014533519,SPY,1,5570
2023-11-17,0.0617030672729015,0.8763246536254883,0.0619723014533519,GOOG,5,5571
2023-11-17,0.0617030672729015,0.8763246536254883,0.0619723014533519,SPY,4,5572
2023-11-17,0.0109626902267336,0.0511537231504917,0.9378835558891296,AMZN,3,5573
2023-11-17,0.2137060165405273,0.7535265684127808,0.032767429947853,AMZN,3,5574
2023-11-17,0.1156754046678543,0.8550135493278503,0.0293109938502311,GS,1,5575
2023-11-17,0.0441513173282146,0.4509648382663727,0.5048838257789612,MSFT,1,5576
2023-11-17,0.0441513173282146,0.4509648382663727,0.5048838257789612,AAPL,3,5577
2023-11-17,0.0803926587104797,0.0167639032006263,0.902843415737152,AMZN,4,5578
2023-11-17,0.2551019191741943,0.6189466118812561,0.1259515285491943,F,4,5579
2023-11-18,0.0194913670420646,0.5022454857826233,0.4782631397247314,MSFT,5,5580
2023-11-18,0.0529154539108276,0.9223111271858216,0.0247733853757381,AAPL,3,5581
2023-11-18,0.0194359235465526,0.482323557138443,0.4982405304908752,AAPL,1,5582
2023-11-18,0.0194359235465526,0.482323557138443,0.4982405304908752,AAPL,5,5583
2023-11-19,0.1153355836868286,0.868395209312439,0.0162692554295063,AAPL,5,5584
2023-11-19,0.1080253422260284,0.8756822943687439,0.0162923634052276,MSFT,5,5585
2023-11-19,0.0325140878558158,0.9405179023742676,0.0269679967314004,GS,1,5586
2023-11-19,0.0619815476238727,0.9229854941368104,0.0150329694151878,UBER,3,5587
2023-11-19,0.0522939264774322,0.9272764325141908,0.0204296149313449,TSLA,5,5588
2023-11-19,0.0381889007985591,0.2096678465604782,0.7521433234214783,TSLA,3,5589
2023-11-19,0.0200020764023065,0.4717536866664886,0.5082442760467529,MSFT,1,5590
2023-11-20,0.8510079383850098,0.0379183329641819,0.1110737472772598,AMZN,3,5591
2023-11-20,0.8510079383850098,0.0379183329641819,0.1110737472772598,MSFT,3,5592
2023-11-20,0.0304350964725017,0.945381999015808,0.0241829566657543,SPY,3,5593
2023-11-20,0.9041633605957032,0.0570491552352905,0.0387874767184257,MSFT,5,5594
2023-11-20,0.9041633605957032,0.0570491552352905,0.0387874767184257,UBER,4,5595
2023-11-20,0.0421833172440528,0.934325397014618,0.0234912391752004,MSFT,3,5596
2023-11-20,0.0421833172440528,0.934325397014618,0.0234912391752004,NVDA,3,5597
2023-11-20,0.8510079383850098,0.0379183329641819,0.1110737472772598,AMZN,5,5598
2023-11-20,0.8510079383850098,0.0379183329641819,0.1110737472772598,AMZN,5,5599
2023-11-20,0.0541752353310585,0.9272989630699158,0.0185257643461227,MSFT,3,5600
2023-11-20,0.8510079383850098,0.0379183329641819,0.1110737472772598,AMZN,3,5601
2023-11-20,0.8510079383850098,0.0379183329641819,0.1110737472772598,MSFT,3,5602
2023-11-20,0.0262096598744392,0.8123216032981873,0.1614687442779541,AMZN,5,5603
2023-11-20,0.0262096598744392,0.8123216032981873,0.1614687442779541,MSFT,3,5604
2023-11-20,0.8510079383850098,0.0379183329641819,0.1110737472772598,AMZN,1,5605
2023-11-20,0.0416023880243301,0.937353789806366,0.0210438482463359,GS,1,5606
2023-11-20,0.0297076385468244,0.9516193270683287,0.0186731051653623,UBER,3,5607
2023-11-20,0.8510079383850098,0.0379183329641819,0.1110737472772598,AMZN,3,5608
2023-11-20,0.8510079383850098,0.0379183329641819,0.1110737472772598,MSFT,3,5609
2023-11-20,0.8510079383850098,0.0379183329641819,0.1110737472772598,AMZN,3,5610
2023-11-20,0.8510079383850098,0.0379183329641819,0.1110737472772598,MSFT,3,5611
2023-11-20,0.9152419567108154,0.0693675205111503,0.0153904594480991,MSFT,5,5612
2023-11-20,0.9152419567108154,0.0693675205111503,0.0153904594480991,UBER,3,5613
2023-11-20,0.7993131279945374,0.1849571615457534,0.0157297439873218,TSLA,5,5614
2023-11-20,0.0592581741511821,0.9046742916107178,0.0360675454139709,AAPL,4,5615
2023-11-20,0.9041633605957032,0.0570491552352905,0.0387874767184257,MSFT,5,5616
2023-11-20,0.8510079383850098,0.0379183329641819,0.1110737472772598,AMZN,5,5617
2023-11-20,0.0421833172440528,0.934325397014618,0.0234912391752004,MSFT,3,5618
2023-11-20,0.0421833172440528,0.934325397014618,0.0234912391752004,NVDA,5,5619
2023-11-20,0.9047531485557556,0.0779709368944168,0.0172759294509887,UBER,4,5620
2023-11-20,0.8510079383850098,0.0379183329641819,0.1110737472772598,MSFT,3,5621
2023-11-20,0.8510079383850098,0.0379183329641819,0.1110737472772598,AMZN,3,5622
2023-11-20,0.0262096598744392,0.8123216032981873,0.1614687442779541,MSFT,3,5623
2023-11-20,0.9047531485557556,0.0779709368944168,0.0172759294509887,MSFT,4,5624
2023-11-20,0.8223094940185547,0.0321161188185215,0.1455743759870529,AMZN,2,5625
2023-11-20,0.0181782338768243,0.2456791996955871,0.7361425757408142,MSFT,5,5626
2023-11-21,0.0706532150506973,0.8571122288703918,0.0722345486283302,WMT,3,5627
2023-11-21,0.0543073937296867,0.91133713722229,0.0343554615974426,WMT,3,5628
2023-11-21,0.0243486911058425,0.0169665347784757,0.9586848020553588,F,4,5629
2023-11-21,0.0243486911058425,0.0169665347784757,0.9586848020553588,NVDA,5,5630
2023-11-21,0.0887811854481697,0.7567446231842041,0.1544742137193679,DIS,3,5631
2023-11-21,0.0868802964687347,0.8957838416099548,0.0173358302563428,AMZN,3,5632
2023-11-21,0.8899069428443909,0.0925424098968505,0.017550591379404,NVDA,3,5633
2023-11-21,0.1669699549674987,0.8056212067604065,0.0274088010191917,NVDA,4,5634
2023-11-21,0.0887811854481697,0.7567446231842041,0.1544742137193679,DIS,3,5635
2023-11-21,0.0887811854481697,0.7567446231842041,0.1544742137193679,DIS,2,5636
2023-11-21,0.0243486911058425,0.0169665347784757,0.9586848020553588,NVDA,3,5637
2023-11-21,0.0999814569950103,0.8511624932289124,0.0488560125231742,WMT,3,5638
2023-11-21,0.0119695365428924,0.0157891809940338,0.972241222858429,AMD,1,5639
2023-11-21,0.0119695365428924,0.0157891809940338,0.972241222858429,MSFT,4,5640
2023-11-21,0.0627301037311554,0.921406090259552,0.0158637855201959,NVDA,5,5641
2023-11-21,0.0887811854481697,0.7567446231842041,0.1544742137193679,DIS,2,5642
2023-11-21,0.0392389260232448,0.9354722499847412,0.0252887569367885,NVDA,3,5643
2023-11-21,0.8281895518302917,0.1645247042179107,0.0072857295162975,MSFT,5,5644
2023-11-21,0.8281895518302917,0.1645247042179107,0.0072857295162975,NVDA,4,5645
2023-11-21,0.0887811854481697,0.7567446231842041,0.1544742137193679,DIS,5,5646
2023-11-21,0.018420385196805,0.9390088319778442,0.0425708293914794,NVDA,5,5647
2023-11-21,0.0399896912276744,0.5841364860534668,0.3758737444877624,NVDA,5,5648
2023-11-21,0.0243486911058425,0.0169665347784757,0.9586848020553588,NVDA,4,5649
2023-11-21,0.0233938954770565,0.484121710062027,0.4924843311309814,AMZN,4,5650
2023-11-21,0.0404759012162685,0.9403709173202516,0.0191531926393508,UBER,5,5651
2023-11-21,0.0706532150506973,0.8571122288703918,0.0722345486283302,WMT,3,5652
2023-11-21,0.0999814569950103,0.8511624932289124,0.0488560125231742,WMT,3,5653
2023-11-21,0.0473471172153949,0.9303194880485536,0.0223333854228258,NVDA,5,5654
2023-11-21,0.7480445504188538,0.2228137254714965,0.0291417259722948,AMZN,5,5655
2023-11-21,0.0401141531765461,0.9402663707733154,0.0196194555610418,F,5,5656
2023-11-21,0.0157486442476511,0.0387561321258544,0.9454951882362366,F,2,5657
2023-11-21,0.1669699549674987,0.8056212067604065,0.0274088010191917,NVDA,3,5658
2023-11-21,0.0887811854481697,0.7567446231842041,0.1544742137193679,DIS,2,5659
2023-11-21,0.0887811854481697,0.7567446231842041,0.1544742137193679,DIS,1,5660
2023-11-21,0.0243486911058425,0.0169665347784757,0.9586848020553588,F,5,5661
2023-11-21,0.0243486911058425,0.0169665347784757,0.9586848020553588,F,4,5662
2023-11-21,0.0243486911058425,0.0169665347784757,0.9586848020553588,NVDA,5,5663
2023-11-21,0.1067389771342277,0.8776153326034546,0.0156457219272851,MSFT,4,5664
2023-11-21,0.0313012450933456,0.6542869210243225,0.3144118189811706,MSFT,2,5665
2023-11-21,0.0243486911058425,0.0169665347784757,0.9586848020553588,NVDA,3,5666
2023-11-21,0.0243486911058425,0.0169665347784757,0.9586848020553588,NVDA,3,5667
2023-11-21,0.0450106039643287,0.7457782626152039,0.2092111110687255,F,3,5668
2023-11-21,0.0243486911058425,0.0169665347784757,0.9586848020553588,F,5,5669
2023-11-21,0.0243486911058425,0.0169665347784757,0.9586848020553588,NVDA,3,5670
2023-11-21,0.0119692245498299,0.0188894681632518,0.9691413044929504,MSFT,5,5671
2023-11-21,0.0887811854481697,0.7567446231842041,0.1544742137193679,DIS,3,5672
2023-11-21,0.0315684154629707,0.9183276295661926,0.0501039735972881,MSFT,5,5673
2023-11-21,0.0887811854481697,0.7567446231842041,0.1544742137193679,DIS,5,5674
2023-11-21,0.181938886642456,0.7158128619194031,0.1022482141852378,NVDA,2,5675
2023-11-21,0.0243486911058425,0.0169665347784757,0.9586848020553588,NVDA,3,5676
2023-11-21,0.0157052315771579,0.0383063293993473,0.9459884166717528,TSLA,5,5677
2023-11-21,0.0887811854481697,0.7567446231842041,0.1544742137193679,DIS,2,5678
2023-11-21,0.0243486911058425,0.0169665347784757,0.9586848020553588,NVDA,4,5679
2023-11-21,0.0243486911058425,0.0169665347784757,0.9586848020553588,F,3,5680
2023-11-21,0.7272067666053772,0.2282071113586425,0.0445861257612705,AAPL,3,5681
2023-11-21,0.1006814688444137,0.8836430311203003,0.0156754534691572,AAPL,3,5682
2023-11-21,0.0887811854481697,0.7567446231842041,0.1544742137193679,DIS,3,5683
2023-11-21,0.1017160862684249,0.8632258772850037,0.0350580252707004,DIS,5,5684
2023-11-21,0.0887811854481697,0.7567446231842041,0.1544742137193679,DIS,4,5685
2023-11-22,0.1090688481926918,0.8594816327095032,0.0314495079219341,BRK,3,5686
2023-11-22,0.0448600389063358,0.4393757283687591,0.5157642364501953,WMT,3,5687
2023-11-22,0.1070814952254295,0.8517868518829346,0.041131641715765,TSLA,4,5688
2023-11-22,0.1090688481926918,0.8594816327095032,0.0314495079219341,BRK,3,5689
2023-11-22,0.0448600389063358,0.4393757283687591,0.5157642364501953,WMT,5,5690
2023-11-22,0.0427602939307689,0.9357656240463256,0.0214741397649049,F,3,5691
2023-11-22,0.0427602939307689,0.9357656240463256,0.0214741397649049,MSFT,4,5692
2023-11-22,0.0990746319293975,0.8848142623901367,0.0161111522465944,MSFT,3,5693
2023-11-22,0.1090688481926918,0.8594816327095032,0.0314495079219341,BRK,3,5694
2023-11-22,0.1070814952254295,0.8517868518829346,0.041131641715765,TSLA,4,5695
2023-11-22,0.5967159867286682,0.0305790919810533,0.3727049529552459,MSFT,3,5696
2023-11-22,0.5967159867286682,0.0305790919810533,0.3727049529552459,NVDA,5,5697
2023-11-22,0.1085643395781517,0.0227793976664543,0.8686562180519104,MSFT,5,5698
2023-11-22,0.1085643395781517,0.0227793976664543,0.8686562180519104,NVDA,2,5699
2023-11-22,0.1090688481926918,0.8594816327095032,0.0314495079219341,BRK,3,5700
2023-11-22,0.0448600389063358,0.4393757283687591,0.5157642364501953,WMT,2,5701
2023-11-22,0.5748687982559204,0.4127269089221954,0.0124042760580778,AMZN,1,5702
2023-11-22,0.5748687982559204,0.4127269089221954,0.0124042760580778,MSFT,3,5703
2023-11-22,0.5748687982559204,0.4127269089221954,0.0124042760580778,NVDA,5,5704
2023-11-22,0.0448600389063358,0.4393757283687591,0.5157642364501953,WMT,4,5705
2023-11-22,0.0487699024379253,0.9320802092552184,0.019149849191308,AMZN,4,5706
2023-11-22,0.0448600389063358,0.4393757283687591,0.5157642364501953,WMT,3,5707
2023-11-22,0.8010131120681763,0.0627081617712974,0.136278748512268,MSFT,5,5708
2023-11-22,0.0316155515611171,0.0805621519684791,0.8878223299980164,AMD,3,5709
2023-11-22,0.0448600389063358,0.4393757283687591,0.5157642364501953,WMT,1,5710
2023-11-22,0.0448600389063358,0.4393757283687591,0.5157642364501953,WMT,2,5711
2023-11-22,0.1090688481926918,0.8594816327095032,0.0314495079219341,BRK,4,5712
2023-11-22,0.1070814952254295,0.8517868518829346,0.041131641715765,TSLA,1,5713
2023-11-22,0.1090688481926918,0.8594816327095032,0.0314495079219341,BRK,5,5714
2023-11-22,0.0487699024379253,0.9320802092552184,0.019149849191308,AMZN,4,5715
2023-11-22,0.1070814952254295,0.8517868518829346,0.041131641715765,TSLA,1,5716
2023-11-22,0.5967159867286682,0.0305790919810533,0.3727049529552459,MSFT,1,5717
2023-11-22,0.5967159867286682,0.0305790919810533,0.3727049529552459,NVDA,5,5718
2023-11-22,0.063722513616085,0.921884298324585,0.0143931554630398,UBER,3,5719
2023-11-22,0.0487699024379253,0.9320802092552184,0.019149849191308,AMZN,3,5720
2023-11-22,0.0427602939307689,0.9357656240463256,0.0214741397649049,F,4,5721
2023-11-22,0.0427602939307689,0.9357656240463256,0.0214741397649049,MSFT,5,5722
2023-11-22,0.1090688481926918,0.8594816327095032,0.0314495079219341,BRK,4,5723
2023-11-22,0.0448600389063358,0.4393757283687591,0.5157642364501953,WMT,4,5724
2023-11-22,0.1090688481926918,0.8594816327095032,0.0314495079219341,BRK,3,5725
2023-11-22,0.1038243174552917,0.8802880644798279,0.0158876497298479,AAPL,4,5726
2023-11-22,0.1070814952254295,0.8517868518829346,0.041131641715765,TSLA,2,5727
2023-11-22,0.0487699024379253,0.9320802092552184,0.019149849191308,AMZN,4,5728
2023-11-22,0.0427602939307689,0.9357656240463256,0.0214741397649049,MSFT,3,5729
2023-11-22,0.1090688481926918,0.8594816327095032,0.0314495079219341,BRK,2,5730
2023-11-22,0.0448600389063358,0.4393757283687591,0.5157642364501953,WMT,3,5731
2023-11-22,0.1090688481926918,0.8594816327095032,0.0314495079219341,BRK,3,5732
2023-11-22,0.1090688481926918,0.8594816327095032,0.0314495079219341,BRK,1,5733
2023-11-22,0.1070814952254295,0.8517868518829346,0.041131641715765,TSLA,1,5734
2023-11-22,0.1070814952254295,0.8517868518829346,0.041131641715765,TSLA,1,5735
2023-11-22,0.1090688481926918,0.8594816327095032,0.0314495079219341,BRK,1,5736
2023-11-22,0.1070814952254295,0.8517868518829346,0.041131641715765,TSLA,4,5737
2023-11-22,0.1090688481926918,0.8594816327095032,0.0314495079219341,BRK,4,5738
2023-11-22,0.0591272227466106,0.9237479567527772,0.0171248279511928,NVDA,4,5739
2023-11-22,0.0448600389063358,0.4393757283687591,0.5157642364501953,WMT,3,5740
2023-11-22,0.1070814952254295,0.8517868518829346,0.041131641715765,TSLA,5,5741
2023-11-22,0.5748687982559204,0.4127269089221954,0.0124042760580778,NVDA,3,5742
2023-11-22,0.0316155515611171,0.0805621519684791,0.8878223299980164,AMD,3,5743
2023-11-22,0.0213572159409523,0.9396597743034364,0.0389829650521278,NVDA,3,5744
2023-11-22,0.1070814952254295,0.8517868518829346,0.041131641715765,TSLA,3,5745
2023-11-22,0.0458484143018722,0.9270138740539552,0.027137728407979,NVDA,4,5746
2023-11-22,0.1085643395781517,0.0227793976664543,0.8686562180519104,MSFT,1,5747
2023-11-23,0.0596308670938015,0.9251351356506348,0.0152340149506926,UBER,3,5748
2023-11-23,0.0613421611487865,0.9221595525741576,0.0164983104914426,NVDA,3,5749
2023-11-23,0.0475788116455078,0.9228587746620178,0.0295623876154422,AMZN,3,5750
2023-11-23,0.0489154495298862,0.4430718421936035,0.5080126523971558,AMZN,3,5751
2023-11-23,0.1084655299782753,0.8755375742912292,0.0159968975931406,AMZN,3,5752
2023-11-24,0.0240860786288976,0.0135642411187291,0.9623497128486632,NVDA,2,5753
2023-11-24,0.8565689325332642,0.1353662610054016,0.0080647934228181,AAPL,5,5754
2023-11-24,0.8565689325332642,0.1353662610054016,0.0080647934228181,NVDA,3,5755
2023-11-24,0.0992884933948516,0.8847249150276184,0.0159865524619817,AAPL,5,5756
2023-11-24,0.8565689325332642,0.1353662610054016,0.0080647934228181,AAPL,2,5757
2023-11-24,0.8565689325332642,0.1353662610054016,0.0080647934228181,NVDA,3,5758
2023-11-24,0.8565689325332642,0.1353662610054016,0.0080647934228181,AAPL,3,5759
2023-11-24,0.8565689325332642,0.1353662610054016,0.0080647934228181,NVDA,5,5760
2023-11-24,0.0240860786288976,0.0135642411187291,0.9623497128486632,NVDA,4,5761
2023-11-24,0.0240860786288976,0.0135642411187291,0.9623497128486632,NVDA,3,5762
2023-11-24,0.8565689325332642,0.1353662610054016,0.0080647934228181,AAPL,5,5763
2023-11-24,0.8565689325332642,0.1353662610054016,0.0080647934228181,NVDA,4,5764
2023-11-24,0.0286427810788154,0.821727454662323,0.1496298015117645,AAPL,3,5765
2023-11-24,0.8565689325332642,0.1353662610054016,0.0080647934228181,AAPL,5,5766
2023-11-24,0.8565689325332642,0.1353662610054016,0.0080647934228181,NVDA,4,5767
2023-11-24,0.3618352115154266,0.0454107336699962,0.5927540063858032,AMZN,3,5768
2023-11-24,0.8565689325332642,0.1353662610054016,0.0080647934228181,AAPL,5,5769
2023-11-24,0.8565689325332642,0.1353662610054016,0.0080647934228181,NVDA,5,5770
2023-11-24,0.0240860786288976,0.0135642411187291,0.9623497128486632,NVDA,3,5771
2023-11-24,0.8565689325332642,0.1353662610054016,0.0080647934228181,AAPL,4,5772
2023-11-24,0.8565689325332642,0.1353662610054016,0.0080647934228181,NVDA,1,5773
2023-11-24,0.0416563376784324,0.9373385310173036,0.0210051089525222,GS,3,5774
2023-11-24,0.8565689325332642,0.1353662610054016,0.0080647934228181,AAPL,4,5775
2023-11-24,0.8565689325332642,0.1353662610054016,0.0080647934228181,NVDA,3,5776
2023-11-24,0.0240860786288976,0.0135642411187291,0.9623497128486632,NVDA,3,5777
2023-11-24,0.0240860786288976,0.0135642411187291,0.9623497128486632,NVDA,5,5778
2023-11-24,0.0240860786288976,0.0135642411187291,0.9623497128486632,NVDA,5,5779
2023-11-24,0.0598110556602478,0.9249277114868164,0.0152611769735813,UBER,5,5780
2023-11-24,0.8565689325332642,0.1353662610054016,0.0080647934228181,AAPL,3,5781
2023-11-24,0.8565689325332642,0.1353662610054016,0.0080647934228181,NVDA,5,5782
2023-11-24,0.0240860786288976,0.0135642411187291,0.9623497128486632,NVDA,3,5783
2023-11-24,0.8565689325332642,0.1353662610054016,0.0080647934228181,AAPL,2,5784
2023-11-24,0.8565689325332642,0.1353662610054016,0.0080647934228181,NVDA,5,5785
2023-11-24,0.1070171594619751,0.8766213655471802,0.0163615345954895,MSFT,5,5786
2023-11-24,0.0450250506401062,0.9312569499015808,0.023717988282442,MSFT,5,5787
2023-11-24,0.0450250506401062,0.9312569499015808,0.023717988282442,NVDA,3,5788
2023-11-24,0.0240860786288976,0.0135642411187291,0.9623497128486632,NVDA,2,5789
2023-11-24,0.0074979406781494,0.0181161928921937,0.9743857979774476,MSFT,5,5790
2023-11-24,0.0074979406781494,0.0181161928921937,0.9743857979774476,NVDA,1,5791
2023-11-24,0.0074979406781494,0.0181161928921937,0.9743857979774476,NVDA,1,5792
2023-11-24,0.119633175432682,0.7680068016052246,0.1123600155115127,NVDA,3,5793
2023-11-24,0.0240860786288976,0.0135642411187291,0.9623497128486632,NVDA,3,5794
2023-11-24,0.0240860786288976,0.0135642411187291,0.9623497128486632,NVDA,3,5795
2023-11-24,0.0240860786288976,0.0135642411187291,0.9623497128486632,NVDA,4,5796
2023-11-24,0.8565689325332642,0.1353662610054016,0.0080647934228181,AAPL,4,5797
2023-11-24,0.8565689325332642,0.1353662610054016,0.0080647934228181,NVDA,3,5798
2023-11-24,0.0450250506401062,0.9312569499015808,0.023717988282442,MSFT,3,5799
2023-11-24,0.8565689325332642,0.1353662610054016,0.0080647934228181,AAPL,3,5800
2023-11-24,0.8565689325332642,0.1353662610054016,0.0080647934228181,NVDA,3,5801
2023-11-24,0.8565689325332642,0.1353662610054016,0.0080647934228181,AAPL,3,5802
2023-11-24,0.0240860786288976,0.0135642411187291,0.9623497128486632,NVDA,3,5803
2023-11-24,0.8565689325332642,0.1353662610054016,0.0080647934228181,AAPL,5,5804
2023-11-24,0.8565689325332642,0.1353662610054016,0.0080647934228181,NVDA,5,5805
2023-11-24,0.0240860786288976,0.0135642411187291,0.9623497128486632,NVDA,3,5806
2023-11-24,0.8565689325332642,0.1353662610054016,0.0080647934228181,AAPL,5,5807
2023-11-24,0.8565689325332642,0.1353662610054016,0.0080647934228181,NVDA,5,5808
2023-11-26,0.0541305728256702,0.9152390360832214,0.0306303314864635,AAPL,3,5809
2023-11-26,0.0541305728256702,0.9152390360832214,0.0306303314864635,AMZN,3,5810
2023-11-26,0.0541305728256702,0.9152390360832214,0.0306303314864635,MSFT,5,5811
2023-11-26,0.0541305728256702,0.9152390360832214,0.0306303314864635,AAPL,5,5812
2023-11-26,0.0541305728256702,0.9152390360832214,0.0306303314864635,AMZN,3,5813
2023-11-26,0.0541305728256702,0.9152390360832214,0.0306303314864635,MSFT,3,5814
2023-11-26,0.0541305728256702,0.9152390360832214,0.0306303314864635,AMZN,3,5815
2023-11-26,0.0541305728256702,0.9152390360832214,0.0306303314864635,MSFT,3,5816
2023-11-26,0.0420928187668323,0.9329207539558412,0.0249864552170038,TSLA,5,5817
2023-11-26,0.0541305728256702,0.9152390360832214,0.0306303314864635,AAPL,4,5818
2023-11-26,0.0541305728256702,0.9152390360832214,0.0306303314864635,AMZN,5,5819
2023-11-26,0.0541305728256702,0.9152390360832214,0.0306303314864635,AAPL,4,5820
2023-11-26,0.0541305728256702,0.9152390360832214,0.0306303314864635,AMZN,1,5821
2023-11-26,0.0541305728256702,0.9152390360832214,0.0306303314864635,MSFT,4,5822
2023-11-26,0.0541305728256702,0.9152390360832214,0.0306303314864635,AAPL,3,5823
2023-11-26,0.0541305728256702,0.9152390360832214,0.0306303314864635,AMZN,3,5824
2023-11-26,0.0541305728256702,0.9152390360832214,0.0306303314864635,MSFT,3,5825
2023-11-26,0.0541305728256702,0.9152390360832214,0.0306303314864635,AAPL,4,5826
2023-11-26,0.0541305728256702,0.9152390360832214,0.0306303314864635,AMZN,3,5827
2023-11-26,0.0541305728256702,0.9152390360832214,0.0306303314864635,MSFT,3,5828
2023-11-26,0.0541305728256702,0.9152390360832214,0.0306303314864635,AAPL,3,5829
2023-11-26,0.0541305728256702,0.9152390360832214,0.0306303314864635,AMZN,3,5830
2023-11-26,0.0541305728256702,0.9152390360832214,0.0306303314864635,MSFT,2,5831
2023-11-26,0.0541305728256702,0.9152390360832214,0.0306303314864635,AAPL,3,5832
2023-11-26,0.0541305728256702,0.9152390360832214,0.0306303314864635,AMZN,3,5833
2023-11-26,0.0541305728256702,0.9152390360832214,0.0306303314864635,MSFT,3,5834
2023-11-26,0.0541305728256702,0.9152390360832214,0.0306303314864635,AAPL,4,5835
2023-11-26,0.0541305728256702,0.9152390360832214,0.0306303314864635,AMZN,2,5836
2023-11-26,0.0541305728256702,0.9152390360832214,0.0306303314864635,MSFT,3,5837
2023-11-26,0.1084133386611938,0.8752976059913635,0.0162890888750553,MSFT,3,5838
2023-11-26,0.0541305728256702,0.9152390360832214,0.0306303314864635,AAPL,5,5839
2023-11-26,0.0541305728256702,0.9152390360832214,0.0306303314864635,AMZN,3,5840
2023-11-26,0.0541305728256702,0.9152390360832214,0.0306303314864635,MSFT,3,5841
2023-11-26,0.0541305728256702,0.9152390360832214,0.0306303314864635,AAPL,3,5842
2023-11-26,0.0541305728256702,0.9152390360832214,0.0306303314864635,AMZN,4,5843
2023-11-26,0.0541305728256702,0.9152390360832214,0.0306303314864635,MSFT,3,5844
2023-11-26,0.0541305728256702,0.9152390360832214,0.0306303314864635,AAPL,1,5845
2023-11-26,0.0541305728256702,0.9152390360832214,0.0306303314864635,MSFT,3,5846
2023-11-26,0.0541305728256702,0.9152390360832214,0.0306303314864635,AAPL,4,5847
2023-11-26,0.0541305728256702,0.9152390360832214,0.0306303314864635,AMZN,5,5848
2023-11-26,0.0541305728256702,0.9152390360832214,0.0306303314864635,MSFT,3,5849
2023-11-26,0.0541305728256702,0.9152390360832214,0.0306303314864635,AMZN,5,5850
2023-11-26,0.0541305728256702,0.9152390360832214,0.0306303314864635,MSFT,3,5851
2023-11-26,0.1162893623113632,0.8674225211143494,0.0162881724536418,AAPL,2,5852
2023-11-26,0.0541305728256702,0.9152390360832214,0.0306303314864635,AAPL,3,5853
2023-11-26,0.0541305728256702,0.9152390360832214,0.0306303314864635,AMZN,4,5854
2023-11-26,0.0541305728256702,0.9152390360832214,0.0306303314864635,MSFT,4,5855
2023-11-26,0.0541305728256702,0.9152390360832214,0.0306303314864635,AAPL,3,5856
2023-11-26,0.0541305728256702,0.9152390360832214,0.0306303314864635,AMZN,3,5857
2023-11-26,0.0541305728256702,0.9152390360832214,0.0306303314864635,MSFT,5,5858
2023-11-27,0.0274790544062852,0.0814454331994056,0.891075611114502,AAPL,3,5859
2023-11-27,0.0274790544062852,0.0814454331994056,0.891075611114502,AMZN,5,5860
2023-11-27,0.0274790544062852,0.0814454331994056,0.891075611114502,GS,2,5861
2023-11-27,0.0274790544062852,0.0814454331994056,0.891075611114502,NVDA,2,5862
2023-11-27,0.345929205417633,0.6320107579231262,0.0220600795000791,AMZN,3,5863
2023-11-27,0.0391802564263343,0.5786097645759583,0.3822099566459656,AMZN,3,5864
2023-11-27,0.054034799337387,0.8305216431617737,0.1154436022043228,GOOG,5,5865
2023-11-27,0.054034799337387,0.8305216431617737,0.1154436022043228,SPY,5,5866
2023-11-27,0.0569734759628772,0.842712938785553,0.1003135815262794,MSFT,4,5867
2023-11-27,0.0569734759628772,0.842712938785553,0.1003135815262794,MSFT,4,5868
2023-11-27,0.0230784695595502,0.0155798261985182,0.961341679096222,AMZN,3,5869
2023-11-27,0.054034799337387,0.8305216431617737,0.1154436022043228,GOOG,5,5870
2023-11-27,0.054034799337387,0.8305216431617737,0.1154436022043228,SPY,2,5871
2023-11-27,0.054034799337387,0.8305216431617737,0.1154436022043228,SPY,4,5872
2023-11-27,0.054034799337387,0.8305216431617737,0.1154436022043228,GOOG,4,5873
2023-11-27,0.054034799337387,0.8305216431617737,0.1154436022043228,GOOG,2,5874
2023-11-27,0.0569734759628772,0.842712938785553,0.1003135815262794,MSFT,4,5875
2023-11-27,0.0156872346997261,0.1535478681325912,0.830764889717102,TSLA,3,5876
2023-11-27,0.0091941403225064,0.0312437508255243,0.959562122821808,DIS,5,5877
2023-11-27,0.054034799337387,0.8305216431617737,0.1154436022043228,GOOG,2,5878
2023-11-27,0.014278526417911,0.0830278620123863,0.9026936292648317,TSLA,5,5879
2023-11-27,0.0524771176278591,0.2562417089939117,0.6912811398506165,AAPL,5,5880
2023-11-27,0.0524771176278591,0.2562417089939117,0.6912811398506165,AMZN,3,5881
2023-11-27,0.0524771176278591,0.2562417089939117,0.6912811398506165,NVDA,5,5882
2023-11-27,0.0077328234910964,0.0247898194938898,0.967477321624756,TSLA,3,5883
2023-11-27,0.9008268117904664,0.0893220454454422,0.009851174429059,AMZN,5,5884
2023-11-27,0.1925064325332641,0.7965471148490906,0.0109465178102254,AAPL,3,5885
2023-11-27,0.054034799337387,0.8305216431617737,0.1154436022043228,GOOG,5,5886
2023-11-27,0.054034799337387,0.8305216431617737,0.1154436022043228,SPY,5,5887
2023-11-27,0.054034799337387,0.8305216431617737,0.1154436022043228,GOOG,3,5888
2023-11-27,0.054034799337387,0.8305216431617737,0.1154436022043228,SPY,3,5889
2023-11-27,0.0274790544062852,0.0814454331994056,0.891075611114502,AAPL,3,5890
2023-11-27,0.0274790544062852,0.0814454331994056,0.891075611114502,AMZN,1,5891
2023-11-27,0.0274790544062852,0.0814454331994056,0.891075611114502,GS,3,5892
2023-11-27,0.2713901400566101,0.5435837507247925,0.1850261688232422,UBER,3,5893
2023-11-27,0.0274790544062852,0.0814454331994056,0.891075611114502,AAPL,3,5894
2023-11-27,0.0274790544062852,0.0814454331994056,0.891075611114502,AMZN,3,5895
2023-11-27,0.0274790544062852,0.0814454331994056,0.891075611114502,GS,4,5896
2023-11-27,0.0274790544062852,0.0814454331994056,0.891075611114502,NVDA,3,5897
2023-11-27,0.0415253229439258,0.9331477284431458,0.0253269337117671,NVDA,2,5898
2023-11-27,0.0569734759628772,0.842712938785553,0.1003135815262794,MSFT,3,5899
2023-11-27,0.0378300324082374,0.9369451999664308,0.0252248235046863,MSFT,4,5900
2023-11-27,0.0378300324082374,0.9369451999664308,0.0252248235046863,NVDA,5,5901
2023-11-27,0.054034799337387,0.8305216431617737,0.1154436022043228,GOOG,5,5902
2023-11-27,0.054034799337387,0.8305216431617737,0.1154436022043228,SPY,3,5903
2023-11-27,0.054034799337387,0.8305216431617737,0.1154436022043228,GOOG,4,5904
2023-11-27,0.054034799337387,0.8305216431617737,0.1154436022043228,SPY,5,5905
2023-11-27,0.0491782613098621,0.918571412563324,0.0322503112256526,GOOG,4,5906
2023-11-27,0.054034799337387,0.8305216431617737,0.1154436022043228,GOOG,2,5907
2023-11-27,0.054034799337387,0.8305216431617737,0.1154436022043228,SPY,3,5908
2023-11-27,0.0569734759628772,0.842712938785553,0.1003135815262794,MSFT,4,5909
2023-11-27,0.9218770265579224,0.0592367239296436,0.0188862793147563,DIS,3,5910
2023-11-27,0.9008268117904664,0.0893220454454422,0.009851174429059,AMZN,4,5911
2023-11-27,0.9008268117904664,0.0893220454454422,0.009851174429059,WMT,4,5912
2023-11-27,0.0524771176278591,0.2562417089939117,0.6912811398506165,AAPL,5,5913
2023-11-27,0.0524771176278591,0.2562417089939117,0.6912811398506165,AMZN,5,5914
2023-11-27,0.0524771176278591,0.2562417089939117,0.6912811398506165,NVDA,2,5915
2023-11-27,0.0569734759628772,0.842712938785553,0.1003135815262794,MSFT,3,5916
2023-11-27,0.0569734759628772,0.842712938785553,0.1003135815262794,MSFT,3,5917
2023-11-27,0.0384838543832302,0.8801285028457642,0.0813876166939735,TSLA,1,5918
2023-11-27,0.0113567458465695,0.0512588247656822,0.9373844265937804,TSLA,3,5919
2023-11-27,0.031284462660551,0.3957699835300445,0.5729455351829529,GS,5,5920
2023-11-27,0.0416908375918865,0.937293291091919,0.0210158452391624,GS,5,5921
2023-11-27,0.0364995300769805,0.9333131909370422,0.0301872938871383,AMD,3,5922
2023-11-27,0.0569734759628772,0.842712938785553,0.1003135815262794,MSFT,4,5923
2023-11-27,0.0274790544062852,0.0814454331994056,0.891075611114502,AAPL,5,5924
2023-11-27,0.0274790544062852,0.0814454331994056,0.891075611114502,AMZN,3,5925
2023-11-27,0.0274790544062852,0.0814454331994056,0.891075611114502,GS,4,5926
2023-11-27,0.0274790544062852,0.0814454331994056,0.891075611114502,NVDA,3,5927
2023-11-27,0.054034799337387,0.8305216431617737,0.1154436022043228,GOOG,4,5928
2023-11-27,0.054034799337387,0.8305216431617737,0.1154436022043228,SPY,4,5929
2023-11-27,0.054034799337387,0.8305216431617737,0.1154436022043228,SPY,5,5930
2023-11-27,0.054034799337387,0.8305216431617737,0.1154436022043228,GOOG,3,5931
2023-11-27,0.054034799337387,0.8305216431617737,0.1154436022043228,SPY,3,5932
2023-11-28,0.0224669948220253,0.2865193784236908,0.6910135746002197,DIS,3,5933
2023-11-28,0.2427912652492523,0.7455112934112549,0.0116974730044603,AMD,4,5934
2023-11-28,0.2427912652492523,0.7455112934112549,0.0116974730044603,F,5,5935
2023-11-28,0.2427912652492523,0.7455112934112549,0.0116974730044603,MSFT,3,5936
2023-11-28,0.2427912652492523,0.7455112934112549,0.0116974730044603,NVDA,3,5937
2023-11-28,0.0965144336223602,0.8908205628395081,0.0126650193706154,AMZN,1,5938
2023-11-28,0.0965144336223602,0.8908205628395081,0.0126650193706154,MSFT,5,5939
2023-11-28,0.2427912652492523,0.7455112934112549,0.0116974730044603,AMD,1,5940
2023-11-28,0.2427912652492523,0.7455112934112549,0.0116974730044603,AMZN,3,5941
2023-11-28,0.2427912652492523,0.7455112934112549,0.0116974730044603,F,2,5942
2023-11-28,0.2427912652492523,0.7455112934112549,0.0116974730044603,MSFT,4,5943
2023-11-28,0.2427912652492523,0.7455112934112549,0.0116974730044603,NVDA,3,5944
2023-11-28,0.0792240053415298,0.0206110998988151,0.9001649022102356,AMZN,3,5945
2023-11-28,0.0218677204102277,0.9160630106925964,0.0620693080127239,MSFT,3,5946
2023-11-28,0.8431665301322937,0.1428964287042617,0.0139370458200573,AMZN,4,5947
2023-11-28,0.8431665301322937,0.1428964287042617,0.0139370458200573,MSFT,3,5948
2023-11-28,0.8845320343971252,0.1019305139780044,0.0135374898090958,AMZN,5,5949
2023-11-28,0.8845320343971252,0.1019305139780044,0.0135374898090958,MSFT,5,5950
2023-11-28,0.1070489063858985,0.8772552609443665,0.0156958419829607,MSFT,3,5951
2023-11-28,0.8845320343971252,0.1019305139780044,0.0135374898090958,MSFT,3,5952
2023-11-28,0.0443194881081581,0.9236322045326232,0.0320482812821865,NVDA,5,5953
2023-11-28,0.040214579552412,0.9197129607200624,0.0400725156068801,MSFT,3,5954
2023-11-28,0.2427912652492523,0.7455112934112549,0.0116974730044603,AMD,1,5955
2023-11-28,0.2427912652492523,0.7455112934112549,0.0116974730044603,AMZN,5,5956
2023-11-28,0.2427912652492523,0.7455112934112549,0.0116974730044603,F,3,5957
2023-11-28,0.2427912652492523,0.7455112934112549,0.0116974730044603,MSFT,1,5958
2023-11-28,0.2427912652492523,0.7455112934112549,0.0116974730044603,NVDA,2,5959
2023-11-28,0.0161872524768114,0.0167028587311506,0.9671097993850708,AMZN,3,5960
2023-11-28,0.0532106757164001,0.760114312171936,0.186675027012825,MSFT,3,5961
2023-11-28,0.0161872524768114,0.0167028587311506,0.9671097993850708,AMZN,3,5962
2023-11-28,0.0318962670862674,0.920259177684784,0.0478444807231426,TSLA,1,5963
2023-11-28,0.0965144336223602,0.8908205628395081,0.0126650193706154,AMZN,3,5964
2023-11-28,0.0965144336223602,0.8908205628395081,0.0126650193706154,MSFT,5,5965
2023-11-28,0.0532106757164001,0.760114312171936,0.186675027012825,MSFT,3,5966
2023-11-28,0.1260994672775268,0.8041489124298096,0.0697516724467277,NVDA,4,5967
2023-11-28,0.0467947088181972,0.0168951712548732,0.936310052871704,AMZN,3,5968
2023-11-28,0.0443194881081581,0.9236322045326232,0.0320482812821865,MSFT,5,5969
2023-11-28,0.0443194881081581,0.9236322045326232,0.0320482812821865,NVDA,4,5970
2023-11-28,0.0532106757164001,0.760114312171936,0.186675027012825,MSFT,5,5971
2023-11-28,0.0532106757164001,0.760114312171936,0.186675027012825,MSFT,5,5972
2023-11-28,0.0467947088181972,0.0168951712548732,0.936310052871704,AMZN,1,5973
2023-11-28,0.0532106757164001,0.760114312171936,0.186675027012825,MSFT,5,5974
2023-11-28,0.0303277820348739,0.7441247701644897,0.2255474030971527,AAPL,3,5975
2023-11-28,0.0303277820348739,0.7441247701644897,0.2255474030971527,GS,5,5976
2023-11-28,0.0229641254991292,0.8628581166267395,0.1141777411103248,AAPL,4,5977
2023-11-28,0.0229641254991292,0.8628581166267395,0.1141777411103248,GS,3,5978
2023-11-28,0.0736312121152877,0.0279505401849746,0.8984181880950928,AMZN,3,5979
2023-11-28,0.0161872524768114,0.0167028587311506,0.9671097993850708,AMZN,3,5980
2023-11-28,0.0532106757164001,0.760114312171936,0.186675027012825,MSFT,5,5981
2023-11-28,0.0161872524768114,0.0167028587311506,0.9671097993850708,AMZN,3,5982
2023-11-28,0.0467947088181972,0.0168951712548732,0.936310052871704,AMZN,1,5983
2023-11-28,0.0303277820348739,0.7441247701644897,0.2255474030971527,GS,3,5984
2023-11-28,0.0467947088181972,0.0168951712548732,0.936310052871704,AMZN,5,5985
2023-11-28,0.0161872524768114,0.0167028587311506,0.9671097993850708,AMZN,3,5986
2023-11-28,0.2666441798210144,0.7167633175849915,0.0165924858301877,WMT,4,5987
2023-11-28,0.0161872524768114,0.0167028587311506,0.9671097993850708,AMZN,3,5988
2023-11-28,0.0532106757164001,0.760114312171936,0.186675027012825,MSFT,4,5989
2023-11-28,0.0467947088181972,0.0168951712548732,0.936310052871704,AMZN,5,5990
2023-11-28,0.0532106757164001,0.760114312171936,0.186675027012825,MSFT,3,5991
2023-11-28,0.0467947088181972,0.0168951712548732,0.936310052871704,AMZN,3,5992
2023-11-28,0.0161872524768114,0.0167028587311506,0.9671097993850708,AMZN,3,5993
2023-11-28,0.2427912652492523,0.7455112934112549,0.0116974730044603,AMZN,5,5994
2023-11-28,0.2427912652492523,0.7455112934112549,0.0116974730044603,F,5,5995
2023-11-28,0.2427912652492523,0.7455112934112549,0.0116974730044603,MSFT,3,5996
2023-11-28,0.2427912652492523,0.7455112934112549,0.0116974730044603,NVDA,4,5997
2023-11-28,0.0467947088181972,0.0168951712548732,0.936310052871704,AMZN,1,5998
2023-11-28,0.0532106757164001,0.760114312171936,0.186675027012825,MSFT,3,5999
2023-11-28,0.0467947088181972,0.0168951712548732,0.936310052871704,AMZN,1,6000
2023-11-28,0.1004343852400779,0.8838940262794495,0.015671519562602,AAPL,3,6001
2023-11-28,0.0161872524768114,0.0167028587311506,0.9671097993850708,AMZN,3,6002
2023-11-28,0.0161872524768114,0.0167028587311506,0.9671097993850708,AMZN,4,6003
2023-11-28,0.060348842293024,0.9244235157966614,0.0152276093140244,UBER,3,6004
2023-11-29,0.6229361891746521,0.0669625028967857,0.3101012408733368,AAPL,4,6005
2023-11-29,0.6229361891746521,0.0669625028967857,0.3101012408733368,BRK,4,6006
2023-11-29,0.9427258968353271,0.0463913641870021,0.0108826681971549,AAPL,3,6007
2023-11-29,0.1041784510016441,0.8799780607223511,0.0158435460180044,AAPL,5,6008
2023-11-29,0.0903512090444564,0.8858623504638672,0.0237863939255476,AMZN,3,6009
2023-11-29,0.0903512090444564,0.8858623504638672,0.0237863939255476,MSFT,1,6010
2023-11-29,0.6229361891746521,0.0669625028967857,0.3101012408733368,AAPL,4,6011
2023-11-29,0.6229361891746521,0.0669625028967857,0.3101012408733368,BRK,5,6012
2023-11-29,0.6229361891746521,0.0669625028967857,0.3101012408733368,GS,3,6013
2023-11-29,0.0871693789958953,0.0328184850513935,0.8800120949745178,BRK,3,6014
2023-11-29,0.0633760243654251,0.9221549034118652,0.0144690871238708,UBER,5,6015
2023-11-29,0.0825956836342811,0.849887490272522,0.067516803741455,DIS,2,6016
2023-11-29,0.0903512090444564,0.8858623504638672,0.0237863939255476,AMZN,4,6017
2023-11-29,0.0903512090444564,0.8858623504638672,0.0237863939255476,MSFT,4,6018
2023-11-29,0.0825956836342811,0.849887490272522,0.067516803741455,DIS,5,6019
2023-11-29,0.0903512090444564,0.8858623504638672,0.0237863939255476,AMZN,3,6020
2023-11-29,0.0903512090444564,0.8858623504638672,0.0237863939255476,MSFT,3,6021
2023-11-29,0.0286817327141761,0.920934796333313,0.0503834523260593,DIS,5,6022
2023-11-29,0.0289243105798959,0.7723813652992249,0.1986942738294601,DIS,3,6023
2023-11-29,0.0871693789958953,0.0328184850513935,0.8800120949745178,BRK,3,6024
2023-11-29,0.0871693789958953,0.0328184850513935,0.8800120949745178,GS,3,6025
2023-11-29,0.1578608900308609,0.7600069046020508,0.0821321681141853,GS,3,6026
2023-11-29,0.6229361891746521,0.0669625028967857,0.3101012408733368,BRK,3,6027
2023-11-29,0.6229361891746521,0.0669625028967857,0.3101012408733368,BRK,3,6028
2023-11-29,0.0903512090444564,0.8858623504638672,0.0237863939255476,AMZN,4,6029
2023-11-29,0.0903512090444564,0.8858623504638672,0.0237863939255476,MSFT,3,6030
2023-11-29,0.0825956836342811,0.849887490272522,0.067516803741455,DIS,5,6031
2023-11-29,0.0825956836342811,0.849887490272522,0.067516803741455,DIS,5,6032
2023-11-29,0.0871693789958953,0.0328184850513935,0.8800120949745178,AAPL,3,6033
2023-11-29,0.0871693789958953,0.0328184850513935,0.8800120949745178,BRK,5,6034
2023-11-29,0.0871693789958953,0.0328184850513935,0.8800120949745178,GS,3,6035
2023-11-29,0.0825956836342811,0.849887490272522,0.067516803741455,DIS,5,6036
2023-11-29,0.0903512090444564,0.8858623504638672,0.0237863939255476,AMZN,5,6037
2023-11-29,0.0903512090444564,0.8858623504638672,0.0237863939255476,MSFT,3,6038
2023-11-29,0.0825956836342811,0.849887490272522,0.067516803741455,DIS,4,6039
2023-11-29,0.0447180084884166,0.9191962480545044,0.0360857620835304,WMT,3,6040
2023-11-29,0.0825956836342811,0.849887490272522,0.067516803741455,DIS,3,6041
2023-11-29,0.0321562513709068,0.9395312070846558,0.0283125676214694,AMZN,3,6042
2023-11-29,0.0321562513709068,0.9395312070846558,0.0283125676214694,NVDA,5,6043
2023-11-29,0.098999798297882,0.8849608898162842,0.0160392876714468,MSFT,5,6044
2023-11-29,0.0825956836342811,0.849887490272522,0.067516803741455,DIS,5,6045
2023-11-29,0.0903512090444564,0.8858623504638672,0.0237863939255476,AMZN,3,6046
2023-11-29,0.0903512090444564,0.8858623504638672,0.0237863939255476,MSFT,3,6047
2023-11-29,0.0588421039283275,0.9212377667427064,0.0199201423674821,AAPL,2,6048
2023-11-29,0.0590699277818203,0.9238128662109376,0.0171172004193067,NVDA,1,6049
2023-11-29,0.0588421039283275,0.9212377667427064,0.0199201423674821,AAPL,3,6050
2023-11-29,0.0903512090444564,0.8858623504638672,0.0237863939255476,AMZN,5,6051
2023-11-29,0.0903512090444564,0.8858623504638672,0.0237863939255476,MSFT,5,6052
2023-11-29,0.0825956836342811,0.849887490272522,0.067516803741455,DIS,5,6053
2023-11-29,0.0903512090444564,0.8858623504638672,0.0237863939255476,AMZN,3,6054
2023-11-29,0.0903512090444564,0.8858623504638672,0.0237863939255476,MSFT,3,6055
2023-11-29,0.0321562513709068,0.9395312070846558,0.0283125676214694,AMZN,4,6056
2023-11-29,0.0321562513709068,0.9395312070846558,0.0283125676214694,NVDA,2,6057
2023-11-29,0.0825956836342811,0.849887490272522,0.067516803741455,DIS,3,6058
2023-11-29,0.9223406314849854,0.0608807988464832,0.0167784504592418,TSLA,5,6059
2023-11-29,0.0588421039283275,0.9212377667427064,0.0199201423674821,AAPL,3,6060
2023-11-29,0.0130965132266283,0.0403729937970638,0.9465304613113404,WMT,3,6061
2023-11-29,0.0825956836342811,0.849887490272522,0.067516803741455,DIS,3,6062
2023-11-29,0.0903512090444564,0.8858623504638672,0.0237863939255476,AMZN,3,6063
2023-11-29,0.0903512090444564,0.8858623504638672,0.0237863939255476,MSFT,5,6064
2023-11-29,0.0903512090444564,0.8858623504638672,0.0237863939255476,AMZN,2,6065
2023-11-29,0.0903512090444564,0.8858623504638672,0.0237863939255476,MSFT,3,6066
2023-11-29,0.0825956836342811,0.849887490272522,0.067516803741455,DIS,3,6067
2023-11-29,0.0825956836342811,0.849887490272522,0.067516803741455,DIS,2,6068
2023-11-29,0.0903512090444564,0.8858623504638672,0.0237863939255476,AMZN,2,6069
2023-11-29,0.0903512090444564,0.8858623504638672,0.0237863939255476,MSFT,3,6070
2023-11-29,0.0393585041165351,0.936717450618744,0.0239240676164627,TSLA,3,6071
2023-11-29,0.0903512090444564,0.8858623504638672,0.0237863939255476,AMZN,5,6072
2023-11-29,0.0903512090444564,0.8858623504638672,0.0237863939255476,MSFT,3,6073
2023-11-29,0.0424017310142517,0.9383735060691832,0.0192247480154037,F,1,6074
2023-11-30,0.0628209188580513,0.9147858023643494,0.022393312305212,TSLA,5,6075
2023-11-30,0.0329819321632385,0.9412512183189392,0.0257668606936931,AMZN,5,6076
2023-11-30,0.1148141995072364,0.8688223958015442,0.0163634065538644,AAPL,4,6077
2023-11-30,0.6396380662918091,0.3493052124977112,0.0110567444935441,AAPL,3,6078
2023-11-30,0.6396380662918091,0.3493052124977112,0.0110567444935441,AMZN,3,6079
2023-11-30,0.0088551901280879,0.0306523758918046,0.9604924917221068,DIS,3,6080
2023-11-30,0.938065230846405,0.02414296194911,0.0377918593585491,BRK,3,6081
2023-11-30,0.0438105091452598,0.8694707155227661,0.0867188572883606,NVDA,3,6082
2023-11-30,0.0711211338639259,0.8271669745445251,0.1017119362950325,AMZN,2,6083
2023-11-30,0.0588687360286712,0.7906773686408997,0.1504539102315902,TSLA,3,6084
2023-11-30,0.0822013244032859,0.8792062401771545,0.0385924577713012,BRK,1,6085
2023-11-30,0.0643366351723671,0.9200464487075806,0.0156169179826974,UBER,5,6086
2023-11-30,0.0133623257279396,0.0151027841493487,0.9715349674224854,AMD,1,6087
2023-11-30,0.0133623257279396,0.0151027841493487,0.9715349674224854,NVDA,1,6088
2023-11-30,0.0116028999909758,0.0186762660741806,0.9697208404541016,AAPL,3,6089
2023-11-30,0.0751444846391677,0.87931889295578,0.0455366671085357,WMT,1,6090
2023-11-30,0.0822013244032859,0.8792062401771545,0.0385924577713012,BRK,3,6091
2023-11-30,0.0711211338639259,0.8271669745445251,0.1017119362950325,AMZN,4,6092
2023-11-30,0.108178935945034,0.8755248188972473,0.0162962544709444,MSFT,1,6093
2023-11-30,0.0116028999909758,0.0186762660741806,0.9697208404541016,AAPL,4,6094
2023-11-30,0.0116028999909758,0.0186762660741806,0.9697208404541016,GOOG,3,6095
2023-11-30,0.0328061394393444,0.5374646186828613,0.4297292232513428,MSFT,3,6096
2023-11-30,0.0822013244032859,0.8792062401771545,0.0385924577713012,BRK,4,6097
2023-11-30,0.0822013244032859,0.8792062401771545,0.0385924577713012,BRK,5,6098
2023-11-30,0.0751444846391677,0.87931889295578,0.0455366671085357,WMT,4,6099
2023-11-30,0.0822013244032859,0.8792062401771545,0.0385924577713012,BRK,1,6100
2023-11-30,0.0588687360286712,0.7906773686408997,0.1504539102315902,TSLA,5,6101
2023-11-30,0.0711211338639259,0.8271669745445251,0.1017119362950325,AMZN,3,6102
2023-11-30,0.0588687360286712,0.7906773686408997,0.1504539102315902,TSLA,3,6103
2023-11-30,0.0711211338639259,0.8271669745445251,0.1017119362950325,AMZN,3,6104
2023-11-30,0.0822013244032859,0.8792062401771545,0.0385924577713012,BRK,4,6105
2023-11-30,0.0643366351723671,0.9200464487075806,0.0156169179826974,UBER,5,6106
2023-11-30,0.0751444846391677,0.87931889295578,0.0455366671085357,WMT,1,6107
2023-11-30,0.0711211338639259,0.8271669745445251,0.1017119362950325,AMZN,3,6108
2023-11-30,0.0751444846391677,0.87931889295578,0.0455366671085357,WMT,3,6109
2023-11-30,0.0152974473312497,0.0515144243836402,0.9331880807876588,F,3,6110
2023-11-30,0.0822013244032859,0.8792062401771545,0.0385924577713012,BRK,2,6111
2023-11-30,0.0751444846391677,0.87931889295578,0.0455366671085357,WMT,4,6112
2023-11-30,0.0822013244032859,0.8792062401771545,0.0385924577713012,BRK,5,6113
2023-11-30,0.0182651728391647,0.0169638935476541,0.9647709131240844,DIS,1,6114
2023-11-30,0.0088551901280879,0.0306523758918046,0.9604924917221068,DIS,3,6115
2023-11-30,0.0274315830320119,0.5199031233787537,0.4526653289794922,DIS,4,6116
2023-11-30,0.0588687360286712,0.7906773686408997,0.1504539102315902,TSLA,3,6117
2023-11-30,0.3814218044281006,0.5863811373710632,0.0321970209479332,NVDA,3,6118
2023-11-30,0.0822013244032859,0.8792062401771545,0.0385924577713012,BRK,3,6119
2023-11-30,0.0588687360286712,0.7906773686408997,0.1504539102315902,TSLA,2,6120
2023-11-30,0.0643366351723671,0.9200464487075806,0.0156169179826974,UBER,3,6121
2023-11-30,0.0822013244032859,0.8792062401771545,0.0385924577713012,BRK,1,6122
2023-11-30,0.0751444846391677,0.87931889295578,0.0455366671085357,WMT,3,6123
2023-11-30,0.0588687360286712,0.7906773686408997,0.1504539102315902,TSLA,3,6124
2023-11-30,0.0335540771484375,0.9386826753616332,0.0277632344514131,F,2,6125
2023-11-30,0.0613323599100112,0.922163188457489,0.0165043938905,NVDA,4,6126
2023-11-30,0.0751444846391677,0.87931889295578,0.0455366671085357,WMT,1,6127
2023-11-30,0.0822013244032859,0.8792062401771545,0.0385924577713012,BRK,4,6128
2023-11-30,0.0588687360286712,0.7906773686408997,0.1504539102315902,TSLA,5,6129
2023-11-30,0.0822013244032859,0.8792062401771545,0.0385924577713012,BRK,4,6130
2023-11-30,0.0133623257279396,0.0151027841493487,0.9715349674224854,AMD,1,6131
2023-11-30,0.0133623257279396,0.0151027841493487,0.9715349674224854,NVDA,2,6132
2023-11-30,0.072100929915905,0.8230380415916443,0.1048609912395477,AAPL,3,6133
