id,author,title,selftext,num_comments,score,created_utc
1nz321q,Gabriel-p,"Santilli, ahora cabeza de lista por LLA en PBA, es un ""corrupto"" y un ""comunista"" según Milei",,0,1,2025-10-05 20:09:45
1nz31ah,DrakoXMusic1,"Milei sobre el ""COMUNISTA"" de Santilli",FUENTE: https://x.com/JMilei/status/1685312897092669440,0,5,2025-10-05 20:08:49
1nz2u9v,Lapatadegardel,Denuncian que Diego Santilli y su familia tienen 14 sociedades en paraísos fiscales,,15,2,2025-10-05 20:00:17
1nz2ric,termoymate,Milei sobre Santilli,https://x.com/JMilei/status/1676618679088291841?t=Q7zeabfJjMZLn8n545BiZw&s=19,5,12,2025-10-05 19:56:47
1nz2me5,Embarrassed_Bench445,"Milei, decepcionante","Siempre lo apoye a Javier, creo que sigue siendo la mejor opción que tenemos y que debe ser nuestro futuro, pero ya son muchas las que le perdonamos
-Libra, creo que a él lo estafaron como a los demás, no creo que haya sido a propósito 
-Mala elección de candidatos, no sé si los elige por ser su amigo, por ser un poco conocidos o si es fácil convencerlo, pero no puede ser que todos los que elige lo terminen traicionando
-3%, creo que si existe corrupción, es por parte de Karina y Javier no la quiere echar porque sería confirmar las sospechas
-Retenciones al campo, acá la pifio feo, salir a decir con orgullo que bajó las retenciones a 0, pero que sea por un mes. Y que encima a los pocos días vuelvan las retenciones porque tenían un límite, estuvo muy mal, los productores grandes se beneficiaron, los demás no
-Espert, no tuvo la culpa de su caso, pero no lo sigue complicando

De esta manera no va a poder volver a ganar las elecciones y todo el esfuerzo va a ser por nada",11,0,2025-10-05 19:50:31
1nz2lqh,YourNameNameName,Diego Santilli reemplaza a Espert como primer candidato,Fuente: https://x.com/diegosantilli/status/1974965747429642300?s=46,23,20,2025-10-05 19:49:43
1nz2ckf,nikolaibk,"Tras la baja de Espert, Diego Santilli encabezará la boleta en Provincia de Buenos Aires",,31,13,2025-10-05 19:38:16
1nz2bc6,legendone17,Ganaron los gordos se viene,Ahora es momento de bajar a Taiana por terrorista ,2,33,2025-10-05 19:36:46
1nz294l,MiserableIntern,Quien reemplazaria a Espert ?,Quien reemplazaria a Espert en la lista ?,13,12,2025-10-05 19:34:06
1nz28y6,Shot-Journalist-126,Gordo Danse se refirió a la renuncia de Espert como candidato de LLA: “La causa es infinitamente más importante que todos los individuos que la defienden. Muchos deberían tomar nota. Salvo que entre sus intereses no se encuentre el de defenderla”.,,34,17,2025-10-05 19:33:52
1nz1y5g,Drakkule,Discurso de Milei en Entre Ríos,,7,0,2025-10-05 19:20:39
1nz1c6r,msvalkyr,José Luis Espert renunció a su candidatura a diputado por la provincia de Buenos Aires,,136,75,2025-10-05 18:55:03
1nz1c43,BuffaloExtreme,Se bajo espert,,298,363,2025-10-05 18:54:57
1nz13i1,SofiaCesar,Clave fiscal siendo estudiante sin trabajo,"Hola buenas, quería consultar. Voy a pedir algo por Temu y necesito una clave fiscal nivel 2, ya descargue la app y la puedo sacar pero quería consultar. Yo soy estudiante, no tengo trabajo, ni nunca me metí con nada del arca ¿Sucede algo al darme de alta con la clave fiscal? Tipo, vale la pena? Por que yo no se si me van a pedir algo más y me manejo con muy poca plata en general jaja",2,0,2025-10-05 18:44:53
1nz11rm,Imaginary-Season-483,"Ladrón intenta de robar un dulce de leche y un queso en un supermercado chino en Ramallo, provincia de Buenos Aires.",,3,3,2025-10-05 18:42:55
1nz109p,Fair-Building9322,"""Financial Times"" señaló que los ahorristas argentinos ""drenan los dólares de Javier Milei""",,2,0,2025-10-05 18:41:16
1nz0ur2,hernannadal,Caso Machado: la Corte trata la extradición y Milei deberá definir,,2,1,2025-10-05 18:35:08
1nz0pi8,Campeondelmundo1999,"Ola de inseguridad récord en La Matanza: hay 90 robos por día, la cifra más alta desde que se tiene registro",,9,24,2025-10-05 18:29:23
1nz0npn,Either_Agent6314,Y si para votar habría que aprobar un test para demostrar que realmente estamos preparados,"Tiro una idea que sé que puede ser polémica, pero me parece que vale debatirla.
Estamos en pleno siglo XXI y seguimos votando con un sistema del siglo XIX, donde todos pueden elegir aunque no sepan cómo funciona la economía, la historia o el propio Estado.
Y después nos quejamos de que los políticos hacen campaña con frases vacías o promesas imposibles.

La propuesta sería algo así:
	•	El voto sería voluntario, pero para poder hacerlo tenés que aprobar un test gratuito y accesible sobre temas básicos (historia argentina, economía, instituciones, etc.).
	•	El test lo corrige una IA totalmente neutral, que no mide ideología ni “respuestas correctas” políticas, sino si entendés los conceptos y razonás con coherencia.
	•	Si no aprobás, no pasa nada: podés volver a intentarlo las veces que quieras, con apoyo educativo gratuito del Estado.
	•	La idea no es excluir a nadie, sino garantizar que quien vota entienda mínimamente lo que está decidiendo.

Y hay algo que me parece clave:
todos dependemos de estas decisiones.
Una persona sin conocimiento no solo se perjudica a sí misma; puede terminar condemnando al resto por ignorancia, eligiendo políticas o candidatos que arrastran a todo un país.
Eso no es justo.
Si todos compartimos las consecuencias, también deberíamos compartir el compromiso de entender qué estamos eligiendo.

Hoy hay educación pública, internet, IA y herramientas para enseñar gratis.
Entonces… si alguien no aprueba, ¿no sería más justo pensar que es por falta de interés, no por falta de oportunidades?

Imaginate una “democracia cognitiva”: donde el voto no se da por edad, sino por conciencia.
Una democracia más racional, menos manipulable y con votantes realmente informados.

⸻

¿Qué piensan?
¿Sería un avance o un peligro?
¿Podría existir una IA verdaderamente neutral para esto?
¿O el voto debe seguir siendo un derecho automático, aunque la gente no sepa nada del país que está eligiendo?",22,0,2025-10-05 18:27:21
1nz0e5t,Delsevvv,Una influencer denunció un ataque antisemita en Palermo: dijo que un hombre quiso golpearla a ella y a su bebé por ser judíos - Infobae,,7,0,2025-10-05 18:16:29
1nz05nw,MonitorNo2101,"Con 40 semanas de embarazo, extranjeros denunciaron tarifas elevadas en el Materno infantil de Salta y se fueron a Tucumán en donde la atencion es gratuita.",,27,11,2025-10-05 18:07:13
1nyzviw,sartrejp,América Latina acelera en IA: qué países lideran y por qué te afecta,,6,0,2025-10-05 17:56:26
1nyye8l,Argentinotriste,La venta de motos crece casi 40% en lo que va del año,"De la mano con el aumento del consumo, sube la venta de motos en el país.",18,18,2025-10-05 17:00:05
1nyy6no,jjarg24,Turismo Carretera en San Nicolás: La definición entre Agustín Canapino y Matías Rossi,,8,5,2025-10-05 16:51:56
1nyxw92,CiclopeTuerto,Saco un juego dentro de unos días,"Hola gordos, como dice el título en unos días saco un juego. Tiene caca, tiene meo, tiene creatura y es Argentino.

Hace unos años arranqué con esta locurita en mis ratos libres y se convirtió en lo que están viendo ahora. 
El Viernes sale en Early Access así que si andan cariñosos es el momento de compartirme un poco de amor. 

Desde ya gracias por su atención, cada wishlist en Steam suma y cualquier duda estoy para responderla. 
",4,6,2025-10-05 16:40:43
1nyxvek,Canal-JOREM,La Brutal Secta del Gurú que Odia a Las Mujeres (El Maestro Mehir) Terribles Creencias Misóginas,"En Argentina existió un gurú que llevó el fanatismo y la manipulación a un nivel aterrador. Se hacía llamar el Maestro Mehir y, tras la fachada de un líder espiritual, escondía un profundo odio hacia las mujeres, un desprecio absoluto por la vida de sus seguidores y una ambición que lo llevó a levantar todo un imperio sectario en la provincia de Córdoba. 

Mientras muchos lo veían como un absoluto gurú espiritual, en realidad era un manipulador que sometía a sus seguidores bajo reglas absurdas, castigos económicos y una retorcida visión del mundo. Prometía que los hombres se transformarían en guerreros elegidos y que las mujeres dejarían de ser “brujas” solo si se entregaban a él. Bajo esa máscara de iluminado, levantó un culto marcado por el control, la brutalidad y la explotación.

Video sobre la secta del maestro Mehir: [https://www.youtube.com/watch?v=LZ-2AHG6SJY](https://www.youtube.com/watch?v=LZ-2AHG6SJY)",5,1,2025-10-05 16:39:50
1nyxuvk,_oxitono,En el País de las maravillas,"Nace en Buenos Aires un 23 de febrero de 1886

""… Con mi padre,lustrábamos el calzado de nuestra clientela frente a la plaza Lorea. Ganábamos muy poco.A penas podíamos vivir.Eramos 3: mi padre,mi madre y yo...""

""...En los momentos que encontraba libres,me ponía á dibujar.Borroneaba la pared.A falta de pinceles,usaba los cepillos.A falta de pintura,recurría al betún.Allí hacía paisajes.Bosques.Jardines.Hombres.Animales. De todo...”

“...A veces,tomaba como modelo a los clientes del salón…Uno de éstos,era el doctor Cupertino del Campo,aún no se había recibido de médico,pero yo ni siquiera conocía su nombre…Un día,al verme dibujar en un papel mientras mi padre le lustraba los botines,me dijo:

\-Oye,muchacho;¿te gustaría ser pintor?

\-Ya lo creo!…

\-¿ y por qué no aprendes?

\-No puedo señor.Tengo que lustrar botines

“...El doctor del Campo,me prometió llevarme a casa de su maestro,el pintor Decoroso Bonifanti,pues él también estudiaba pintura.A los pocos días,fue otra vez a lustrarse,si. pero acompañado de Bonifanti.Yo les mostré unos dibujos y,entonces,Bonifanti me dijo que fuera a su casa…Fui...""

""...Y desde aquella fecha él se constituyó en algo más que un maestro: Bonifanti es mi segundo padre…En aquel tiempo él me vestía.Me calzaba.Me daba de comer.Y luego,me enseñaba á pintar.A veces me llevaba con él á la sociedad bohemia (El bermellón),en donde veía,con la boca abierta,cómo trabajaban los artistas.Recuerdo haber visto allí á Zavattaro,á Villar…En fin,hice algunos cuadritos que le gustaron...”

“...Bonifanti! A él le debo toda mi educación artística. Su corazón es grande como su inteligencia...""

De los 12 años de edad estudió con Bonifanti durante seis años

Hacia 1903, asistió incentivado por del Campo a clases de dibujo, desnudo del natural y pintura en la Sociedad Estímulo de Bellas Artes, institución que lo premió con una medalla de plata al finalizar el año.

En 1904 se presentó al Concurso Nacional y obtuvo el Premio Roma, permitiéndole estudiar becado en Europa. En Italia, ingresó en la Real Academia de Turín y obtuvo en 1905 la Medalla de Oro concedida por esa academia.

""...Bonifanti no quiso abandonarme aún. Hizo bien. Vendió, remató, sacrificó todo lo que tenía, su taller, su casa y juntó unos pocos pesos, pudiendo así levantar ´campamento´ y embarcarnos hacia la tierra del ensueño y del Arte, Italia...""

""...Por ese motivo, entonces no faltaron las malas lenguas y las calumnias sobre el pobre Maestro; decían de él, que me acompañaba para explotarme. (…) hoy tengo la satisfacción de constatar que, con los años transcurridos, los sentimientos de esa misma gente se han modificado, convirtiéndose en aplauso hacia el hombre que supo guiarme con mano maestra. Gracias a su energía y a esa disciplina en que viví fue que se modeló mi carácter...""

En Turín, Bonifanti lo puso en contacto con los maestros Giacomo Grosso –su amigo desde la época de estudiantes en la Academia Albertina-, Francisco Gilardi y Andrea Tavernier con quienes  perfeccionó su lenguaje luminarista y su inclinación hacia el género del paisaje. Después de cuatro años de formación en los que obtuvo medallas al finalizar cada año, egresó con otra medalla de oro por la obra *Epílogo* que permaneció en la colección de la Pinacoteca de esa institución, como era costumbre

1908 realizó otro cuadro de envergadura titulado *Confesión* por el que, años más tarde, recibiría dos reconocimientos internacionales:

De regreso a la Argentina, en 1910, participó del Certamen Internacional del Centenario con su obra “La Muerte de Güemes”, su primer cuadro histórico, que mereció la Medalla de Oro y que fue adquirido por la legislatura de la provincia de Salta.

Un año después, un retrato le valió el premio mayor en el Primer Salón Nacional.

En 1914 se le otorgó la Gran Medalla de Honor en la Exposición de San Francisco de California. Expuso en diversos salones argentinos y efectuó muestras individuales en Buenos Aires, Río de Janeiro, Madrid, Turín, Génova, Roma, Venecia, Munich y París.

Textos tempranos de Soiza Reilly. El escritor, ya sea desde las populares páginas de *Caras y Caretas*,o desde el libro *Cien hombres célebres* \-que llegó a vender más de 20.000 ejemplares- colaboró decididamente en la creación de una imagen del artista que apuntaba a generar empatía en el público -y por lo tanto publicidad- en torno a un pintor que recién se iniciaba.

Él mismo reconoce este gesto de Soiza Reilly cuando, en la carta que le dirige a Cupertino del Campo el 14 de mayo de 1923,afirma: “...Soiza Reilly fue el primero quien con su pluma, me dio popularidad, esa popularidad que me estimuló aún más para la lucha (…). Soiza Reilly es para mí otro gran hermano – me quiere y me tiene fé...”

Sus obras figuran en museos de Buenos Aires, Rosario, Tucumán, Río de Janeiro y en colecciones europeas.

Tuvo frente a sí, hombres de acción, conductores de pueblos, estadistas , hombres de ciencia, escritores y artistas plásticos.

Por su obra "" Los constituyentes del 53 "", fue denominado “el pintor de la Constitución”,esta obra más allá de lo artístico,es un testimonio de la identidad Nacional Argentina.

Adquirida por el Congreso Nacional en 1942, sigue siendo un símbolo tangible de la historia republicana,

Esta ubicada en el Salón de la Cámara de Diputados de los Pasos Perdidos de la Nación.

**Antonio Alice** falleció en la ciudad de Buenos Aires el 24 de agosto de 1943",0,1,2025-10-05 16:39:18
1nyxrl4,WallyTrainer87,La venta de autos usados marcó el mejor septiembre de su historia: cuáles fueron los modelos más elegidos,,2,4,2025-10-05 16:35:50
1nyxb3e,msvalkyr,Bronca de las bases libertarias con Catalán porque facilita la ciudadanía a extranjeros,,26,0,2025-10-05 16:18:39
1nywlbv,CA6NM,Bullrich llamó por accidente al periodista Diego Iglesias y le preguntó por la extradición de Fred Machado,,22,0,2025-10-05 15:51:59
1nyw7i7,hernannadal,"Espert llega al Financial Times que resalta los vínculos de un ""aliado"" del Presidente con un ""presunto narcotraficante""",,4,2,2025-10-05 15:37:16
1nyvp56,Confident-Loquat-670,Mendoza and Cordoba,"Hello! I have a couple of weeks to spend in Argentina and am really keen to spend a few days in Buenos Aires (I’m lucky enough to have visited before so feel that amount of time could be great) and then the rest of the time in Mendoza or Cordoba. I’m a solo female traveller (31) and I’d really appreciate any advice on the below: 

- where people enjoyed staying 
- any recommendations for activities / off the beaten track experiences 
- any great volunteering experiences people really enjoyed (am really keen to spend time on an estancia or vineyard and learn about the work / life there) 
- and any great spots to eat / drink. 
- if people feel it’s worth splitting time between the two or focusing on one and really exploring time there.

Thanks so much for any insights on this! All are very appreciated! ",3,0,2025-10-05 15:18:04
1nyvj3w,EduBA,Absolvieron a un agente de seguridad acusado de grooming: se probó que fue engañado por un grupo de adolescentes,,7,10,2025-10-05 15:11:48
1nyvbxw,Outrageous-Builder31,El dueño de manaos declaro que por cada 50 packs de coca se venden 1000 de manaos:,,186,132,2025-10-05 15:04:38
1nyvaeo,Small_Surprise1952,Freelancers argentinos experiencias usando Workana y plan Full Service,"Hola a todos estoy empezando como freelancer y pagué el plan Full Service más caro en Workana para promocionar un proyecto y me rechazaron 3 veces

Quisiera saber
Si a alguien más le pasó lo mismo
Cómo hicieron para que acepten su proyecto
Abonarla promoción o mejor crear un perfil y enviar propuestas directamente",0,1,2025-10-05 15:03:09
1nyv6ra,Choriciento,"¿Tienes Pensamiento crítico o te dejás influenciar y pensás las ideas que otros quieren ponerte en la cabeza?

Los kirchneristas son muy hábiles para golpear con campaña sucia en el mes electoral. Siempre lo hacen, contratan a los mejores y pagan a los medios para amplificar el impacto. ⬇️","Qué quieren que pienses? 

Que son todos iguales, que te desanimes y no vayas a votar o dividas el voto.

Medita sobre qué estarías pensando sin campaña sucia:

Qué propuesta tiene LLA? 
Qué propuesta tienen los K?

Qué es mejor para el país?
Qué es mejor para vos y tu familia?",40,0,2025-10-05 14:59:35
1nyv469,Argentinotriste,Milei es el presidente con el sueldo más bajo de sudamerica,"Ejemplar, Milei es el presidente con el sueldo más bajo del continente.

Los izquierdistas Orsi y Petro tienen los sueldos más altos.
",117,212,2025-10-05 14:56:47
1nyunky,Cayetanus,Peter Lamelas: “Las empresas de EEUU están al borde de invertir una cantidad de capital sin precedentes en la Argentina”,,45,22,2025-10-05 14:39:32
1nyue1t,bubblegum-flavour,Por la crisis aseguran que cada vez más sanjuaninos varones ejercen trabajo sexual,,7,0,2025-10-05 14:29:39
1nyuac5,CaseSufficient3173,También quitándose la jubilación privilegio el javo hace bastante cosas antipolítico.,,132,322,2025-10-05 14:25:48
1nyu7i2,Mindless_Tomorrow_45,La amiga simpática que todos tenemos,[https://www.instagram.com/belen\_rapuzzi/](https://www.instagram.com/belen_rapuzzi/),13,55,2025-10-05 14:22:49
1nyt5qz,milfenjoyer_69,Distribución de ingresos de la población - 2do trimestre 2025 - INDEC,\-,7,4,2025-10-05 13:43:15
1nysvgs,Shot-Journalist-126,Turista extranjero en Rosario: el lugar más peligroso de Argentina.,Quién en su sano juicio haría turismo en Rosario? ,69,93,2025-10-05 13:32:22
1nysnzh,EquilibriumAlpha,Triple crimen: la casa donde hallaron a las víctimas pertenecería a una dirigente cercana a Baradel - Nexofin,,8,39,2025-10-05 13:24:19
1nyseu1,Different-Ad9293,Ganar dinero,"Alguien sabría de algún trabajo, o alguna forma de poder ganar un margen de 100.000 pesos en 1 o 2 semanas, he visto varias trabajos de forma remota que piden hablar en español.
Saben de algún página o algo parecido ",6,0,2025-10-05 13:14:29
1nys6qy,Argentinotriste,Cae la desigualdad en Argentina y ya es inferior a la de 2023,Vuelve a caer la desigualdad en Argentina y ya es inferior a la que dejó el peronismo.,69,80,2025-10-05 13:06:00
1nys55s,fahirsch,Boletas del 26 de octubre,Pueden consultar la correspondiente a su provincia [AQUI](https://www.electoral.gob.ar/boletas/boletas.php?sfpg=RWxlY2Npb25lcyAyMDI1LyoqZWQ5NDIwMjI0MWRhZmZlZjJkNGNlOGJhYmUwMTVmZGNkMDlhZjhhODFjZDQ0ZDJlNmFiYzg0NDZlNjJiZDk3Yg),7,9,2025-10-05 13:04:20
1nyrvmq,_oxitono,Ocaso en Lanús,"Nace en Diecimo, provincia de Lucca, Italia, el 25 de mayo de 1871. Inicia su formación en la Academia del Reino en su ciudad natal y continúa en academias de Florencia y Roma Su formación pictórica, sumamente rigurosa, abarca el paisaje, la figura humana y la composición, y domina el dibujo , y complementa  además sus conocimientos con el estudio de literatura y lenguas clásicas.

Se traslada a la Argentina en 1897, a los 26 años de edad y se establece en Buenos Aires , en el barrio de la Boca hasta 1903.

Junto a Faustino Brughetti introduce el estilo finisecular de los “machiaioli” en nuestro país: una pintura construida a partir de la mancha de color, de la pincelada suelta y de la observación de motivos del natural.

El primer lugar donde enseñó en Buenos Aires fue en la Academia Pezzini-Stiatessi de la Sociedad Unión de La Boca fue convocado  para organizar una cátedra de artes plásticas y enseñar a jóvenes, en su mayoría trabajadores portuarios. y también en su propio taller de la calle Pavón al 1400. Asi se convierte en el maestro de la primera generación de artistas boquenses

Entre sus discípulos más destacados se encuentran [Benito Quinquela Martín](https://www.reddit.com/r/argentina/comments/1nm6ab4/la_boca_es_un_invento_m%C3%ADo/), Juan de Dios Filiberto, Arturo Maresca, Santiago Stagnaro, Vicente Vento y Fortunato Lacámera.

En 1904 se muda a Lanús,una zona campestre en esa época, que quedó plasmada en sus paisajes .

En paralelo a su actividad docente, mantiene activa su propia obra pictórica, grabados y producción de cerámica.

En 1929 se hace ciudadano argentino y  en 1935 realiza su primera exposición individual en la Galería Witcomb

**Alfredo Lazzari** fallece en Buenos Aires, el 26 de junio de 1949, a los 78 años de edad.",3,23,2025-10-05 12:54:14
1nyrtfx,CaramelAutomatic7762,Máximo Kirchner le grabó la tobillera a la mamá,,98,110,2025-10-05 12:51:54
1nyrraa,OceloteBrillante0309,Cosas que hacer en iguazu,"me voy a iguazu 4 dias 3 noches, tengo 2 tardes libres, a parte de las cataratas y lo demas obvio, me recomiendan algo para hacer? ",6,1,2025-10-05 12:49:42
1nyris7,Candela-Becerra,"""¿Las Mabeles y los Raules dejaron de bancar a Macri por sus causas de corrupción? Les chupa un huevo la corrupción"" ""Al argentino promedio le chupa un huevo la corrupación, si no, el kirchnerismo no habría gobernado 20 años"" ¿Ustedes creen que hay indignación selectiva?",,155,129,2025-10-05 12:40:52
1nyr44s,Ricardo_Sappia,"No sé si me volví loco o nostálgico, pero armé una tele que pasa publicidades de los 90 📺🇦🇷","Hace 13 años que me fui de Argentina, y todavía extraño cosas que capaz suenan una pavada… como las publicidades de la tele de los 90s. Creo que toda esa generacion ha sido marcada por esas propagandas.

Mis hijos nacieron acá en Alemania, y claro, si un día les digo “lindo día para hacer un asado”, me miran con cara de “¿qué le pasó al viejo?”.  
Pero los que crecimos allá *sabemos perfectamente* de dónde viene esa frase 😆

Así que me armé mi propia tele noventosa: **TVArgenta**.  
Es una tele impresa en 3D, con pantalla y dial, donde podés hacer *zapping* entre propagandas viejas: Quilmes, Tulipán, TyC, Mantecol, todo el arsenal de recuerdos que todavía huelen a hogar.

La idea es revivir ese ritual de prender la tele sin saber qué iba a salir, y de paso poder compartirlo con mis hijos, para que entiendan de dónde viene ese pedacito de argentinidad que uno se sigue llevando encima.

Lo loco es que anda totalmente **offline**, todo guardado ahí adentro, como las teles de antes: cero internet, cero streaming, pura nostalgia analógica ❤️

Les dejo unas fotos y un videíto corto para que vean cómo se ve (y suena)-> [Video](https://youtu.be/5saGNbtMNfM).  
Planeo en breve subir toda la info paso a paso de como armarla para q otros puedan disfrutarlo tambien!

Porque a veces la tecnología también sirve para **volver un ratito a casa** 🇦🇷

# Update:

Aca dejo un primer articulo, en breve sale la version en criollo:

[TVArgenta — a Retro Raspberry Pi TV Experience](https://www.hackster.io/rsappia/tvargenta-a-retro-raspberry-pi-tv-experience-e139e0)",48,309,2025-10-05 12:24:58
1nyqtsd,DrakoXMusic1,Que humorista nos perdimos,,24,17,2025-10-05 12:13:52
1nyqkk6,Argentinotriste,"La pobreza es del 31% , 10 puntos menos que en 2023","Una muestra del rotundo éxito económico de la actual gestión.

Cabe destacar que el método para medir la pobreza es el MISMO que usaba la gestión anterior y además es confiable ya que las consultoras privadas muestran un número similar.",224,303,2025-10-05 12:03:49
1nyqk0m,grimgroth,Llegamos a la frontpage con esto,Post original: [https://www.reddit.com/r/WTF/comments/1nymjom/a\_guy\_farted\_for\_40\_seconds\_on\_a\_talent\_show/](https://www.reddit.com/r/WTF/comments/1nymjom/a_guy_farted_for_40_seconds_on_a_talent_show/),27,18,2025-10-05 12:03:15
1nyqbyp,Intelligent_Low_8343,La verdadera grieta? Morcilla con piel o sin piel,"Toda mi vida comí la morcilla a la parrilla con piel, y para mí siempre fue lo normal. Ayer en un asado del laburo me di cuenta de que la persona que tenía al lado dejaba la piel y me pareció rarísimo, pero empecé a ver todos los platos de la mesa y TODOS dejaban la piel. No lo podía creer, que mierda estaba pasando? Que era este fenomeno que desconocía?  
Se armó debate y su punto de vista era completamente opuesto, ""cómo vas a comer la piel?""

No se si tendrá que ver, pero del asado eran todos de Buenos Aires y yo soy del interior (Neuquén). Puede que haya algo ahí.

Necesito que opinen para resolver este enigma

",29,4,2025-10-05 11:54:42
1nyq0di,Shot-Journalist-126,Publicidad LLA campaña para la Prov. de Buenos Aires.,,62,54,2025-10-05 11:42:00
1nypxda,Gekiohh,Antidepresivos sin obra social,"Buen domingo gente, hace unos años años estaba con tratamiento recetado (Sertralina - Zoldipem) y me cubria gran parte Ioma. 
Hoy estoy sin obra social y bastante ajustado mientras busco un empleo mejor, pero me gustaria ver como poder retomar ya que siento que no realmente no puedo solo jeje 

Si alguien sabe cual seria la manera mas economica, almenos para ahora, le agradezco muchisimo el aporte. 

No se si esta bien el tag :p",5,3,2025-10-05 11:38:37
1nypoj0,Ginaroscount,Descubrí cómo la Escuela Naval Militar transformó la Armada Argentina desde 1872,,2,1,2025-10-05 11:28:56
1nyovr9,DrakoXMusic1,Poblacion total según escala de ingreso individual,,22,0,2025-10-05 10:56:19
1nyotjy,CaseSufficient3173,Peronismoman,,28,38,2025-10-05 10:53:40
1nyopj5,jjarg24,Franco Colapinto completa un nuevo GP de Singapur,,52,82,2025-10-05 10:49:08
1nyok4m,lucasarg14,El Kirchnerismo IMPLICADO en el TRIPLE CRIMEN de Florencio Varela ❌ La casa donde encontraron a las chicas ASESINADAS es de Silvia Almazán mano derecha de BARADEL en el sindicato docente.,,51,174,2025-10-05 10:42:40
1nyojxl,Fair-Building9322,Espert le presentó la renuncia a Milei en Olivos y el Presidente le dijo que no bajara su candidatura,,51,1,2025-10-05 10:42:27
1nynukx,Background-Topic7369,Mientras tanto en tucuman,"
Facundo Ale estuvo involucrado en un tiroteo en Tafí Viejo. Tras varios allanamientos en su domicilio —donde no fue hallado—, fue finalmente capturado en un campo de caña cerca del límite entre Tucumán y Santiago del Estero. La investigación apunta a que el conflicto estaría relacionado con una disputa entre facciones de barras bravas conocido como “Los Gardelitos”.

",81,117,2025-10-05 10:12:10
1nymv7w,iScreem1,Buen domingo gente,,61,108,2025-10-05 09:27:07
1nylabl,Blackbird_song13,Conmoción en Rosario: Una docente le dijo a una alumna venezolana “Vuélvase a su país”,El episodio quedó grabado por los propios estudiantes del Colegio Nacional 1. La adolescente denunció el hecho y el Ministerio de Educación intervino de inmediato para investigar la actitud de la profesora.,425,714,2025-10-05 08:02:52
1nykghh,-LauHL-,busco panas,"no tengo amigos y la verdad me gustaría tener gente con quien hacer confianza y joder, entré a un grupo de Reddit en wsp y de los 300 participantes solo se habla un grupo de 7 entre ellos, saludás y te ignoran.
eso, siempre quise buenos amigos

pd: tengo 19 y soy d buenos aires",14,0,2025-10-05 07:13:52
1nyja5l,Robo-TINA,DOMINGO DE ANECDOTAS,"Que acontece en la vecindad? chismes, cosas que te pasaron, confesiones, viste algo raro en la calle?",2,3,2025-10-05 06:00:19
1nyja0h,Robo-TINA,Preguntas del Domingo,"Para aclarar esas dudas antes de que arranque la semana

Entra a nuestro [Chat](https://chat.reddit.com/room/!hSSQyOrLT-ahufrqRuBANA%3Areddit.com) y charla con la comunidad!",42,2,2025-10-05 06:00:04
1nyiy6i,Legitimate_Figure_51,La gasolinera que más me gusta ¿ustedes que les parecen dichos sitios?,"Siempre que llego a dichos lugares es hermoso ver dichas gasolinera en mi país. Especialmente la del cruce del desierto. Es una energía magnífica. Llegas luego de cientos de kilómetros y encontrás un surtidor me hace feliz. Además son todos o casi todos viajeros. 
En los viajes son los lugares más mágicos que puedan existir.",24,0,2025-10-05 05:39:00
1nygrjm,CaquitaPalLoro,"""Las Casitas"": cuna de prostíbulos de Santa Cruz en tiempos de Kirchner",,24,33,2025-10-05 03:23:46
1nyfvvi,dx_Von_Liechtenstein,"Una reflexión mía: ""¿Qué se vota en estas elecciones?""","Hola amigos, ojalá que hayan tenido un lindo sábado y hayan podido disfrutar el calor con su familia, amigos o seres queridos. Quería compartir una pequeña reflexión que tuve hoy con unos amigos mientras hablábamos de las elecciones y el ""Tema Espert"" en PBA.

Creo que tras todas las acusaciones que están apareciendo últimamente semanas antes de las elecciones, primero contra Karina y ahora contra Espert, se puede estar desviando el foco de la conversación y es importante que entendamos qué es realmente lo que se está votando en estas elecciones. 

No, no se está votando Presidente de la Nación Argentina ni un diputado único que operará sólo en el congreso, sino que se está votando una LISTA para que los espacios puedan tener BANCAS en el congreso.

Hay una realidad que a muchos les duele ver y es que hoy en día somos el único país del mundo en el que no gobierna el presidente sino que gobierna la oposición. Desde que asumió este gobierno solo pudo pasar 2 leyes mientras que la oposición pasó 29, dejando en evidencia lo roto que está nuestro sistema republicano, dónde el único partido que tiene poder es el PJ (y la UCR en menor medida).

A esto hay que sumarle cómo los senadores (Peronistas y Radicales) pueden subirse el salario a 20 palos al mes sin que ningún organismo pueda intervenir.

Entonces, ¿qué se vota en estas elecciones? Se vota para que se cumpla la voluntad popular. Se vota para que Javier Milei, el presidente más votado de toda la historia argentina desde Rivadavia hasta la fecha pueda efectivamente ejercer su gobierno aunque sea los últimos dos años.

""Pero Espert es narco"". Espert no fue condenado ni procesado ni siquiera imputado por ningún crimen de narcotráfico mientras que la mitad del bando enemigo está activamente envuelta en procesos judiciales sino ya condenados como es el caso de la líder de la oposición. El bando enemigo votó en contra de la ficha limpia para zafar mientras que Espert votó a favor. El bando enemigo votó en contra de la ley anti trata infantil mientras que Espert votó a favor. El bando enemigo votó en contra de endurecer las penas mientras que Espert votó a favor. Estos son los que acusan a Espert.

Pero bueno, ¿qué pasa si Espert efectivamente tiene vínculos con el narcotráfico? Acá aplica lo que dije anteriormente, no se está votando por ""EL CANDIDATO"" a diputado, se está votando por cuántas BANCAS el oficialismo tiene para pasar leyes. Si se confirma el vínculo de Espert con el narcotráfico puede iniciarse un proceso de destitución, quita de fueros o incluso pedirle la renuncia pero lo importante es que la BANCA de Espert será ocupada por un suplente de la LISTA de LLA, mientras que si nos hacemos los tibios y no vamos a votar, esas BANCAS irán para alguien de la oposición. (Es importante también aclarar que los diputados oficialistas nunca proponen leyes y su rol es únicamente levantar la mano cuando les tiran leyes en su escritorio por ende no hay mucha diferencia práctica entre Espert y cualquier otro legislador libertario).

No sé puede desperdiciar está oportunidad. En ninguna democracia puede ser la oposición la que esté a cargo del país. Si a vos te joden los políticos, si te jode ver cómo favorecen el crimen en el congreso, si te jode ver cómo votan pro-chorros, si te jode ver cómo se aumentan los salarios mientras vos no llegás a fin de mes, entonces tenés la responsabilidad de votar diputados y senadores libertarios para que los destructores dejen de ser mayoría de una maldita vez. 

Si votaste a Milei en 2023 tenés que entender que la mayoría de reformas que prometió no se pueden sancionar en este momento porque el viejo régimen se ha refugiado en las instituciones como el congreso, por ende si vos todavía tenés ganas de que se lleven a cabo dichas reformas por las que votaste hace dos años necesitás un congreso violeta.

En síntesis, estas elecciones van a definir cuántas BANCAS tiene el gobierno para poder llevar a cabo las reformas que prometió en campaña, reformas votadas por la mayoría más grande de la historia argentina (14 millones y medio de personas). Hacerse el tibio es permitir que la casta política que gobierna el país desde 1916 siga perpetuada en el poder.

Es súper importante también recordar que ellos van a votar siempre, las elecciones dependen de si nosotros vamos o no.

Ojalá que la tibieza no sea nuestra perdición. Saludos y disfruten el finde.
",59,0,2025-10-05 02:31:14
1nye90j,MonitorNo2101,Listado de algunos de los casos de corrupción y escándalos del Kirchnerismo,,107,168,2025-10-05 01:00:28
1nydy9c,Cayetanus,Récord histórico en exportaciones: Argentina nunca exportó tanto como ahora,,72,219,2025-10-05 00:43:56
1nydish,FluffyBowl6448,Pelo brilloso,,5,41,2025-10-05 00:20:39
1nydig3,Enfadoxx,Grandes que se nos fueron este año.,"Para bajarle un poco a la política qué tanto daño nos hace. Justo hoy me acordaba que no hace mucho se nos fue ""La locomotora"" Oliveras y dije pucha... la gente se muere. 
Así que le dedico este post a todos esos grandes que se nos fueron yendo a lo largo del año y como de a poco vamos llegando a fin de año les rendimos homenaje.
Dejen sus fotos para recordarlos y si quieren dejen sus predicciones para el resto de lo que queda del año (ojo no incito al morbo, acá no se le desea la muerte a nadie)
Dejo otra imagen de ozzy porque con una me sentia muy rata. ",14,86,2025-10-05 00:20:08
1nyde9d,Ginaroscount,El Día del SMN: cómo cambió la meteorología en Latinoamérica,,0,2,2025-10-05 00:13:56
1nyd608,TiraloWey,"Lilia Lemoine 🍋 (@lilialemoine) en X: ""El estado mental de los kukas hoy:""",,18,0,2025-10-05 00:01:33
1nychr3,qbit-maybe,Un niño de 7 años fue atacado por dos perros pitbull en el barrio Santa Clara [Misiones],,4,3,2025-10-04 23:26:36
1nycgk1,plantul,"José Luis Espert se quebró al explicar su relación con Fred Machado, pero aseguró que “ni en pedo sabía que era narco”",,67,27,2025-10-04 23:24:55
1nycg5d,According-Try1080,Fernweh es confiable?,Hola cómo están. Alguien complot en fernweh? Llegan los productos en tiempo y forma (o por lo menos llegan?? Los leo. Desde ya graciass,0,0,2025-10-04 23:24:20
1nyc122,Erudain,El gigante Decathlon complicado para abrir Rosario bloqueo,"bloqueo de la  municipalidad para favorecer a un grupo local llamemoslo ""actividad física 78""....no, es demasiado obvio, mejor ""Sport año del mundial de Argentina""",1,2,2025-10-04 23:02:52
1nybxky,lucasarg14,🚨FENTALINO K ❌El juez Kreplak confirmó que la cantidad de MUERTOS por el fentanilo contaminado ascendió a 124.,,36,121,2025-10-04 22:58:07
1nyamvp,_oxitono,Maria juana y el tren,"21 de julio de 1883 Melitón Espinoza plantó la primer semilla,parcela su campo en Santa Fe y hace las lineas de traza, y se funda la localidad que lleva el nombre de Juana Henderson, esposa del aquel entonces propietario de estas tierras; el Dr. Melitón Espinosa; quien  decidió unirle María, al considerar demasiado corto el nombre de pila de su esposa. y así se funda María Juana en Santa Fe, aunque no cuenta con acta de fundación. y su  historia empezó a escribirse con la llegada de inmigrantes italianos provenientes de San Carlos, quienes trabajaron la tierra con esfuerzo y esperanza, transformando el campo virgen en una próspera zona agrícola. En esos años, no había registro de pueblos originarios en la región, pero los primeros colonos debieron enfrentarse a los peligros que representaban los gauchos matreros que merodeaban el lugar.( [radio  101.9](https://radiomariajuana.com/la-radio-2/radio-vivo/) Maria Juana )

**Su relevancia en la  historia fue la instalación, de la primera fábrica de vagones férroviarios de Sudamérica,y en ella se construyó el primer vagón argentino de carga**

En el año 1938 y Bautista Buriasco, piamontés de origen, funda su taller metalúrgico en María Juana, provincia de Santa Fe siendo su primera realización industrial la cosechadora “La Sembradora”.

Para la post nacionalización de los ferrocarriles ocurrida el 1° de marzo de 1948, la gran mayoría del material ferroviario se importaba. En este contexto, el gobierno de Juan Domingo Perón lanza un concurso como política pública para revertir esta tendencia.

Es así como en 1950, con dos ingenieros y 30 obreros, los Buriasco (Bautista junto a sus hijos Atilio y Fernando) presentaron el primer vagón de carga de construcción 100% argentina (que hoy oficia de centinela en el taller santafesino ) ganando la competencia, obtienen de parte del Ministerio de Transporte un contrato para construir 2.000 vagones del prototipo presentado, impulso que permitió ampliar el taller.

Finalmente, el 27 de abril de 1953 comenzaron a salir los primeros vagones de la fábrica.  
Durante la década de los noventa cambió de dueños y tuvo sus ires y venires,hoy cuenta con un predio de 32 mil metros cuadrados cubiertos.

hoy MJ Comercial es una empresa Argentina  en nuestro país y hasta el presente  ha fabricado más de 10.000 vagones de carga de distintas características y trocha y es proveedora de material ferroviario. también ha reparado, reconstruido o modificado a nuevo y fabricado más de 5.800 bogies .

**Maria Juana y el futbol**

durante 1950, la pasión por el fútbol llevó a un grupo de trabajadores metalúrgicos a transformar un terreno baldio en un campo de juego, lugar que necesitaban para demostrar sus habilidades con la pelota.y  El 21 de junio de 1958 fundaron un club al que llamaron Atlético Talleres.

**Maria Juana y el agro**

Las sirenas del molino harinero y de la fábrica de vagones siguen marcando cada mediodía el ritmo de vida de la población.

Dista de Rosario unos 230 kilómetros al noroeste, pegada al ferrocarril y que luego se trasladó a unos cuatro kilómetros al noroeste, donde se centraba una de las principales actividades del lugar, la molinería.

En 1887 se fundó Molino Victoria, compañía harinera que junto a los talleres ferroviarios contribuyó al crecimiento de la población. 

**Sustento económico**.

Hoy los recursos económicos de la floreciente comuna de María Juana surgen del agro, la ganadería y la actividad apícola y tambera, así como de la industria metalúrgica y molinera y por talleres de diversos rubros. Su suelo y su clima favorecen una gran producción de soja, trigo, sorgo, maíz y girasol.

**Haciendo honor al nombre**

María Juana se convirtió también en la primera localidad en la que, curiosamente, se construían barcazas fluviales sin poseer un río cercano.

**Otras cosas**

su Santa Patrona del pueblo es Santa Juana Francisca Fremiot,baronesa de Chantal,que fue canonizada por la Iglesia Católica en 1767 por su santidad en todos los estados de vida, como esposa y madre ejemplar, viuda piadosa, y especialmente por fundar la Orden de la Visitación de Santa María junto a San Francisco de Sales",5,0,2025-10-04 21:53:39
1nya366,LogAdministrative607,¿Quien es? Hoy por las 5 en EZE,Hoy ,12,0,2025-10-04 21:26:38
1ny9m7s,KingAlex720,Espert responde a las acusaciones,,17,0,2025-10-04 21:03:37
1ny8zsb,Federal_Addition1944,"Cual terminal es mejor, y la peor ¿como la mejorarian?","En lo personal, la mejor es Retiro, en Once no estuve nunca, pero Constitucion seria la peor, yo siento que a constitucion lo que necesita es:

1- Terminar el techo y retirar los techos temporales
2- Pintar las vigas de gris porque verde queda feo
3- Pintar los andenes de nuevo y limpiar con mas frecuencia",17,11,2025-10-04 20:34:13
1ny8f69,Argentinotriste,"Jorge Taiana, el ex terrorista de izquierda que hoy es candidato del kirchenrismo",,54,75,2025-10-04 20:08:30
1ny7116,Argentinotriste,"Nestor Kirchner: ""Cuando veo estas cajas ÉXTASIS""",Para recordar de donde venimos,120,414,2025-10-04 19:07:53
1ny6mw0,DrakoXMusic1,Evolución de la deuda neta consolidada,,29,0,2025-10-04 18:51:17
1ny6apd,lucasarg14,Balance comercial energético,,6,23,2025-10-04 18:37:07
1ny62l2,Cayetanus,"Por la espalda y a traición, así un militante de Izquierda le rompió la nariz a un joven que fue a ver a Javier Milei",,398,676,2025-10-04 18:27:46
1ny5o5y,nikolaibk,"Espert dió una entrevista hoy: cuando le consultaron cómo estaba, respondió ""en lo personal, roto"", apuntó contra Grabois, y lloró",,382,217,2025-10-04 18:11:30
1ny53d5,Hesediel-,REFLEXIONES sobre el triple CRIMEN en Florencio Varela,,21,0,2025-10-04 17:48:16
1ny4rbv,CaseSufficient3173,"YPF,SINDICATOS PREVIO A MILEI",,10,0,2025-10-04 17:35:00
1ny4jv1,Scallion-Mediocre,Empezaron las elecciones fuera de Argentina,"Hoja A4, sin colores. Por loenos acá es así.",11,7,2025-10-04 17:26:39
1ny4781,Candela-Becerra,El amor vence al odio,,247,308,2025-10-04 17:12:41
1ny416m,Blackbird_song13,"Para la gente de Hurlingham y alrededores: La UNAHUR está dictando cursos gratuitos de RCP y uso desfibrilador externo automático (DEA) de martes a viernes, todas las semanas 🗓️","Simplemente tienen que llenar el formulario de inscripción que está en [esta página de la UNAHUR](https://unahur.edu.ar/cursos-de-rcp-y-uso-de-desfibrilador-externo-automatico/), y elegir el día y horario que quieran.",3,31,2025-10-04 17:05:50
1ny37pt,MonitorNo2101,"""Si Cristina se llevó algo, le debemos mucho más de lo que se llevó""",,90,127,2025-10-04 16:32:49
1ny33z6,L_Davalos_210,Qué insulto habrá sido?,,7,71,2025-10-04 16:28:42
1ny3188,Argentinotriste,Furor por la llegada de Milei a Santa Fe,,34,15,2025-10-04 16:25:42
1ny2rey,Hesediel-,"TRIPLE CRIMEN, FEMINISMO Y NARCOTRÁFICO: la POLÉMICA ESTALLA. TAMBIÉN: NARCOS en MÉXICO",Aclaro que soy feminista y me parece totalmente repudiable lo que le pasó a esas chicas,9,0,2025-10-04 16:15:04
1ny2j19,Disastrous-Hunter537,GAUCHOS DEL MAR - Surfeando el Pacífico Americano.,Desde California hasta Argentina 🏄‍♂️,1,1,2025-10-04 16:06:03
1ny21i0,DrakoXMusic1,Kirchner paga al FMI al 4% tomando deuda con Chavez al 16%,"Hoy subi un post sobre como Caputo habia usado parte del acuerdo del FMI en defender el tipo de cambio durante la gestion de Macri.

Uno salto diciendo ""Kirchner tomo deuda con Venezuela para pagarle al FMI"" y apareció la primera foto (la original es la segunda)

Me puse a investigar porque sabia que Venezuela habia comprado unos bonos pero no que eran para pagar del FMI.

Bueno, resulta que no tomamos deuda con Venezuela para eso, el pago del FMI (9.600MM) salieron de las reservas del banco central.

Con Venezuela entre 2005-2006 tomamos 500MM a una tasa de 9,5% de unos bonos a vencer en 2012.

No encontre de donde sale ese 16%

Tambien hubo denuncias de enriquecimiento entre Chavez y Nestor, se habrían repartido 50MM, la causa no avanzo",111,430,2025-10-04 15:46:54
1ny1yhp,El-Jinete-Sin-Cabeza,Pullaro viene hasta el baño en helicóptero y mira éste...,Único ,3,0,2025-10-04 15:43:35
1ny1c70,lucasarg14,Cantidad de salarios necesarios para comprar un auto,,116,143,2025-10-04 15:19:29
1ny0y12,msvalkyr,Empleados denuncian que Globant incumple la ley y podrían perder beneficios fiscales,,14,10,2025-10-04 15:04:16
1ny0fed,Shot-Journalist-126,"Emprendimiento de merchandising libertario ""antiwoke""",,230,93,2025-10-04 14:44:21
1ny0epj,RealRock_n_Rolla,Así se vive la movida gótica en Argentina,,93,273,2025-10-04 14:43:34
1ny075b,Naive-Estimate-4235,emprender en argentina,"qué onda gente! estoy arrancando con driphaus, mi pagina de reventa de ropa hype / streetwear desde bsas. por ahora estoy probando con algunas prendas de buena calidad y mas tirando para ese nicho de gente q se centra en la ropa.

si tienen tips para crecer en redes, vender mejor o mejorar el estilo de la marca, se los agradezco un montón 🙏.

y obvio, si les copa, pasense para ver q onda [https://www.instagram.com/driphaus.ar/](https://www.instagram.com/driphaus.ar/)

gracias desde ya, cualquier consejo suma! y denme su opinión o un follow",2,5,2025-10-04 14:35:21
1nxzsd7,maingreninja,"Correo argentino haciendo de las suyas. Retienen el pedido, en otra ciudad, con un horario de mierda",Es esto normal? Supuestamente hay una forma de que lo revisen ellos pero no la estaria viendo. Ya pregunte en r/AskArgentina pero ni caso,10,3,2025-10-04 14:19:29
1nxzq52,softallmess,Contame tu mejor historia real de terror/paranormal/extraña que te haya sucedido,"Aprovechando que comenzamos Octubre, saquen las mejores historias∕ anécdotas que les haya pasado a ustedes o a algún conocido 👀",3,0,2025-10-04 14:17:06
1nxz74b,CaseSufficient3173,Algunas noticias positivas de inicios del Gobierno de Milei 2°,"[Juan Ramón Rallo - YouTube](https://www.youtube.com/@juanrallo)

  
[https://www.youtube.com/@VisualPolitik](https://www.youtube.com/@VisualPolitik)

  
[https://www.youtube.com/@SoloFonseca](https://www.youtube.com/@SoloFonseca)",27,0,2025-10-04 13:56:15
1nxz528,hictio,Javier Milei tuvo que suspender un acto de campaña en Santa Fe por incidentes: hay al menos cuatro detenidos,,30,0,2025-10-04 13:53:58
1nxyxuo,Wild_Discussion_851,Mejoré el discurso de Espert,,93,2122,2025-10-04 13:45:52
1nxyq06,Tokita_Caju,"No te estoy insultando, te estoy describiendo /s",,176,488,2025-10-04 13:37:19
1nxygf9,RealRock_n_Rolla,Objeto luminoso entró en la atmósfera y fue visto en varias provincias argentinas,,18,21,2025-10-04 13:26:47
1nxyfsf,Argentinotriste,El gobierno lanzó un nuevo régimen de exportación monitoreada más agil y menos costoso,,1,8,2025-10-04 13:26:05
1nxx7na,Corruptus_inextremis,Los Pumas cayeron 29-27 en el último partido del Rugby Championship en Londres y los Springboks se coronaron campeones,,6,7,2025-10-04 12:37:41
1nxwuj5,Small_Surprise1952,Qué arnés anti-tirones me recomiendan para bulldog francés? (tengo hernias cervicales),"Tengo un bulldog francés adulto que pesa 13 a 14 kg pero tira como si fueran 30 😅.
Yo tengo hernias cervicales, así que cada tirón me complica un montón.

Ya probé arneses acolchados de los comunes (tipo ZeeDog) y no sirven, son muy blandos.
Estoy viendo si conviene un Julius-K9 o alguno anti-tirones frontal, pero no sé cuál anda mejor para esta raza que es tan compacta y fuerte.

 Alguno que tenga bulldog francés me recomienda un arnés que realmente funcione? ",24,0,2025-10-04 12:23:07
1nxwc1e,DrakoXMusic1,"Que significa que ""Caputo se fugo la guita"" y porque el FMI nos cago","Hubo varías anomalias en el prestamo acordado en el mandato de Macri, que llevaron a que el staff se reconfigurar despues (por presiones internas, al no poder justificar el accionar).

Antes del acuerdo había fuertes expectativas devaluatorias y una fuerte precisión sobre el TC.

En Mayo 2018 empezaron las reuniones entre Macri y el FMI, se discute la cifra y las condiciones.

El acuerdo se firma oficialmente el 21 Junio 2018.

El prestamo en cantidad era una locura, para darse una idea, los prestamos suelen ser 1-3% del pbi y el de Argentina fue 10-11%.
El pais tenia 50.000 de reservas brutas en ese momento y el acuerdo firmado fue por otros 50.000 (despues de extendió 7.000 mas en Septiembre 2018).

Ademas, el ministro de finanzas de ese entonces Toto Caputo, estaba usando reservas del Tesoro para contener el tipo de cambio.

Una de las condiciones fue correrlo de Finanzas y ponerlo en el BCRA, por lo que en Junio 2018 pasa a ser presidente de BCRA.

Uno pensaría que el FMI pondría condiciones como ""volve a poner el cepo gordo, no te las quemes"" pero no, nunca dijeron nada (y eso que el estatuto les prohibe financiar la fuga de capitales).

Y Caputo, ahora en el BCRA, siguió defendiendo el precio del TC con reservas (sin mucha suerte).

El principal objetivo del préstamo era honrar deuda de 2016-2018 pero se terminó usando también para intervenir el tc

El FMI lo aprieta a Caputo para que deje de intervenir el TC, en Septiembre de 2018 Toto deja la gestión publica y Sandleris pasa a ser presidente del BCRA y pone unas bandas cambiarias.

Recien cuando se habian gastado mas de 44.000 frenaron los desembolsos (después de las PASO, en Agosto 2019).

Hay que entender que si bien el FMI tiene una parte tecnica pesa mucho la politica, si el presidente levanta el telefono te dan cualquier cosa (y los tecnicos intentan hacer malabares para que cierren los números).",76,0,2025-10-04 12:02:56
1nxw92h,Outrageous-Builder31,"""Mandale mecha""",,14,81,2025-10-04 11:59:58
1nxw6e2,hernannadal,Torturas y abuso sexual en la comisaría de Ensenada: “acá mandamos nosotros”,,5,11,2025-10-04 11:56:52
1nxvyj4,bautim,"Mientras la justicia investiga a los asesinos de Morena, Brenda y Lara, apareció Capitanich y denunció que a Cecilia la mató la Side para que él no llegue a la Presidencia de la Nación.",Luis Gasulla via X [https://x.com/LuisGasulla/status/1974131743851700226](https://x.com/LuisGasulla/status/1974131743851700226),13,56,2025-10-04 11:48:21
1nxvvzi,Guzka,Soy generoso y comparto mis lujos. De nada!!!,,5,9,2025-10-04 11:45:30
1nxvujj,ReyBoring_,El arte actual en una foto,,10,9,2025-10-04 11:43:52
1nxvsdd,Calterino,"""Adelante Juventud"" - Propaganda de la Revolución Argentina (1972)","""Adelante Juventud"" fue un programa de TV pública transmitido entre 1972 y 1984, hecho con el objetivo de hacer que la juventud simpatize con el estado argentino y no se uniera a la corriente ""Revolucionaria"" naciente.
Fue utilizado por distintos gobiernos de turno (Militares y justicialistas) para intentar implantar ideas en los jovenes y fue finalmente descontinuado en el gobierno de Raúl Alfonsín.",5,5,2025-10-04 11:41:24
1nxvgy7,Mindless_Tomorrow_45,Es de ortiva cuestionar la v de ortiva,,156,198,2025-10-04 11:28:52
1nxtfza,hernannadal,Pescadores artesanales del río Paraná cuidan y defienden el histórico Remanso Valerio,,1,6,2025-10-04 10:03:44
1nxt9gr,hjf2014,Crecen las especulaciones en Córdoba: la pulseada entre Schiaretti y LLA y la ilusión de De la Sota y Mestre,,11,0,2025-10-04 09:55:50
1nxt7ct,EvansJCastillo,Los presidentes Sheikh Mohamed bin Zayed y Javier Milei dialogaron sobre cómo fortalecer la relación entre Emiratos Árabes Unidos y Argentina.,,30,37,2025-10-04 09:53:14
1nxsxul,Tokita_Caju,Aca tenes inclusión real,,23,148,2025-10-04 09:41:07
1nxsous,Choriciento,"Fernando Iglesias: ""Equilibrio de poderes o más poder para el peronismo?""",,139,162,2025-10-04 09:29:37
1nxrfho,RealRock_n_Rolla,Apareció un pumita en Córdoba y posó para la foto,,22,212,2025-10-04 08:25:08
1nxqkqi,FluffyBowl6448,Martin fierro,,90,572,2025-10-04 07:36:45
1nxqatm,Legitimate_Figure_51,¿Cual es la anecdota mas épica como trabajador de un lavadero de vehículos?,He visto un video del canal Fieles que muestra dicho trabajo. Me gusto mucho pero quiero conocer más sobre dicho mundo,1,0,2025-10-04 07:20:16
1nxq8n8,TheMagicSebas,Me voy a hacer apicultor(panal en el medidor de gas ayuda),"Buenas gente como les va? Yo hoy llegue a casa y me encontre nuevamente un panal de abejas formándose en el medidor de gas, es el 4to año consecutivo que vienen abejas en primavera a hacer un panal y a mediados de otoño la mitad de la colmena se va con una nueva reyna, lamentablemente la otra mitad queda en el medidor las fumigo con humo( un apicultor me sale carisimo para reubicarlas). Queria consultar que tan peligroso es que hagan panal ahi y si alguno tiene idea de como podria hacer para reubicarlas yo e intentar hacerme un panal en el patio de casa o nose algo para no tener que matarlas porque estan en peligro de extinción, vienen lit todos los años para estas fechas y van a seguir viniendo lo que significa que puedo llegar a acumular todos los años una reyna nueva. Les pasas por al lado y no pican estando todas juntas a menos que les rompas las bolas asique riesgo para el peatón sivilizado no hay(los forros que quieran joder a los pobres bichos que se caguen y banquen el pinchaso). Si alguien tiene algun numero para llamar o un link para asesorarme se los agradecería",55,79,2025-10-04 07:16:38
1nxq8da,Legitimate_Figure_51,¿Cual es la anecdota más importante como vendedor de comercios?.,Yo trabajo de eso (no confundieron vendedor callejero) aunque muchos piensan que es lo mismo. Anecdotas tengo cientos en 26 meses de laburo. Quiero conocer alguna de ustedes.,15,0,2025-10-04 07:16:09
1nxpw07,CaseSufficient3173,Algunas noticias positivas de inicios del Gobierno de Milei,"[VisualPolitik - YouTube](https://www.youtube.com/@VisualPolitik)

[Solo Fonseca - YouTube](https://www.youtube.com/@SoloFonseca)",27,8,2025-10-04 06:55:02
1nxpdi1,Legitimate_Figure_51,¿Creen que va a haber un crecimiento del racismo en los próximos años en Argentina?.,"Siempre que la situación económica es precaria el racismo se asoma. Pasa en los países desarrollados entre otras naciones del sur global. Lo que sí hay sexismo, clasismo y delincuencia en Argentina.",36,0,2025-10-04 06:21:59
1nxp1le,Robo-TINA,Sábado de No Acepto Críticas,"Tirá tu top 3 de verdades controversiales cortitas y al pie -sin faltar el respeto- que a más de uno le zafaría un tornillo, solo que acá no va a haber lugar a críticas!",37,1,2025-10-04 06:01:03
1nxp12b,Robo-TINA,Sábado de Clasificados,"Querés publicar tu emprendimiento?

Hiciste un podcast, canal de youtube, tienda de arte digital, o vendés un servicio?

Sos bienvenido a postearlo acá!



Las publicaciones en este thread se ajustan a los términos y condiciones de las políticas de contenido de reddit. Podés promocionar tu servicio o contenido siempre y cuando seas un usuario regular del sub, recordá:

>""Está bien que seas un rediturro con un sitio web, no está bien que seas un sitio web con una cuenta de reddit.""",0,2,2025-10-04 06:00:13
1nxp0y8,Robo-TINA,SABADO DE PREGUNTAS BOLUDAS,"Boludo el que boludea

Entra a nuestro [Chat](https://chat.reddit.com/room/!hSSQyOrLT-ahufrqRuBANA%3Areddit.com) y charla con la comunidad!",82,3,2025-10-04 06:00:04
1nxjpyw,prunus_cerasifera,"Tuvimos uno de los museos más increíbles, lo recuerdan? (Museo del Mar o Museo de Caracoles)","Este era mi museo favorito y quiero hacer un pequeño homenaje. Resulta que perteneció a Benjamin Sisterna que también es uno de los creadores de Alfajores Havanna. Bueno, Benja era un coleccionista, aficionado a la malacología (estudio de caracoles y otros moluscos) y durante más de 60 años se dedicó a investigar y recolectar caracoles de todo el mundo, no contento con tener la colección más impresionante del mundo en este tema se dedicó a crear un museo hermoso, con detalles muy cuidados en Mar del Plata, estaba ubicado en Av Colón 1114 y funcionó por años, hasta 2012 que cerró sus puertas... 

Algo que siempre me sorprendía cuando iba era que hacían muchísimo más por educar a personas de todas las edades sobre el océano, su fauna y flora que otros lugares, era re interactivo el lugar! aunque a su vez conservaba el aura sobria de museos europeos (la estética de este lugar era espectacular). Contaba con 3 ó 4 pisos de caracoles por lo que recuerdo, había un café temático que se llamaba Gloria Maris (es el nombre científico de una de las especies favoritas de caracoles de Benjamin), una tiendita de artesanías con cosas del mar que podías encontrar tanto objetos hechos por locales como por gente de otras partes del mundo, un acuario enorme con especies marinas locales y también un estanque bajo para rayas, sala de conferencias y auditorio, y una biblioteca. 

Extraño mucho este lugar, lamentablemente no volverá y no creo que se pueda rearmar una colección así jamás, básicamente hay muchas especies que incluso hace 80 años eran difíciles y costosas de conseguir y hoy sería imposible. La colección se fragmentó y se subastó, volvió a estar en todas partes del mundo pero lamentablemente no para que los mortales puedan apreciar su belleza... porque muchos de los que compraron son coleccionistas privados y no exponen.

Hasta donde sé existen solo 2 libros, que están en mi colección (una de las fotos). Si alguien está interesado en ellos puedo ver de escanear y compartirlos, son libros muy difíciles de conseguir hoy por la existencia de pocos ejemplares y que no mucha gente se interesó en conservarlos.

¿Llegaron a conocer este lugar? Comparte tu experiencia o si recuerdas/tienes algún merchandising sobre esto. Lo más raro que ví fue que en marketplace vendían una mesa de la cafetería Gloria Maris.",41,88,2025-10-04 00:43:51
1nxj7eo,Sanchiwe-de-Miga,Algunas similitudes que estoy notando,,214,1721,2025-10-04 00:16:27
1nxhrrs,mbusu_slayer,Boliches con música en inglés,"
Buenaaas, saben de boliches en BA donde lo principal no sea reggaeton/cumbia? 

No necesariamente boliche de música electrónica, sino música pop/hiphop/dance. Algo como el Club de la Serpiente pero boliche",2,8,2025-10-03 23:03:46
1nxh7jg,Fair-Building9322,Caso Espert: cómo es el procedimiento con la Boleta Única si renuncia a su candidatura y el antecedente de Fernando Niembro,,20,0,2025-10-03 22:35:30
1nxgzzh,cautious-ad977,[@jlespert] Hola Edu! No me bajo nada. Te veo el lunes en tu programa de A24. Salute!,,103,63,2025-10-03 22:25:01
1nxgpxl,Complete-Top-6714,Soledad,"Como andan personas, ¿Todo bien? Como estan llevando la soledad en su vidas? Como hacen para afrontar que a nadie le importas, nadie que vos queres para construir algo honesto? Últimamente me vengo sintiendo demasiado solo y abombado de mente, siento que estoy llegando a un limite terrible conmigo mismo y no se que hacer. No busco una solución, solo conversar con ustedes para ver como están, gracias! ",59,13,2025-10-03 22:10:51
1nxg7c5,heenaasaaa,“Burda opereta”: productores se despegaron de la convocatoria a un supuesto tractorazo contra Milei,,7,25,2025-10-03 21:45:33
1nxfzz2,WorldlyOrchid9663,Excelente chiste con toque de realidad?,,24,102,2025-10-03 21:35:46
1nxfvof,Elegant-Ad-9723,"If Japanese street food were sold in your country, what do you think would be the most popular?”","If you were to run a street food business selling Japanese food in your country, what should you sell to make it a success?

",10,0,2025-10-03 21:29:56
1nxfq7t,RealRock_n_Rolla,La bronca de un hombre después de que le pusieran una multa de 300 palos porque su pareja venía dándole la teta a la criatura mientras viajaban,,468,824,2025-10-03 21:22:18
1nxfn4m,Lapatadegardel,"¡Video! José Luis Espert fue grabado tomando sol en la casa de Fred Machado por el propio empresario, acusado de vínculos con el narcotráfico",,23,0,2025-10-03 21:18:08
1nxfltl,CoolPattern3730,Poema a Gustavo Adrián Cerati,De la autoría de John J. Junieles (Colombia),1,1,2025-10-03 21:16:25
1nxfg7c,Choriciento,"Que Espert haya votado siempre a favor de fortalecer la lucha del Estado contra el narcotráfico y los kirchneristas siempre en contra, dice muchísimo más que cualquier acusación falopa.",,49,22,2025-10-03 21:08:49
1nxeyl4,Leolafe,Como esta la calle? (Economicamente hablando),"Cuenten que onda si llegan a fin de mes, cuanto pagan de alquiler etc. (Es mas que nada para ver si todo esta tan bien o todo esta tan mal como dicen los kukas o libertos)

Empiezo yo, en mi caso estamos consumiendo facil 50% abajo respecto a 2023, trabajando mas horas. Lamentablemente ya no podemos ahorrar y vamos ajustados a fin de mes como nunca,",83,0,2025-10-03 20:46:18
1nxerp0,Unusual-County-6723,😶,"
Sin palabras señor juez.

",10,1,2025-10-03 20:37:33
1nxen0a,hjf2014,La oposición convocó a una sesión en Diputados para reformar los DNU y remover a Espert de Presupuesto,,4,12,2025-10-03 20:31:44
1nxebjq,DrakoXMusic1,Feinmann filtro un video de Espert en la casa de Fred Machado,,276,252,2025-10-03 20:17:43
1nxeb3a,Outrageous-Builder31,"hoy en fantasmeadas argentas: inventan una app para alquilar el ingreso a ""tu garage"".",,85,104,2025-10-03 20:17:10
1nxdfub,morasconchoco,1966 - Las 10 mejores canciones del año en el rock argentino [Premios Rock Argentino: 11ª edición],"1966 fue un año donde ya estaba bien instalada la influencia de The Beatles y otras bandas de la British Invasion, la fiebre beat había copado la escena argentina.

Una época de abundancia de artistas con brillantes armonías vocales, como Los Búhos, Las Mosquitas, Los Gatos Salvajes, Violeta Rivas, Yaco Monti, y The Seasons.

Además, aparecieron las canciones de protesta, con aportes contestatarios de artistas como Bárbara y Dick, Billy Bond El Rebelde, Johnny Tedesco, y Los Beatniks.

No obstante, ese año vino el furor por las bandas beat uruguayas que cantaban en inglés, lo que terminó con varios artistas argentinos que cantaban en español.

______

***MusicaArgentina — 2025***",1,1,2025-10-03 19:39:39
1nxdd8p,Thin-Payment-5327,"Se vienen las excusas y los lloros para no aprobar el nuevo codigo penal, un pequeño resumen para matar el tiempo","''Es necesario pero no aceptamos que sea de esta forma y en estas condiciones economicas ''

''Aprobariamos la ley pero creemos que hay que modificar \*Curro propio o allegado\* muchas cosas por que asi es una ley autoritaria ''

'' Estas leyes no se aprueban a las apuradas para ganar elecciones''

'' La funcion social del estado tiene que ser de inclusión y no de represión!'' ( la izquierda ) 

'' La gente está pensando en llegar a fin de mes y en los jubilados! No hay que gastar mas plata en el ejercito y la side de caputo !! ''

  
Buen finde",164,199,2025-10-03 19:36:21
1nxcwwh,DrakoXMusic1,El miercoles 01/10 el Tesoro vendio USD 544MM y los encajes subieron USD 2471MM,,7,0,2025-10-03 19:16:45
1nxcsal,Shot-Journalist-126,La curiosa costumbre que complicó a Pequeño J: “Todos los días dormía con una mujer distinta”,,13,7,2025-10-03 19:11:23
1nxcpbb,Noch95125,como le mando dolares a un amigo desde chile,"un amigo argentino necesita 25 usd y le quiero depositar desde chile tengo pesos chilenos, pero no me quiero hacer un paypal porque me da paja xd no hay alguna forma mas facil?",10,0,2025-10-03 19:07:52
1nxch8o,Tokita_Caju,Piosisi,,15,261,2025-10-03 18:58:56
1nxc8ye,Additional_Ice1149,"Busco un teclado para aprender a tocar, recomiendan este?","Hola! Quiero empezar a tocar piano/teclado y estaba buscando, encontré que recomiendan que sea de 88 teclas y que el teclado simule el peso de teclas de un piano real.

Encontré este en ML, recomiendan? ",9,1,2025-10-03 18:49:31
1nxc7w7,hmoreno1984,Consulta Remedios Fallecido,"Buenas tardes, mi suegro falleció hace un tiempo y a la familia le quedaron varios medicamentos que vencen en 2027. Los remedios son bastante específicos y algunos son caros como el Omatex con valor de más de 500 mil pesos. Mi consulta es que deberiamos hacer con ellos? Que es lo que se puede hacer? No queremos tirarlos justamente por si pueden ser de utilidad a alguien. Gracias de antemano. ",29,6,2025-10-03 18:48:17
1nxbrlw,AgarriniLaPalini,Su silencio solo lo incrimina más y mas,,27,0,2025-10-03 18:29:26
1nxbmse,lucasarg14,Índice cantidades exportados marca nuevo máximo histórico,https://x.com/arg_endatos/status/1974211231943684343?t=zQNo50iKihRO4hLSYUrsoA&s=19,12,17,2025-10-03 18:24:01
1nxb7ny,MaksimchukFL,"Yo en bajo tocando ""Autumn Leaves"" en vivo con mi trío de Jazz de Chaco",,9,39,2025-10-03 18:06:50
1nxat6q,Rivertadores,Le dieron 9 meses de prisión preventiva a Pequeño J en Perú,"El juez Cristhian Chumpitaz Pariona ordenó la detención preventiva del principal acusado del triple crimen de Florencio Varela, tras rechazar la extradición voluntaria. Argentina tiene 60 días para presentar el pedido formal.  
  
La defensa alegó arraigo familiar y laboral y pidió libertad condicional, pero el juez advirtió riesgo de fuga. Pequeño J, detenido por una notificación roja de Interpol, se negó a aceptar la extradición simplificada solicitada en la audiencia.",79,217,2025-10-03 17:50:42
1nxa9ja,raag24,Me compré un Point de mp sin ser monotributista,"Necesito ayuda, me pedí un point pero yo hace tiempito que me di de baja en el monotributo porque tampoco le daba mucho uso al emprendimiento. Ahora que hago con el point? No puedo usarlo sin ser monotributista?",5,0,2025-10-03 17:29:05
1nxa7s3,Sarmientino,Un sindicalista salteño llevaba 30 años sin ir a trabajar y debió ser jubilado por decreto del intendente,,28,124,2025-10-03 17:27:09
1nxa4d4,lucasarg14,"Narcos en el conurbano bonaerense: Luis Gasulla destapó una posible trata de la política, en la tercera sección de la Provincia de Buenos Aires, con el narcotráfico.",https://x.com/Observador1079/status/1974094721334325617?t=qwhAnI5W8tFFR9KScez34g&s=19,34,51,2025-10-03 17:23:24
1nx9y5u,sigmudmusic,Siempre hay un capítulo para todo.,Chau lodape.,12,63,2025-10-03 17:16:44
1nx9n81,Mindless_Tomorrow_45,Un pasajero gritó “bomba” en un avión de Flybondi que partía de Ezeiza y tuvieron que desembarcar a todos,,37,31,2025-10-03 17:04:47
1nx9lr8,DrakoXMusic1,Principales variables 03/10,,29,9,2025-10-03 17:03:11
1nx9jfy,StatusAd4207,Espert es un tipazo,,37,26,2025-10-03 17:00:49
1nx8ysv,hernannadal,Donación de la biblioteca y el archivo de Tomás Eloy Martínez,,1,0,2025-10-03 16:38:46
1nx86yv,CaramelAutomatic7762,"Mayra Mendoza: ""Todos se van a ir hoy con una bicicleta, un vehículo sustentable""",,37,0,2025-10-03 16:08:55
1nx7xbw,CaseSufficient3173,“La dejaron como el país”,,58,225,2025-10-03 15:59:03
1nx7pzm,Tokita_Caju,Pelao,,10,175,2025-10-03 15:51:09
1nx6yp6,Fair-Building9322,Milei y Mauricio Macri se reunieron para hablar sobre el rumbo de la gestión,,38,6,2025-10-03 15:22:24
1nx6giz,Delsevvv,Milei presentó el nuevo Código Penal: “Necesitamos tolerancia cero y penas más duras” - Infobae,,38,97,2025-10-03 15:03:25
1nx64bu,qbit-maybe,"Casí la devoró un pitbull, y ahora no puede trabajar ni mantener a sus hijos - Política del Sur",,12,23,2025-10-03 14:50:58
1nx5dvy,hernannadal,Una científica marplatense ganó la Distinción Franco-Argentina en Innovación 2025 - Bacap Noticias,,0,8,2025-10-03 14:23:22
1nx5cjq,Sebazo,"Por qué Argentina se prepara con un ""búnker sanitario"" para una posible amenaza biológica de alto riesgo",,13,0,2025-10-03 14:21:56
1nx5bvt,Argentinotriste,Se fue al Carajo...,,60,153,2025-10-03 14:21:14
1nx57r9,aceleracionista,"Los dólares de Machado. Contradicciones, lagunas y omisiones en la defensa de Espert, apremiado por los papeles de EE.UU.",,10,0,2025-10-03 14:16:52
1nx4d1g,Shot-Journalist-126,El asesinato de Césareo Cardozo en 1976,,3,1,2025-10-03 13:45:54
1nx3ruq,Extension_Ad_2042,Rivalidades entre Ciudades,"comenten cuales son las riñas, rivalidades de sus ciudades.  
por ejemplo Santa Fe con Rosario que los rosarinos sienten que deberían ser la capital y que no les gusta que le digan santafesinos, sino ""rosarinos"", etc.  
  
en mi caso soy de Rio Gallegos. la verdad no hay mucha rivalidad con Calafate o en Chile con Punta Arenas (ciudad de chile, muy cercana a gallegos) pero no mucho.  
La que si hay bastante pica es con Caleta Olivia, la ciudad mas al norte de santa cruz, pegadita a comodoro/rada  
la verdad se lo descansa a Caleta como ""Caleta Bolivia"" o ""Cagaleta Olivia"".",12,5,2025-10-03 13:23:59
1nx3rd6,qbit-maybe,Un perro pitbull atacó y desfiguró a una mujer de 35 años: está en terapia intensiva [Corrientes],,9,17,2025-10-03 13:23:29
1nx3o1f,Unusual-County-6723,Alconada Mon desmiente a Espert,"
LLA debe hacer algo con Espert",42,0,2025-10-03 13:20:08
1nx2xx4,join_the_slark_side,Palermo: se cayó un ascensor desde un séptimo piso y nueve jóvenes quedaron atrapados,,37,2,2025-10-03 12:53:49
1nx2s7g,heenaasaaa,"Javier Méndez Cartier: “Si se prohíbe el sponsoreo del juego online, le están cortando los recursos a los clubes”",,36,13,2025-10-03 12:47:50
1nx2ktl,Argentinotriste,El gobierno libertario ejecutará una inversión millonaria en el Hospital Garrahan,,78,66,2025-10-03 12:40:07
1nx2i1i,Lapatadegardel,José Luis Espert instó al Congreso a aprobar el proyecto de Inocencia Fiscal y a los gobernadores a adherir al Régimen de Ganancias,,9,19,2025-10-03 12:37:09
1nx27tw,DrakoXMusic1,El USD Mayorista operando en 1425 el techo que impone el Tesoro. Se operaron 71MM,,12,0,2025-10-03 12:26:36
1nx1s2r,qbit-maybe,Un pitbull mató a otro perro en Centenario: la dueña dijo que «se le escapó» y los vecinos denuncian que ya ha asesinado a otros,,46,50,2025-10-03 12:10:10
1nx1g7j,SurayaThrowaway12,Las orcas salvajes se hacen amigas del guardaparques Roberto Bubas en Argentina. Jane Goodall ofrece una visión de su relación.,,14,57,2025-10-03 11:57:58
1nx1cyz,whaddefuck,La mina de Guatemala de la que Espert dijo haber cobrado está señalada como parte de la estructura delictiva de Machado,,16,37,2025-10-03 11:54:27
1nx1bu1,Visual-Common6122,Zeus ERP-POS (Infotech) es un dolor de cabeza,"¿Alguien más sufrió con **Zeus ERP-POS de INFOSIS**?  
Lo venden como si fuera la solución para todo, pero en la práctica:

* Las integraciones que prometen **no funcionan bien**.
* El POS/facturación se **tilda todo el tiempo**, cuando hacemos el reclamo le echan la culpa a la velocidad de internet de SUBIDA cuando tenemos 100mb lo subifiente para streamar en 4k tranquilos.
* Para colmo, si cambiás un precio, **los combos no se actualizan** solos. Tengo más de 50 y hay que editarlos uno por uno, o de forma ""masiva"" saber de memoría los códigos, crear un excel, subirlo, y hacer 3 tipos de confirmaricones distintas para que modifique el precio.
* Así puedo estar numerando muchos problemas más pero este post no terminaría más.

Un ERP que debería facilitar la gestión termina **sumándote trabajo**.

¿Soy yo o es un problema general?",1,0,2025-10-03 11:53:15
1nx181a,gonzaleandro,Conferencia de prensa | 03.10.25 - VOCERÍA PRESIDENCIAL,,8,2,2025-10-03 11:49:15
1nx14a5,Blackbird_song13,Se le trabó la mano en un vaso mientras lavaba los platos y terminó en el quirófano,,267,534,2025-10-03 11:45:10
1nx13bp,Peo_Pichi_Caca,La “traición” de Chile a Argentina,"Hola! Soy chileno y últimamente he visto por internet varios comentarios de parte de los argentinos de que somos “traidores”. Además lo he escuchado muchas veces antes. 
Quiero preguntar respetuosamente: de dónde viene eso y porque dicen que supuestamente le debemos o debíamos lealtad a Argentina, siendo que somos países independientes y soberanos distintos ? ",30,3,2025-10-03 11:44:06
1nx0hiz,Tokita_Caju,Fantoche,,15,125,2025-10-03 11:20:39
1nx09bg,CaramelAutomatic7762,"Javier alonso: ""El jueves ¿si? Nosotros teníamos la expectativa de que el vuelva a ese lugar, estuvimos esperándolo 48 horas""",,3,10,2025-10-03 11:11:37
1nx0719,qbit-maybe,Nuevo ataque de perro en pleno centro [El Calafate],,3,3,2025-10-03 11:09:11
1nx003o,Rahnamatta,El PROFE @jlespert desmontando la inmunda y burda operación montada por el kirchnerismo. Los kirchneristas están tapados de causas de corrupción y como todo ladrón creen a otros de su misma condición. Fin.,,53,0,2025-10-03 11:01:38
1nwzxwr,Puzzleheaded_Hat7000,Inversión,"Trabajé unos años instando paneles en Australia. Piensan que sería buena inversión importar paneles y venderlos e instalarlos acá en Argentina o falta para eso? 
Como empezaron a llegar esas luces con los paneles quizás la gente va a estar más interesada.",12,0,2025-10-03 10:59:25
1nwzktd,Extension-Pin-1504,El personismo y sus artilugios,"Buenas,

A raíz de la situación que estamos viviendo con el tema de Espert, Karina, etc., decidí crear este post dirigido a aquellas personas que, por estas noticias, sienten dudas sobre a quién votar en las próximas elecciones.

Entiendo que quienes no somos peronistas tenemos la vara muy alta respecto a la corrupción, y que estas noticias generan incomodidad e incluso desolación. Pero ojo, porque los peronistas lo saben muy bien y aprovechan esta situación para sembrar dudas en los votantes que defendemos la transparencia en el Estado. Por eso, no hay que dejarse avasallar por este tipo de operaciones, impulsadas por el peronismo y sus aliados, junto a medios de comunicación que se vieron perjudicados por este gobierno: unos por la pérdida de poder, otros por la pérdida de dinero (pauta oficial).

Decidí hablarte a vos, que quizás te sentís decepcionado con estas noticias y empezás a dudar de a quién darle tu voto. Quiero que sepas que, antes que nada, lo que debe primar es la presunción de inocencia. Eso lo aprendí de los propios peronistas, que durante años se jactaron de decir que todos los casos de corrupción de su gobierno eran “operetas” y que, aun con condenados como CFK, siguen insistiendo en que son inocentes.

Sepan que quien determinará si una persona es corrupta o no es la Justicia. Y si en algún caso se llegara a probar la culpabilidad de alguien, seremos los primeros en pedir que vaya preso.

Espero que este post sirva para quienes se sienten abrumados por estas noticias —que, dicho sea de paso, lo mejor es dejar de consumir, otra lección aprendida del kirchnerismo— y que sigan firmes en su decisión de votar por LLA. Solo así podrán completar su mandato hasta 2027 y luego evaluar si valió la pena o no nuestro voto. Estoy convencido de que es la única manera de que este país salga adelante. No podemos volver a que nos gobiernen los mismos que lo llevaron a la destrucción.

Saludos,  
Un simple ciudadano cansado de ver cómo el peronismo destruye el país.

PM",63,0,2025-10-03 10:45:00
1nwzkea,Due-Series-8333,"Mi primer meme, salio bien?","Conocen la historia de un tipo comun y corriente q por tomar malas decisiones se ve envuelto en una trama llena de delito, narcos y dolares?",6,0,2025-10-03 10:44:34
1nwyx9e,CaseSufficient3173,La Disonancia ludonarrativa de los saqueos del 2000 comparados con el 2023,,23,3,2025-10-03 10:18:34
1nwy2x3,ianmohr,30 de septiembre.,"
Me levanto y no quiero salir de la cama. Pienso en todo lo que tengo que hacer y todo lo que me falta y siento que no voy a salir más de esta situación. Por un lado pienso que no es tanto y por otro siento que es demasiado. Pienso en ella y todo lo que hace por mí , pienso en si se merece pasar por todo lo que está pasando por mí . siento que está entregando su alma y vida por alguien que está roto . Verme en esta situación me hace mal , me hace sentir que fracase , pero al mismo tiempo me hace sacar fuerzas de donde no tengo para salir adelante. Lo único que quiero en este momento es estar en la playa con mi familia y poder disfrutarlos por qué en verdad lo necesito demasiado en este momento. 
Jamás pensé que la vida iba a ser así .
Por un lado digo “ solo cometí errores que me hicieron aprender a cómo no quiero estar y por otro lado digo me encantaría no haber hecho lo que hice o haber tomado las decisiones que tomé, por ahí en este momento no estaría en esta situación pero al mismo tiempo no hubiera aprendido lo que aprendí . Uno de mis compañeros de trabajo me dijo que estaba más flaco ( si supiera que es por qué no tengo nada para comer ) me preguntó que estaba haciendo y le dije que hacía ayuno intermitente. 
Conocí a la mamá de la chica con la que estoy saliendo , una señora de 60 años aproximadamente que recién se acaba de jubilar después de haber trabajado 40 años en una fábrica para criar 3 hijos sola. 
Cuando escucho esas historias de vida me doy cuenta de lo difícil que es vivir y salir adelante, peor si estás sola y sos mujer . 
Pero por el contrario también siento que siendo hombre y no pudiendo explayar tus sentimientos es peor. Hay veces en las que finjo demencia para ignorar la realidad que me golpea, pasé todo el fin de semana en su casa y me sentí tan consentido y querido que en cierto momento sentí que podría encajar en un lugar así . 
Este mes es mi cumpleaños y el suyo , 9 días de diferencia entre los dos . Dos vidas completamente diferentes y dos personas completamente diferentes pero al mismo tiempo tan iguales . Le dije que la amaba , siento que lo siento pero al mismo tiempo pienso , que es el amor ? Yo creo que estar enamorado es aceptar a la persona como es y acompañarla en las buenas y malas como ella lo hace. Se preocupa por mi , por cómo estoy , si comí , si dormí . Cuando estoy con ella me siento tan bien que puedo ser yo mismo , no le molesta nada de lo que haga o deje de hacer. Voy a tratar de implementar esto , me siento un poco mejor escribiendo lo que me pasa y como me siento . Hay veces en que la cabeza te hace jugar malos ratos, más en mi caso que siempre fui de pensar demasiado las cosas. 
Estos meses fueron realmente difíciles y van a seguir siéndolo por lo menos dos meses más . ",17,0,2025-10-03 09:43:12
1nwxx33,Tokita_Caju,ES TARTAAAAAAAAA D:<,,172,1299,2025-10-03 09:35:43
1nwxnib,Delsevvv,Dueño de un super chino espera con un arma a ladrón.,,130,521,2025-10-03 09:23:41
1nwxann,Shot-Journalist-126,La mafia siciliana de Rosario y el caso Ayerza en 1932,,1,1,2025-10-03 09:07:00
1nwx1zq,Mindless_Tomorrow_45,"Moria Casán y Cacho Fontana. Indirectas van, indirectas vienen.",,9,9,2025-10-03 08:55:48
1nwx1b2,Small_Surprise1952,Laburo remoto desde casa en Argentina,"Hola! Estoy buscando opciones de laburo 100% remoto porque no tengo mucha movilidad física. Me interesa algo que pueda hacer solo con la compu, como escribir, responder mensajes o tareas administrativas.

Alguien tiene experiencia en este tipo de trabajos? Que recomiendan y qué plataformas son confiables desde acá?",1,0,2025-10-03 08:54:51
1nwwmdd,hernannadal,El Gobierno dio de baja un acto de campaña de Espert,,152,48,2025-10-03 08:34:20
1nwtynh,Robo-TINA,Viernes de llego el finde,¿Qué hacen el finde? ¿Qué van a ver/leer/jugar?,43,2,2025-10-03 06:00:18
1nwtyjz,Robo-TINA,"Thread Diario de Dudas, Consultas y Mitaps - 03/10","Thread Diario de Dudas y Consultas!

Entra a nuestro [Chat](https://chat.reddit.com/room/!hSSQyOrLT-ahufrqRuBANA%3Areddit.com) y charla con la comunidad!",64,1,2025-10-03 06:00:09
1nwtspl,FluffyBowl6448,Playa de punta Lara buenos aires,,7,7,2025-10-03 05:49:32
1nwrxgh,MonitorNo2101,Precio Hamburguesas McDonalds en 1995,,65,113,2025-10-03 03:47:43
1nwqz1f,Full_Vegetable3957,"Aparente nueva camiseta argentina 2026, opiniones?",,58,36,2025-10-03 02:47:58
1nwquew,luzhalley,Zamba con San Martin,,12,49,2025-10-03 02:40:12
1nwofw1,CaseSufficient3173,Los saqueos de 2023 y el accionar los negocios chinos (véanlo completo hay palo escupe fuego al final),,25,18,2025-10-03 00:26:09
1nwo395,whaddefuck,Espert admitió que recibió US$200.000 dólares y reconoció que provinieron de una minera vinculada a Machado,,202,115,2025-10-03 00:07:46
1nwnlxi,lucasarg14,Nada que esconder. No somos todos lo mismo.,https://x.com/jlespert/status/1973940577273299329?t=Ffr-DQCU1jvH60J00ovdrg&s=19,696,566,2025-10-02 23:43:47
1nwnl3c,hjf2014,Sería inminente un video de José Luis Espert para explicar la transferencia por USD 200 mil que recibió de una empresa vinculada a Fred Machado,,2,0,2025-10-02 23:42:33
1nwngi8,IllMagazine8799,La famosa montañita del mate.,"Personalmente me sentía triste porque no me salía la montañita. 

Cómo preparan ustedes el mate? Que opinan del gringou del video, les parece que preparó un buen mate?",1,2,2025-10-02 23:36:00
1nwmeiv,RealRock_n_Rolla,Bernardo Irigoyen estrenó reductores de velocidad y así están funcionando,,121,432,2025-10-02 22:44:40
1nwlb5c,msvalkyr,Un documento del Bank of America confirma una transferencia de Fred Machado a José Luis Espert,,34,12,2025-10-02 21:52:05
1nwl0l3,MonitorNo2101,Edad de imputabilidad actual en paises de latinonamerica.,,74,232,2025-10-02 21:38:00
1nwko67,clash_beneficios,Las promos de los principales super de Argentina en Octubre,"Comparto esta tabla con los principales descuentos en supermercados para octubre 2025. Sirve para comparar rápidamente bancos, billeteras y días de promo antes de hacer las compras :)

Les compartimos este link a drive con el grafico para que puedan descargarlo: https://drive.google.com/file/d/1g3wJ2GuzwcTQCu7Z1GLbNEFZ_RhVWvQI/view?usp=drive_link

Toda la información las recopilamos de las paginas web de los supermercados y bancos. Para más info pueden chequear la app de Clash Beneficios 🤝🏼

Ahora bien, cuál creen que es la mejor promo que se puede aprovechar? ",8,57,2025-10-02 21:21:52
1nwk2tl,lucasarg14,Evolución del empleo público en Argentina (1998-2025) - Cantidad de empleados públicos cada 1000 habitantes,,48,82,2025-10-02 20:54:52
1nwjzb9,DonDimmaDomme,Quienes son estas personas del Martin Fierro ? Un Rockefeller? Totalmente turbina,"Vi esto en un corto de Olga. Muy raro el tipo, la mina dice que es un Rockefeller.
¿Porque están invitados al Martin Fierro? No puedo encontrar información de ellos en ningún lado",15,6,2025-10-02 20:50:32
1nwjws2,hernannadal,El Bank of America confirmó un giro de US$200.000 de Fred Machado a Espert,,112,39,2025-10-02 20:47:12
1nwji58,hjf2014,Reacción del mercado al viaje de Caputo a EEUU: fuerte alza de los bonos y caída de los dólares financieros,,6,21,2025-10-02 20:28:24
1nwjhhq,cala7a,“Deconstruyendo masculinidades”. Liberaron a un golpeador de niños para hacer un curso y volvió a atacar: fracturó el cráneo de un bebé,,86,234,2025-10-02 20:27:33
1nwjcm2,Campeondelmundo1999,"Soy yo o varios barrios de caba y el conurbano que se habian ""calmado"" en estos ultimos años ahora estan de nuevo poniendose picantes","Ando mucho en la calle por mi laburo, en todo caba y provincia y habia notado estos años que muchas zonas que eran bravisimas en la década del 2000 estaban mucho más calmadas comparado con esos tiempos ya sea por la gendarmeria o por la urbanizacion, etc (las villas grandes de capital por ejemplo o algunas zonas de la matanza y resto de zona oeste), pero este ultimo tiempo es impresionante la cantidad de barrios a los que voy que la gente tiene un cagazo enorme de salir a la calle pero más que eso la cantidad de gente joven vendiendo droga y formando bandas cagandose a tiros, una cantidad enorme de pendejas en el delito tambien del estilo de las que mataron el otro dia, queria saber si es una percepcion mia nada más o algunos como yo que ya tienen unos años estan de acuerdo",15,2,2025-10-02 20:21:34
1nwj5sz,Ready_Philosophy_734,La Justicia confirmó que José Luis Espert viajó 35 veces en aviones de Fred Machado,,232,172,2025-10-02 20:13:22
1nwj2nq,Comfortable-Pie56,Una transferencia destinada a Espert figura en una contabilidad oficial elaborada por el Bank of America,,62,1,2025-10-02 20:09:32
1nwizgg,heenaasaaa,"Cómo es el Código Penal que presentó Milei: nuevos delitos, penas más altas y baja en la edad de imputabilidad",,20,39,2025-10-02 20:05:39
1nwitc2,roxilyarg,¿Opiniones?,,424,1387,2025-10-02 19:58:23
1nwinz9,Argentinotriste,Motos: los patentamientos crecieron en septiembre y tuvieron una suba interanual,,2,4,2025-10-02 19:51:54
1nwidtp,Shot-Journalist-126,"Javier Milei y la batalla cultural: ""Vayan y den la pelea"".",,75,10,2025-10-02 19:39:37
1nwi9ut,hernannadal,"La exjefa de prensa de Espert confirmó el vínculo con ""Fred"" Machado: ""Era mucho más que un aportante""",,12,0,2025-10-02 19:34:41
1nwhys8,nesz14,No se yerba comprar,"Haber no vivo ni soy de argentina pero quiero tomar mate, antes probé el rosa monte y no sé si huir tomando ese o probar otro, cual me recomendarían ? ",32,3,2025-10-02 19:21:40
1nwgtaq,Powerful_Bumblebee88,2 vetos rechazados (financiamiento universitario y emergencia pediátrica),,536,263,2025-10-02 18:35:40
1nwgpkp,maleeeh,La aduana me tiene hasta las bolas,"Es normal que el correo te retenga tanto los paquetes? Me llegó desde Europa en menos de 12 días, y desde ahí la aduana supuestamente me pidió hacer una declaración jurada QUE ME IBAN A MANDAR POR MAIL (el cual nunca me llegó el mail y en la web nunca me apareció para hacerlo), después me dijieron que no se hizo la declaración jurada y por eso estuvo un mes en la aduana.
Ahora, no solo eso, después estuvo todo un mes más, mientras yo mandaba mails al correo y me decían lo mismo, y al día siguiente de ese mismo mail que mande, el cual habían dicho que ni si quiera habían mandado el paquete en si ya que no había una declaración, apareció como si la aduana me negó el ingreso al país, siendo este un celular homologado, legal, etcetera, y los pelotudos del correo argentino a todo esto me mandaron un mail diciendo que supuestamente me entregaron el paquete pero que no había nadie en el domicilio (cuando el día anterior me habían dicho que el ingreso del paquete fue negado por la aduana???), y todas las veces que pasaron, qué encima jamás hubo llamadas, o mails, o incluso en mi casa siendo que hay gente disponible, nadie toco el timbre, osea??? 
No se ya que pensar. Me dijieron que no entregue la declaración jurada qué me tenia que aparecer vía web, o específicamente por mail la cual no llego, después djieron que la aduana negó el acceso al país y el día posterior a ello me dijieron q cuando entregaron el paquete no había nadie a cargo???
Por dios, es un celular, no 48 kilos de merca..",32,13,2025-10-02 18:31:36
1nwfgx6,fatninja32k,Un padre emocionado viendo a su hijo laburar.,,31,106,2025-10-02 17:44:27
1nwf8b7,RahitoG,Las alegrias claras,Entrevista con Gabriel Anhelo ,25,20,2025-10-02 17:36:07
1nwepcp,hernannadal,Tiempo de descuento (1997 ) Cortometraje Argentino,,2,4,2025-10-02 17:16:41
1nwe8z4,Mindless_Tomorrow_45,"Soy porteño nivel 5, no entiendo",,60,0,2025-10-02 17:00:04
1nwe57h,Corruptus_inextremis,Cierre del BCRA al 02/10,,58,61,2025-10-02 16:56:11
1nwdyww,superfreakgamer,Insultos argentinos,"Soy muy fan de los insultos argentinos. Soy de España y cada vez que veo argentinos insultando lloro de la risa. Sois los mejores y los más originales. Os podría pedir que me dijeseis los más originales que hayáis escuchados y a qué tipo de persona van dirigidos? 

Ejemplo: a un calvo (tobogán de piojos)😂",66,25,2025-10-02 16:49:43
1nwdt7d,julisaannn,Soy un viejo gaga?,"Soy un viejo gaga por estar indignado al haber escuchado esto? Tendría que ser un delito al igual que modificar el himno. No podes hermano. Para los que escuchamos tango y entendemos el patrimonio de este se me hace aberrante tener que escuchar esto.
Lo escuché de mis compañeros de clase y me dieron ganas de cabecear una lapicera.",6,0,2025-10-02 16:43:50
1nwcybl,DrakoXMusic1,"El mayorista cerro 1424.50, se operaron 435MM y el tesoro vendio en 1425 cerca de 150MM",,84,0,2025-10-02 16:11:21
1nwcxxk,leomuni,"Argentina puso en funcionamiento el primer laboratorio de bioseguridad nivel 4 de América Latina, que funciona en el Malbrán",,18,69,2025-10-02 16:10:56
1nwcfjt,hernannadal,Fundación Huesped: Tratamientos de larga duración contra el VIH: qué es lo que viene,,1,4,2025-10-02 15:51:59
1nwcab0,Fluffy_Mail_2255,"Espert-Machado,documento que tienen del caso en Texas","
El caso en East Texas es: Case 4:20-cr-00212-ALM-KPJ

En la pagina 83 aparece el nombre de Espert y aparece con los USD 200.000

https://mykldexportsprod.blob.core.windows.net/userreports/imports/classic/WFAA-Broken-Trust-supplemental-documentation-25121.pdf

Esta información proviene de comentarios de otros usuarios de acá ,reddit,que compartieron el link",35,0,2025-10-02 15:46:32
1nwc7eb,join_the_slark_side,El “autodidacta” que creó una web pirata desde Entre Ríos pasó de estar preso a ser contratado por un unicornio argentino,,8,0,2025-10-02 15:43:28
1nwbtln,Dazzling_Ad7969,"Que onda estos ""aceite de oliva""?","En mi casa siempre compramos aceite de oliva de marca o en su defecto compramos de productores directos del norte, pero hace rato venimos viendo estos a precios extremadamente barato (2mil o menos) y decidimos probar.  Aunque según la etiqueta es oliva, no especifica que ingredientes trae. No es solo este ví muchas ""marcas"" diferentes que también son baratas y alegan ser oliva Pero sin especificar siquiera composición o ingredientes. Alguien sabe que onda?",32,10,2025-10-02 15:29:19
1nwboec,Fair-Building9322,Gobierno sobre la citación de Karina al Congreso: “La señora Milei va a hacer lo que considere prudente”,,11,4,2025-10-02 15:23:50
1nwbcby,Blackbird_song13,¿Qué hacer ante un paciente con ACV? 🚨,El Dr. López Rosetti explicó cómo actuar ante este tipo de casos.,29,214,2025-10-02 15:11:14
1nwagqt,DrakoXMusic1,Sobre el Swap con USA,"Un Swap es básicamente un intercambio de monedas entre dos bancos centrales (aunque en este caso parece que va a ser contra el Tesoro Americano, no la FED).

El BCRA entregaría pesos y el Tesoro Americano dólares a un tipo de cambio estipulado y con un vencimiento (se puede renovar).

Básicamente los dólares quedarían guardados en el BCRA y no tendríamos que pagar nada.

Cuando el BCRA use una parte de los dolares (por ejemplo, para pagar deuda) se considera que esa parte queda activada y tenes que pagar una tasa de interés al Tesoro Americano

Además, el acuerdo seguramente venga con condicionales, la más probable sería desarmar el Swap con China.

Seguramente nunca sepamos estás condiciones, del Swap con China no sabíamos ni la tasa de interés xD (después saltó la ficha, no era mucha la tasa y seguramente en este caso tampoco)",5,0,2025-10-02 14:39:41
1nwadah,Tokita_Caju,"Mucha politica, toca momento uocaaa",,1,119,2025-10-02 14:36:04
1nw9thz,Argentinotriste,Vaca Muerta produce el 64% del petróleo argentino y marca récord en 27 años,,29,55,2025-10-02 14:15:49
1nw9mij,Cayetanus,Inminente anuncio de Javier Milei sobre un Nuevo Código Penal mucho más severo,,327,634,2025-10-02 14:08:47
1nw9auj,aceleracionista,El FMI le pidió al Gobierno que construya un amplio apoyo político para realizar reformas y aumentar las reservas,,7,0,2025-10-02 13:56:58
1nw8q9i,CaramelAutomatic7762,"""El abogado defensor de una acusada central del triple asesinato es un empleado del municipio de Florencio Varela""",,9,82,2025-10-02 13:35:27
1nw8opi,Fair-Building9322,Senado: la oposición debate los vetos al Garrahan y universidades,,3,4,2025-10-02 13:33:50
1nw8f3i,hernannadal,El riesgo de incendios forestales se dispara en la Argentina,,1,0,2025-10-02 13:23:56
1nw7n1u,hjf2014,El FMI le pidió al Gobierno que construya un amplio apoyo político para realizar reformas y aumentar las reservas,,34,0,2025-10-02 12:55:00
1nw7idq,vigoem90,¿Que le pedirías al Zupay?,,5,2,2025-10-02 12:50:13
1nw743r,CaseSufficient3173,En que parte de Venezuela pasaba est.. ah no para.,,362,1350,2025-10-02 12:35:34
1nw6e3i,DrakoXMusic1,El BCRA (en nombre del Tesoro) sigue poniendo ordenes de venta a 1425 debajo del techo de la banda,,40,0,2025-10-02 12:08:41
1nw5xkx,Argentinotriste,"Boom de ventas de autos 0km: septiembre marcó un alza del 27,8% interanual",,9,18,2025-10-02 11:51:39
1nw5vma,hernannadal,Diputados aprobaron la adhesion de Chaco a la ley nacional de cannabis medicinal,,7,3,2025-10-02 11:49:36
1nw5pfs,MrCoke98,Autorización de Obra Social,"Hola buenas gente, les cuento, hace unos días que vine a una clínica donde me internaron en un principio por Colangitis, después de unos estudios parece ser algo menor a eso pero necesitan hacerme una resonancia para ver bien el problema y ahí es donde entra el tema. La obra social que tengo mando el pedido de autorización de internacion y la resonancia a Río Medica S.A y estoy sin respuesta desde el lunes. Así que estoy acá hasta que se dignen en mover el orto.
Alguno que haya estado en mi lugar me sabría decir que hacer? Llame bocha de veces al número de río medica pero no atienden, y mi obra social se re lavó las manos diciendo que ya pidieron la autorización pero que ellos no pueden hacer nada hasta que contesten de Río Medica S.A",3,2,2025-10-02 11:43:06
1nw5e8u,MonitorNo2101,"Cristina Kirchner : ""No voy a aumentar las jubilaciones si nadie se hace cargo de decir de donde sacamos la plata""",,216,716,2025-10-02 11:31:05
1nw50uz,joablilisimo,Como se vería la bandera de malvinas si fuera una provincia argentina,,47,75,2025-10-02 11:16:37
1nw4zve,Mindless_Tomorrow_45,Insólita demora de un buque científico en el Puerto: 30 investigadores varados a un costo de U$S 150 mil por día,,6,0,2025-10-02 11:15:38
1nw4spi,Complete-Top-6714,Salud mental y las redes sociales.,"Necesito un consejo o ayuda. Hace un año estoy teniendo un  problema grave de adicción a las redes que me hicieron llegar a sentir una cierta toxicidad de mi persona que no me gusta, intente mil veces dejarlas pero lamentablemente esta todo tan bien diseñado que no me sirve con solo desinstalarlas, bajar una aplicación para reducir el tiempo, tampoco me sirve y si quiero irme a un celular antiguo(los de teclado) y  me limita en muchas otras cosas: Por ejemplo, no poder usar Uber, pagar servicios ya que manejo dinero digital, entre otras. Estoy buscando gente que este en la misma que yo para saber si  encontró alguna forma real de poder despegarse de lo no importante pero manteniendo lo otro que si me sirve. Se de algunos celulares que limitan todo esto pero todos son demasiado limitados para mi uso y acá en argentina, queda como algo muy desactualizado. Muchas gracias!",56,8,2025-10-02 11:07:54
1nw4n7u,Argentinotriste,La UBA registra menos inscriptos en carreras inútiles y más interés en ciencias duras,,77,0,2025-10-02 11:02:11
1nw4lim,Diegoyaanez,Mejor vista imposible!!,,0,0,2025-10-02 11:00:32
1nw4ila,Delsevvv,Revuelo político en Chile por una desaparecida de Pinochet que encontraron viviendo en Argentina,,4,41,2025-10-02 10:57:21
1nw42xr,Fair-Building9322,"Javier Milei ratificó a Jose Luis Espert como candidato: “Si yo creyera que alguno está sucio, lo hubiera echado”",,33,30,2025-10-02 10:40:11
1nw3y8q,BiscochoGarcia,¿Por qué no me debería comprar uno de estos bichos por mil pesitos?,,126,265,2025-10-02 10:34:53
1nw3w2z,guanoar516,"A partir de la declaración de Ángela Torres, qué opina la gente sobre esto?",,17,0,2025-10-02 10:32:23
1nw3m95,DrakoXMusic1,Treasury Secretary Scott Bessent (@SecScottBessent) on X,,35,0,2025-10-02 10:21:10
1nw30uc,EduBA,Es ley: el 18 de octubre es el Día Provincial de la Menopausia,,23,8,2025-10-02 09:56:29
1nw2yu9,hernannadal,"Scott Bessent: “No estamos poniendo dinero en la Argentina, le estamos dando una línea de swap”",,85,57,2025-10-02 09:54:03
1nw2jos,gustavsen,"ANTIVACUNAS: Aumento de sarampión, coqueluche, Rubeola, Hepatitis A y B, Viruela, Sífilis y Tuberculosis.",,125,141,2025-10-02 09:35:16
1nw2i80,MonitorNo2101,Dale graba boludo que me quiero ir a la mierda.,,64,404,2025-10-02 09:33:25
1nw2d64,whaddefuck,Bullrich insistió en su reclamo a Espert por su vínculo con el narco Fred Machado,,19,21,2025-10-02 09:26:56
1nw2cxv,TallCh1ld,Ya fue terapia,"Había supuestamente empezado terapia la semana pasada, pague una sesión como para ir viendo que onda pero se me va a hacer imposible pagar una sesión por semana, mucho menos dos como quiere la psicóloga. Al final me dijo que podía hacer una excepción conmigo y recibirme con obra social prestada (así de cagada de la cabeza me habrá visto jajs) pero la única persona que me podría haber prestado ya la usa para lo mismo.

Aparte de esta psicóloga la única opción que me queda es un único psicólogo que atiende en una salita (hasta donde yo se, podría ya haberse jubilado inclusive) y aparte de que no me siento cómoda hablando de ciertos temas con un hombre, todos los que fueron con el me contaron que el ventila por todos lados los mambos de sus pacientes y eso es lo último que quiero.

Ahora necesito un trabajo que o me pague una banda o que tenga obra social, lo cual no se como voy a conseguir en este pueblito de mierda. La verdad me vengo sintiendo muy pero muy mal y abrumada por muchísimo tiempo y cada día empeoro más, si no puedo hacer terapia no se que voy a hacer conmigo misma.",25,0,2025-10-02 09:26:38
1nw27f2,Fair-Building9322,"A días de las elecciones, Cristina Kirchner y Axel Kicillof se reunieron en San José 1111",,10,0,2025-10-02 09:19:46
1nw1xt1,FluffyBowl6448,Que ojos,,9,70,2025-10-02 09:06:57
1nw1781,Hecatusky,Nuevo apoyo de Bessent a Argentina: habló con Caputo y el ministro viajará a Washington,,20,37,2025-10-02 08:29:37
1nw0v10,Fair-Building9322,El secretario de Educación afirmó que el salario docente “ha ido avanzando” desde diciembre de 2023,,22,5,2025-10-02 08:11:48
1nw0sn7,Difficult-Counter-83,Me chocaron el auto y el tercero que me chocó tiene Liderar Seguros. Una empresa que no se hace cargo y no paga los siniestros y te deja en bolas.,"El pasado 26 de mayo me chocaron el auto estando parado. Y la empresa de este hombre: Liderar Seguros S.A. se comprometió a pagarme entre los 30/45 días hábiles. Ya pasaron 2 meses y aún la empresa me tiene a las vueltas; la oficina que tienen acá abre solo martes y jueves unas pocas horas a la mañana. No atienden mensajes, ni llamadas, ni audios, ni correos. 

Los denuncié con la SSN, pero me dicen que solo pueden actuar si les hago juicio con un abogado. Los denuncié en Defensa al Consumidor, pero aún no obtengo respuesta y ya pasaron 48 h. 

Me hicieron firmar un documento de conformidad respecto a que aceptaba un monto de indemnización y que quedaría satisfecho una vez me lo entregaran, pero no me lo entregaron aún y, cuando voy a reclamar a la oficina, me dice el personal que averiguara, pero no pasa a mayores... Sigo sin respuesta.

¿Qué puedo hacer al respecto?",45,29,2025-10-02 08:08:16
1nw0p86,Mindless_Tomorrow_45,Encapuchada y esposada: así fue trasladada Morena Rial a un penal tras ser detenida nuevamente,,28,19,2025-10-02 08:03:08
1nw0lkf,Proud-Oil-2049,Profesorado de Inglés con 40,Tengo 39 y el próximo año quiero empezar un profesorado de inglés a los 40. Tiene salida a esta edad?. Hay requisitos de edad en las escuelas?. El idioma ya lo hablo y también me gusta enseñar. Tengo muchas ganas de irme con mi familia al interior del país y ejercer en escuelas de pueblos o ciudades pequeñas. ,32,7,2025-10-02 07:57:51
1nvyzqe,nachoger2012,que se hace con alguien así?,accidente me parece que no es....,3,1,2025-10-02 06:20:49
1nvyo28,Robo-TINA,Jueves de Contemplación,,31,3,2025-10-02 06:00:15
1nvynx2,Robo-TINA,"Thread Diario de Dudas, Consultas y Mitaps - 02/10","Thread Diario de Dudas y Consultas!

Entra a nuestro [Chat](https://chat.reddit.com/room/!hSSQyOrLT-ahufrqRuBANA%3Areddit.com) y charla con la comunidad!",121,3,2025-10-02 06:00:01
1nvvd6r,Tokita_Caju,Rosca Floja \:D/,,24,156,2025-10-02 02:33:12
1nvudqs,No_Handle_3475,Bancan fernet branca con coca cola y un chorrito de whisky ?,Alguna vez lo probaron o sabían de esta combinación ? Los leo.  ,48,6,2025-10-02 01:36:49
1nvtp5h,SyllabubFamous3532,Reviews,"G'day, I'm Australian and I'll be travelling to Argentina soon. I don't have a fixed itinerary and I'd like to explore areas that aren't too touristy but are very Argentine. I'd like to hear opinions on this and how safe it is to travel there. Cheers, looking forward to your replies.",25,3,2025-10-02 00:59:22
1nvt0r1,msvalkyr,Sigue la salida de multinacionales: las 16 que se fueron en lo que va del gobierno de Javier Milei y las que negocian su retirada,,56,0,2025-10-02 00:23:37
1nvsvtm,Kutuhala,Llegarán tropas de EE. UU. para participar de un ejercicio militar con la Armada en Ushuaia,,16,53,2025-10-02 00:16:39
1nvsupq,Suspicious-Crow-8379,Something you would like to see in a video game if it took place in Argentina is...?,"**If you were to play a video game that takes place in Argentina, what would you want to see?** For reference, this game would be similar to Mercenaries 2: Playground of Destruction, Just Cause 3 and Red Faction: Guerilla. The physics of blowing things up and ""feeling"" of each gun being different with recoil, range, rounds per second, stopping power, all of those sorts of traits is the focus of the game as well as siding with certain factions over others (think Fallout: New Vegas) and being the new leader of post-war torn Argentina. RDR2 and Ghost Recon: Wildlands are other inspirations for said project. 

Any and all feedback or recommendations is welcome whether story, combat, mechanics, features, creatures, locations, progression, urban legends and myths (really need help in this area), superstitions, etc.!",90,6,2025-10-02 00:15:05
1nvrno4,msvalkyr,Espert no quiso contestar si Fred Machado le transfirió 200 mil dólares en la campaña de 2019,,97,89,2025-10-01 23:16:29
1nvraaj,fatninja32k,Decathlon anunció que abrirá locales en dos grandes shoppings porteños,,7,13,2025-10-01 22:59:28
1nvr5fo,DrakoXMusic1,Milei: Si yo lo echo a Espert valido lo que esta diciendo Grabois.,,471,304,2025-10-01 22:53:02
1nvqjry,Asleep-Improvement16,Operativo BANANA SAPE del ministerio de seguridad (Real),El Min de Seguridad le puso Banana Sape a un operativo contra merca. ,54,315,2025-10-01 22:24:46
1nvplj7,ElNegro__Pete,TRAGEDIA EN LANÚS: discutió con un trapito y murió,,17,22,2025-10-01 21:40:20
1nvp8rg,tomillomaroni,Ciudad de Tandil y área circundante,Imagen satelital en conjunto con modelo de elevación digital. ,7,12,2025-10-01 21:23:12
1nvoryl,hernannadal,Asociación Argentina de Astronomía pide que no se realice un evento de Astrología en el Planetario,,321,1640,2025-10-01 21:01:48
1nvo6q4,ProcedureFresh1417,Felipe Mc Gough (el argentino más respetado en F1) destroza a Lance Stroll y revela la interna de Red Bull | Entrevista completa,"Buenas gente, les comparto esta entrevista a Felipe Mc Gough en el podcast Sin Rebajes que está muy buena.

Para los que no lo conocen, Mc Gough lleva 45 años trabajando en F1, estuvo desde los tiempos de Reutemann y tiene contacto directo con equipos y pilotos. Es básicamente el argentino con más credibilidad dentro del paddock.

**Algunos highlights:**

* **\[Min 32:15\]** Dice textualmente que Lance Stroll ""no merece estar en la F1"" y que ""es muy mala onda, nadie quiere hacerle notas""
* **\[Min 28:40\]** Revela que en Red Bull ""prefirieron quedarse con Max que con Christian Horner"" cuando hubo el quilombo interno
* **\[Min 23:30\]** Habla del ""Efecto Colapinto"" y cómo cambió la demografía de los fanáticos en Argentina
* **\[Min 15:36\]** Cuenta los avances (y trabas) del proyecto para traer la F1 de vuelta a Buenos Aires
* **\[Min 07:46\]** Se emociona recordando la muerte de Senna: ""No podía creer que se muriera en un accidente""

La entrevista dura casi 1 hora pero vale la pena. El tipo no tiene pelos en la lengua y dice cosas que no vas a escuchar en ningún otro lado.",12,15,2025-10-01 20:35:16
1nvo1ky,el_cachi_,Solo para entendidos,,28,22,2025-10-01 20:28:51
1nvo0e3,Due-Guidance8294,Viaje a Europa (25 días),"Hola, como dice el título planeo hacer un viaje a Europa de 25 días aprox en Julio/Agosto (ya se que es temporada alta pero es la unica parte del año que puedo ir). La idea sería hacer España - Francia - Italia (haciendo foco en playas de Italia).

Tema plata/efectivo/tarjeta: Como lo manejan? Llevan efectivo? Cambian allá? Pagan con Tarjeta en USD y después pagan con USD desde caja de ahorro?

Cualquier otro tip es aceptado ya que es mi primer viaje, gracias!",31,0,2025-10-01 20:27:21
1nvmwcu,hernannadal,"Por la quita temporal de retenciones, la recaudación tributaria cayó un 10% en septiembre",,3,0,2025-10-01 19:39:16
1nvmvs4,lucasarg14,La extraña vinculación del kirchnerismo con el narcotráfico por Kalina Ann,https://x.com/CarajoStream/status/1973513669029077180?t=9aYxhdDeef7glImXUCG6zQ&s=19,233,292,2025-10-01 19:38:36
1nvmqtd,fatninja32k,"Dos empresarios, un ""Trust"" dudoso y el error de Espert en la ""operación narco avión""",,9,0,2025-10-01 19:32:44
1nvmmqs,CartoonistUnlucky520,Docentes en Argentina,"Holis.
Soy profe de historia, sigo matándome para conseguir laburo 
A veces entro en la depre total 
Si no conocés a alguien no entrás? Repartí mil cv y ahora me anoté al listado oficial a ver qué sale ",22,3,2025-10-01 19:28:05
1nvln9m,ToHiGu7,Existirá la imagen?,"Recién vi que alguien subió una imagen acerca de estos chistes q te venían en los chicles bazookas, y me acordé de algo.

Una vez compre uno de estos chicles hace años y venía con uno de estos papelitos que no incluían un chiste, si no un texto diciendo que me había ganado una caja de bazookas o algo así, cuestión que cuando fui a reclamar mi premio al kiosquito de barrio, la doña se hizo la boluda y no me lo reconoció, igual era una señora grande y anda saber si sabía acerca de los premios q te podían venir en los chicles. Es un recuerdo q tengo y voy a ver si encuentro alguna imagen del papelito.",46,96,2025-10-01 18:48:57
1nvkwpp,FluffyBowl6448,Hermanos,,9,23,2025-10-01 18:19:56
1nvkkmp,ValuableOpening2139,Ayuda con estafa de facebook,"Hola a todos, queria preguntar si a alguien le ocurrio algo similar, hoy a mi papa le empezaron a descontar importes chicos pero varios de $1500 a $11.000 a nombre de METAPAY Y FACEBK ya llamamos al banco pero tenemos que esperar hasta mañaa, alguien sabe de que es??? Mi papa no tiene facebook, y de mk familia nadie publicita nada por esta palataforma... porque por lo que vi, son de anuncios. Gracias ",6,3,2025-10-01 18:07:03
1nvk7xb,JonaCracked,Ingreso Secundario,"Siempre tuve la duda de en qué invertir para generar un segundo ingreso, estoy con lo de venta de streaming y sí, es buen ingreso, pero el tiempo no lo tengo para estar en ello, así que les pregunto, cuál puede ser su segundo ingreso?",4,0,2025-10-01 17:53:39
1nvk5mb,Tokita_Caju,"""El Bonsai"" Porque en el microcentro porteño apodaron así a un ""arbolito"" con enanismo.",,32,264,2025-10-01 17:51:06
1nvj5qw,images3254,Dunas Gigantes en Catamarca: Duna Mágica,"Estos médanos gigantes se encuentran cerca del pueblo de Saujil, a unos 13 kilómetros de Fiambalá. Se pueden visitar.",9,6,2025-10-01 17:14:05
1nvj5h9,DrakoXMusic1,"El Tesoro compro 38% de la liquidación extraordinaria del agro, segun Facimex",,18,11,2025-10-01 17:13:48
1nvj4vs,gadriano,Nuevo tuit de CFK contra Milei: rebautizó a La Libertad Avanza y creó la nueva expresión “NMAP”,,22,0,2025-10-01 17:13:12
1nvihi9,Fair-Building9322,"Legisladores demócratas piden a Trump que ""frene de inmediato"" el plan de ayuda financiera a la Argentina",,156,79,2025-10-01 16:49:21
1nvgr72,hernannadal,Entre liberar el dólar o volver al cepo: la City se inquieta y plantea la disyuntiva para el Gobierno,,22,0,2025-10-01 15:45:19
1nvgr18,DrakoXMusic1,"Cerro la rueda, hoy se operaron 811MM y lo ultimo operado fue a 1423. El Tesoro vendio fuerte mas de 300MM seguro",,18,0,2025-10-01 15:45:09
1nvgkdm,Low-Concentrate2162,Preocupación en Washington por la apropiación de activos de una empresa de EEUU en Chubut,"El gobernador de Chubut, Ignacio Torres, decidió de manera arbitraria avanzar sobre la compañía pesquera Red Chamber, que ya planteó el caso ante la justicia federal",5,0,2025-10-01 15:38:34
1nvg3n3,fatninja32k,Julia Mengolin sobre Mariano Pérez.,,50,0,2025-10-01 15:21:56
1nvg0y2,Thin-Payment-5327,Con lo de Espert estamos viendo otro caso de Ninguna prueba y Mucho relato,"No hay literal ninguna prueba, ni una foto de comprobante, ni una captura de pantalla, ni un chat. Absolutamente nada, 0.

ya varias personas me hablaron del tema y literal no hay nada. 

Le pedi a chat gpt que me diera fuentes de las pruebas y literal no existen.

Estamos viendo lo mismo que con Karina, muchiiisimo relato, 0 pruebas y mientras tanto no se habla de todo lo malo del peronismo, fentanilo, etc

  
si hubiera pasado el año pasado, ok, pero hace 1 mes mancharon sin pruebas y estan queriendo hacer otra vez lo mismo.



  
",196,0,2025-10-01 15:19:16
1nvflvy,Extension_Ad_2042,Locales de KFC por Argentina,"el KFC de Cordoba se dice que llegara a fin de año pero. es simplemente un rumor si llega a fin de año. lo que si es que esta confirmado para que llege a Cordoba Capital.  
IG= Patagonia.maps",100,55,2025-10-01 15:04:14
1nvfkep,Lyapunoff,"Trump’s Argentina bailout sparks fury among farmers, Republicans",,42,0,2025-10-01 15:02:45
1nve9tj,Fair-Building9322,Paro y movilización en Córdoba y el país para exigir el cumplimiento la ley de emergencia en discapacidad,,11,0,2025-10-01 14:16:20
1nvcojz,lucasarg14,Conferencia Axel Kicillof - 1 de Octubre de 2025,,71,236,2025-10-01 13:18:34
1nvcj5v,Maximum_Guard5610,Bariloche,,18,110,2025-10-01 13:12:50
1nvcek8,heenaasaaa,Martín Lousteau: “Milei hace que el Estado sea cada vez peor y que perdamos la carrera de la competitividad”,,15,0,2025-10-01 13:08:11
1nvc7gy,gonzaleandro,Conferencia de prensa | 01.10.25 - VOCERÍA PRESIDENCIAL,,12,0,2025-10-01 13:01:01
1nvc5gu,RealRock_n_Rolla,Servicio del tren se vio interrumpido luego de que un patrullero fuera embestido por la formación,,131,526,2025-10-01 12:58:54
1nvar2f,Outrageous-Builder31,el pibe j: Ese es cliente mío [infla el pecho con orgullo y se acomoda el flequillo de carlitos bala],,35,0,2025-10-01 12:07:04
1nvant0,CaramelAutomatic7762,"Javier alonso, ministro de seguridad de pba: ""Estaba sembrando algo que acordábamos con el juez y con el fiscal para ir llevándolo a el una situación para que supiera como íbamos cercenando sus posibilidades y para obligarlo a el a escapar""",,36,44,2025-10-01 12:03:42
1nva7kh,Kindly-Following-737,"El reclamo de Patricia Bullrich a José Luis Espert por las denuncias de un presunto nexo con un narco: ""Hay que aclarar la situación ya""",,21,9,2025-10-01 11:47:00
1nva5wq,hernannadal,"Científica argentina, destacada entre las 100 personas más influyentes en el mundo de la IA",,3,23,2025-10-01 11:45:20
1nv9zxs,Usuarianonima,Duda sobre obras sociales y hospitales,"**Ayer vivi una situacion desagradable con una emergencia que tuve, me quede sin obra social por cuestiones economicas y la ambulancia publica no vino jamas alegando que no era un riesgo de vida (cuando los sintomas eran claramente un problema, la persona no se podia siquiera movilizar al hospital) y despues de ''arrastrarnos'' hasta el hospital mas cercano nos tuvieron 6 horas para decir que era una simple cefalea, una verguenza, incluso vimos una persona esperar gritando por un infarto durante 5 de esas 6 horas.**   
**En fin, hoy me puse a ver planes pagos economicos y veo que son todos un desastre, no te atienden o te cobran pero no te brindan lo mas minimo entonces decido recurrir a ustedes para preguntarles si saben de alguna cobertura buena/media y economica o a que hospitales me recomiendan acudir en CABA que tengan buena atencion (que no te dejen morir bah).**   
**Respecto a los turnos particulares por ahora no tengo quejas sacando que hace un mes me tienen en espera por salud mental sabiendo que estoy sin tratamiento y viene para largo.**  
**Los leo. Gracias de antemano.**",9,9,2025-10-01 11:38:54
1nv9x5c,FluffyBowl6448,Un cartero,,13,83,2025-10-01 11:35:58
1nv9rvm,Southern-Chain-6485,El calvario de las víctimas de una serie de agresiones a gays y lesbianas,,48,1,2025-10-01 11:30:19
1nv9o58,MonitorNo2101,Excombatientes kirchneristas desplegaron en las Islas Malvinas una bandera con la leyenda “Cristina libre”,,11,0,2025-10-01 11:26:13
1nv9iwm,DrakoXMusic1,"""La hoja de ruta que le dieron al FMI eran 4 paginas, no se entendía nada"" - Joaquin Cottani con Novaresio",,41,0,2025-10-01 11:20:43
1nv97vq,nikolaibk,"Patricia Bullrich, sobre Espert: ""No podemos aceptar conductas de personas que estén aliadas con el narco, es muy importante aclarar la situación ya""",,63,113,2025-10-01 11:09:09
1nv90p7,RoJAnAVi,"Bullrich pidió explicaciones urgentes a Espert: ""No podemos aceptar conductas de personas que hayan recibido plata del narco""",,20,18,2025-10-01 11:01:26
1nv8u7r,cala7a,Crimen brutal en La Matanza: hallan joven muerto con disparo y manos mutiladas,,109,135,2025-10-01 10:54:08
1nv8ni2,chequeaBOT,Oficializaron el pago de un bono para jubilados y pensionados en octubre,,4,4,2025-10-01 10:46:34
1nv7zt1,Lyapunoff,"Cavallo: ""De aquí al 26 de octubre y después…""",,7,0,2025-10-01 10:19:28
1nv7vxd,Lapatadegardel,"Bullrich destrozó a Espert: ""No podemos aceptar personas aliadas al narco""",,18,0,2025-10-01 10:14:50
1nv7muj,Fair-Building9322,Nuevo golpe al bolsillo: octubre llega con ocho aumentos clave,,4,0,2025-10-01 10:04:01
1nv7aa4,Electrical_News_9466,Aparecio Pequeño J,"Agarraron a Pequeño J en Lima (no hay remate). Ahora se nota que el identikit de chatgpt era como poco polemico, aunque en algunas fotos la cosa se ve...",110,226,2025-10-01 09:48:43
1nv712v,FluffyBowl6448,Buenos días,,14,66,2025-10-01 09:37:20
1nv6tn3,hernannadal,"Nueva expedición científica en el Mar Argentino: cuándo empieza, dónde será y cómo seguirla en vivo",,3,18,2025-10-01 09:27:54
1nv6q97,Mysterious-Part-340,What state should i live in,"Hey guys. I'm going to live in argentina as an expat. I speak zero spanish. Learning a bit now

Out of the 3 states, which one would you recommend for 3 things
- english speaking
- cheap
- safe

The states are:
- Santa fe
- Buenos aires
- Cordoba",60,0,2025-10-01 09:23:30
1nv6o0b,Delsevvv,Condenan a Julio De Vido a cuatro años de prisión en la causa por compra de gas licuado | También fue condenado el ex funcionario Roberto Baratta | Página|12,,6,17,2025-10-01 09:20:36
1nv5q3b,WallyTrainer87,"Familiar de Matías Osorio: es muy libertario, defiende a Milei 100%","En las pocas horas que duró el twitt de Libra, renuncio a su trabajo, lo indemnizaron e invirtió todo en la critomoneda.",252,181,2025-10-01 08:34:18
1nv4pcg,NotForMyNudes,Las billeteras virtuales dejan de vender dólar oficial y se generó ruido en el mercado,,77,55,2025-10-01 07:37:38
1nv48ra,Secure-Preference369,Como interpretar los resultados de las elecciones,"
Las elecciones de medio término suelen ser un ""termómetro"" para medir la gestión de gobierno. Este es un análisis objetivo de lo que se vota y los posibles escenarios de acuerdo a diferentes posibilidades matemáticas.

Por el diagrama escalonado qué tiene la renovación parlamentaria, cada 2 años se renueva la mitad de la Cámara de diputados y un tercio del Senado.

En este sentido, se renuevan 127 bancas de diputados elegidos en 2021 y los senadores de 7 provincias (Chaco, Entre Ríos, Neuquén, Río Negro, Salta, Santiago del Estero
Tierra del Fuego) y la CABA

Con 127 bancas en juego, a priori, para LLA el terreno parece fértil. Luego de presentarse a suprimera elección como espacio político (en 2021) obtuvo un 6% de los votos, 4 bancas. Cualquier resultado por encima de ese porcentaje podría interpretarse como una victoria.

Sin embargo, la profunda alianza parlamentaria establecida con el PRO/Cambiemos, podría convertirse en un salvavidas de plomo. El PRO renueva 61 bancas de la cámara baja, obtenidas con un 43% de los votos. Mantener ese número es todo un desafío y perder una porción significativa de esas bancas ""aliadas"" podría traducirse, si no en una derrota, al menos en una sería dificultad para el oficialismo.

En la vereda de enfrente, el Kirchnerismo pone en juego 50 escanios, obtenidos con el 35% de los votos de 2021.  El Kirchnerismo enfrenta el mismo dilema desde 2013; tiene un piso alto de votantes (el núcleo duro) pero un techo bajo. Cualquier resultado por encima del 35% podría leerse como una victoria, sino frente a LLA, al menos, contra si mismo.

En el Senado, el escenario es mucho más complejo. Por distrito y partido, los Senadores qué finalizan su mandato son:

Por la Ciudad Autónoma de Buenos Aires: Martín Lousteau (UCR) Mariano Recalde (K) y Guadalupe Tagliaferri, del Frente PRO. 

Chaco: María Inés Pilatti Vergara, Antonio Rodas (Frente de Todos) y Víctor Zimmermann (UCR)

Entre Ríos: Alfredo De Ángeli, Stella Maris Olalla (UCR). Falta que asuma Stefanía Cora (Frente de Todos), en reemplazo del expulsado Kueider.

Neuquén: Oscar Parrilli y Silvia Sapag (Frente de Todos), Lucila Crexell (Movimiento neuquino-Provincias Unidas).

Río Negro: Martín Doñate y Silvina García Larraburu (Frente de Todos) y Mónica Silva (Juntos Somos Río Negro).

Salta: Juan Carlos Romero (Provincias Unidas), Sergio Leavy y Nora Giménez (Frente de Todos).

Santiago del Estero: Claudia Ledesma Abdala -exmandataria y esposa del gobernador, Gerardo Zamora-, José Neder y Gerardo Antenor Montenegro, que ingresó por la banca de la minoría y se sumó al bloque kirchnerista.

Tierra del Fuego: María Duré y Cristina López (Frente de Todos), Pablo Blanco (UCR).

Esta renovación impacta sobre bloques opositores como el del Frente Nacional y Popular, que comanda José Mayans (con siete de diecisiete miembros terminando sus mandatos), y el de Unidad Ciudadana encabezado por Juliana Di Tullio, donde nueve de dieciséis representantes finalizan su etapa.

Con 16 de 24 bancas en juego por parte de la oposición Kirchnerista/peronista, éste es un escenario bastante favorable al gobierno de Javier Milei, de cara a ganar poder en un Senado qué le ha resultado esquivo. 

Sin embargo, la forma en la que se obtiene cada una de las tres bancas qué corresponden a los distritos (2 por la mayoría y 1 por la primera minoría), así como los resultados obtenidos por LLA en las elecciones qué fueron desdobladas de la nacional, anticipan un seguimiento ""voto a voto"" de los resultados. 

Hasta aquí, los datos objetivos. 

Respecto al Senado, LLA tiene muchísimo terreno fértil de donde cosechar bancas qué inclinen el equilibrio del Senado a su favor. Según los resultados del 26 de octubre, Javier Milei tendrá una gran oportunidad de hacer las paces con su vicepresidenta y contar con el apoyo y el aval de la cámara que representa a las provincias. 

Habiendo 16 bancas opositoras en juego, sobre un total de 24; cualquier resultado por encima de 8 será una victoria indiscutible del oficialismo. 

Finalmente, en cuanto a la cámara baja, habrá que ver que papel juegan los partidos provinciales y las minorías. Haber ""fagocitado"" al PRO atará a LLA al resultado electoral qué éste tenga a la hora de renovar sus bancas.

Teniendo esto en cuenta, LLA + PRO requieren un 48% de votos para ""mantener"" las bancas obtenidas en 2021. Es un número considerable.
Debido a esto, es posible que, aún cuando quede en primera posición, el oficialismo ""pierda"" las elecciones. ",14,0,2025-10-01 07:09:55
1nv448w,MonitorNo2101,"Martha Pelloni:  ""La Cámpora es el brazo del narcotráfico en la política de Cristina Kirchner""",,94,287,2025-10-01 07:02:24
1nv3ynh,Shot-Journalist-126,Están contentos los yankees,"en Forth Worth, Texas, EE.UU.",551,1271,2025-10-01 06:52:57
1nv35hk,Robo-TINA,Miércoles de Rant,Nuevo Rant con Standard de calidad ISO-9001,18,2,2025-10-01 06:00:13
1nv35du,Robo-TINA,"Thread Diario de Dudas, Consultas y Mitaps - 01/10","Thread Diario de Dudas y Consultas!

Entra a nuestro [Chat](https://chat.reddit.com/room/!hSSQyOrLT-ahufrqRuBANA%3Areddit.com) y charla con la comunidad!",82,3,2025-10-01 06:00:02
1nv2udr,Key-Grand7931,Drones en José. C. Paz y no ladrones XD,,19,1,2025-10-01 05:38:43
1nv2qzj,FluffyBowl6448,Buenos días,,4,35,2025-10-01 05:32:23
1nuyuci,Zeegots,Milei tiene la chance de matar al kirchnerismo con Espert y la está desperdiciando,"La oportunidad perfecta para que Milei marque la diferencia con el kirchnerismo, no puede tener en sus filas a alguien siquiera sospechado de corrupción o imvolucrado con narcotráfico. Mientras haya dudas, que Espert quede afuera. Y si se demuestra lo contrario, que vuelva sin problemas.

Después de todo, el propio Milei impulsó la ley de ficha limpia para impedir que condenados por corrupción accedan a cargos políticos. Si aplica esa vara también a los propios, no solo gana credibilidad: puede terminar de sepultar al kirchnerismo y ganar las próximas elecciones de taquito. Es una oportunidad de oro que no puede dejar pasar.",74,0,2025-10-01 01:29:01
1nuw5f8,Mateo03,"[Tucumán] Allanan domicilios vinculados al diputado Carlos Cisneros por presunta ""asociación ilícita"" contra los jugadores de Vélez denunciados por violar a periodista tucumana","Tras ser acusado penalmente de elaborar un ""plan criminal"" contra los jugadores y denunciarlos falsamente por abuso sexual, la justicia provincial allanó el departamento en barrio norte del magnate titular de la Asociación Bancaria, como también el despacho de la abogada de su confianza, Patricia Neme. De acuerdo a lo extraído de celulares por peritos, Neme y Cisneros habrían coordinado la falsa denuncia, la manipulación de testimonios y eliminación de evidencia que expondría una red extorsiva que opera en el ámbito político, judicial y mediático de la provincia.",4,12,2025-09-30 23:12:02
1nuw3gz,SwizItalo,Pichetto sigue con el lobby textil (hay narcotráfico por culpa de Shein),,30,135,2025-09-30 23:09:28
1nuvq7i,Tokita_Caju,Del Moro se autoanunció ganador del Martín Fierro de Oro,,24,134,2025-09-30 22:52:00
1nuvmr0,EquilibriumAlpha,"Fraude millonario: condenaron a Julio de Vido, Baratta y Nicolás Dromi por la compra de gas licuado","Ahora que está condenado, se puede decir que es un delincuente, esa es la definición jurídica. Esperemos que el sistema lo ""reeduque"", como decía Nancy Pazos, que había que hacer con el pequeño J, el narcotraficante peruano, ya que pensar como ellos es no tener educación, una simplificación de los hechos bastante peligrosa. Dios juzgará, hay que dejarlo en sus manos. Mientras tanto, la justicia humana debe dar el ejemplo y defender las bases de la convivencia social. El moderador de reddit me tiro abajo esta publicación por que puse que condenaron a ex ministro de cfk, y dice que no es leal a la publicación original cosa que no es cierto. Me parece que aquí censuran por ideología política,  o no quieren que se muestre esta publicación",7,50,2025-09-30 22:47:21
1nuvdv3,zaproxito23,Por qué el quraplus da sueño,"Hay alguna base científica que explique por qué el quraplus da sueño? Algún compuesto que tiene quizás? Es increíble Como un quraplus me sana de todas mis pestes, pero a la hora de que lo tomo, estoy nocaut jaja, es un sacrificio que estoy dispuesto a tomar",29,0,2025-09-30 22:35:47
1nuvdto,osdaeg,Un hombre chocó intencionalmente con su camioneta dos veces a un auto y un bebé terminó con fractura de cráneo,,15,28,2025-09-30 22:35:44
1nuvbn3,DrakoXMusic1,Gran riff,,49,183,2025-09-30 22:32:59
1nuvblt,SimpleExpert7441,Se acuerdan los chistes de Joe?,,22,84,2025-09-30 22:32:56
1nuv3an,Book_Nerdist,Yerbas Medicinales Argentinas,"Buenas a todos, siempre estuve interesado en las hierbas medicinales de Argentina y una persona conocida me presto este libro fotocopiado, lo subi a internet para que si alguien necesita recurrir a las curas de las plantas medicinales pueda acudir a este excelente libro. No es la mejor calidad como a mi me gustaria, pero cuando hay hambre no hay pan duro.   
Espero que les sirva.  
Saludos  
[https://www.scribd.com/document/925577952/Yerbas-Medicinales-Argentinas](https://www.scribd.com/document/925577952/Yerbas-Medicinales-Argentinas)",6,9,2025-09-30 22:21:52
1nutmp8,Blackbird_song13,"Ahhh bueno, ahora si eh...",,171,777,2025-09-30 21:13:25
1nut3bx,MonitorNo2101,Confirman la validez de un audio de Báez que asocia a los Kirchner con su fortuna: “Era de alguien de arriba”,,20,105,2025-09-30 20:48:06
1nuszjg,hernannadal,"En medio de la crisis. El talento científico argentino brilla, a pesar de la crisis: casos inspiradores desde Córdoba",,6,0,2025-09-30 20:43:22
1nusz1v,LocoPorYyN,"Detuvieron en Perú a “Pequeño J”, presunto autor intelectual del triple femicidio narco en Florencio Varela",,38,83,2025-09-30 20:42:46
1nusnau,heenaasaaa,Internaron a Estela de Carlotto,,47,46,2025-09-30 20:27:59
1nus340,leonardoxx1,Nunca estarás solo...,,43,584,2025-09-30 20:03:02
1nus2b5,poke__fisura,Habló la periodista que estuvo a los besos con Fede Bal: “Es muy seductor”,,7,0,2025-09-30 20:02:05
1nurq61,Shot-Journalist-126,¿Adios a las rotondas?: cómo podría aplicarse en la Argentina el sistema de cruces de ruta que se usa cada vez más en EEUU,,27,0,2025-09-30 19:47:18
1nuqqaq,Campeondelmundo1999,"Datos. En La Matanza bajan los homicidios, pero crecen las dudas sobre la estadística que sustenta ese informado descenso de asesinatos",,14,17,2025-09-30 19:04:40
1nuqjtk,Mindless_Tomorrow_45,Otra coronación de gloria,[https://www.instagram.com/p/DPOeXQAkdn7/](https://www.instagram.com/p/DPOeXQAkdn7/),70,882,2025-09-30 18:57:27
1nuqj7r,ghio1234,Qué dijo el presidente del BCRA sobre el corte abrupto de la venta de dólar oficial en las principales billeteras virtuales,,29,0,2025-09-30 18:56:44
1nuqdd6,JazzlikeHunt4039,Tengo 17 años y no tengo ni idea de politica,"Me falta lit 1 año para votar, y lo unico que me informe es que es la izquierda y la derecha. Despues nada. Algo se pero ni idea que ofrece cada partido. Nada eso espero me ayuden. Ah y por cierto, siempre me chupo un huevo la politica y eso, pero quice informarme y encontre este sub para ponerme un poco más. ",54,0,2025-09-30 18:50:03
1nup3wl,milfenjoyer_69,"Francisco Jueguen: Va a salir un comunicado del Banco Central contando que todas las billeteras (fintech) estaban en infracción porque ""todos los que te ofrecían dólar oficial y no son bancos""",,40,5,2025-09-30 18:00:12
1nuoa8p,bel_fegor,Por qué a Gran Bretaña le importan tanto las Malvinas,,3,7,2025-09-30 17:28:45
1nuo96h,fatninja32k,Konos by Katsu,,26,0,2025-09-30 17:27:40
1nuo3ig,Lapatadegardel,"Mientras Ushuaia lo repudiaba por entregar la soberanía, Milei autorizaba el ingreso de tropas de EEUU",,22,0,2025-09-30 17:21:53
1nunwsc,FluffyBowl6448,Un buen mate acompañado,,9,43,2025-09-30 17:14:56
1nunkg9,hjf2014,La oposición avanzó dividida con la reforma de los DNU y el Gobierno podría sostener un eventual veto,,4,31,2025-09-30 17:01:58
1numqm9,Petrif1,Que frutas nobles los artículos chinos que venden en los trenes,,4,81,2025-09-30 16:30:52
1numlkz,Fair-Building9322,Pullaro descartó el “relato” del Riesgo Kuka: “La gente no es zonza” - ANDigital,,22,0,2025-09-30 16:25:33
1nume31,DrakoXMusic1,"Te explico las últimas modificaciones del BCRA, qué es el 'arbitraje' y el 'rulo'","A) La nueva medida.

El Viernes 26/09 el BCRA publico un Circular [IMG 1] que modificaba un item del punto 3.8 texto ordenado de ""Exterior y Cambios"".

El punto 3.8.6 habia sido agregado hace una semana pero solamente tenía vigencia sobre gente en cargos importantes relacionados a finanzas, ahora con el nuevo cambio afecta a todas las personas humanas.

Básicamente estipula que si compras dolar Oficial tenes que firmar una declaración jurada comprometiendote a no comprar titulos valores (deuda publica) que liquide en moneda extranjera por 90 dias.

B) Que es el arbitraje y el rulo?

La medida tiene la intencion de evitar el arbitraje entre el dolar Oficial y el dolar MEP.

El arbitraje es el mecanismo que hace que, en el libre mercado, los precios de un mismo bien en dos mercados diferentes se igualen.

El dolar MEP es el dolar que se opera comprando / vendiendo titulos publicos, en un mercado diferente al oficial.

Como las personas juridicas no pueden acceder al Oficial pero si al MEP el precio del MEP tiende a ser mas alto.

Esto genera la posibilidad de hacer un ""rulo"" que es comprar al TC (el oficial) y vender al TC fuerte (el MEP) para ganar plata con la diferencia.

C) Porque lo hicieron?

Hay varias razones:

1) Como el arbitraje intenta hacer iguales los dos precios te termina subiendo el TC Oficial, algo que no quiere el gobierno.

2) Particularmente cuando el dolar Oficial esta en la banda se genera una retroalimentación, como el TC Oficial no puede subir el ""rulo"" te desangra el banco central (como ya vimos la otra semana)

3) Esta medida hace mas facil que el Tesoro compre los dólares que entraron por las retenciones 0, ya que evita que los que vendieron oficial se den vuelta y hagan rulo.

D) Consecuencias

Al evitar el arbitraje la brecha entre el Oficial y el MEP va a seguir aumentando (particularmente en [IMG 2] se puede ver, cuando pusieron el cepo para financieros subio del 0,5% al 4% y ahora está cerca del 10%)

Esto aumenta la expectativa devaluatoria (porque se compara contra el MEP y se espera que el oficial llegue).

Distorsiona el mercado, hace caer la demanda de pesos (porque se vuelve peor moneda, tiene menos usos) y te aumenta la demanda del oficial.

FUENTE CIRCULAR: https://www.bcra.gob.ar/Pdfs/comytexord/A8336.pdf",33,0,2025-09-30 16:17:31
1nultgj,Erudain,"Condenan a De Vido a cuatro años de prisión por ""pagos indebidos"" en la compra de gas y tiene que devolver 5,5 millones de dólares",,31,107,2025-09-30 15:55:54
1nulqs6,MonitorNo2101,"Fraude millonario: condenaron a Julio de Vido, Baratta y Nicolás Dromi por la compra de gas licuado",,17,73,2025-09-30 15:53:03
1null2w,hnatik,Alcohol al volante,,177,591,2025-09-30 15:47:02
1nule0z,Lyapunoff,Riesgo país argentino: 1203 puntos básicos,,11,0,2025-09-30 15:39:29
1nulcd5,WallyTrainer87,Rosario: una suboficial usó la pistola Taser por primera vez para reducir a una agresora,Se utilizo para evitar un desenlace más grave durante un forcejeo con la hermana de una víctima de violencia de género.,148,757,2025-09-30 15:37:46
1nulblf,Cocofaus23,Estoy buscando el nombre de una golosina de los 2010,"Era un chocolate de los simpson que venia en un paquete blanco con la cara de un personaje. El chocolate era la cara de un personaje y venia con 2 cartas tipo figuritas para album, llevo buscando el nombre 4 horas y no hay ningun dato, quiero saber si alguien se acuerda",9,0,2025-09-30 15:36:57
1nul4cn,Aviamund2,Candid photo of Scott Bessent’s phone reveals administration’s concern about two key Trump policies | CNN Business,"Le sacaron una foto del celu al secretario del Tesoro de EE.UU., donde presuntamente el secretario de Agricultura se queja de que Argentina bajó los aranceles de exportación para la soja y que, por eso, China salió a comprar a nosotros, socavando el impacto de los aranceles y, por ende, sus negociaciones con China.

",13,0,2025-09-30 15:29:34
1nuje8e,Lyapunoff,Una buena para AUH: ANSES pagará un bono especial de $ 500.000 en octubre,,61,0,2025-09-30 14:26:01
1nuijcu,DinoFeliz,Evolución de la deuda Bruta,"Ya que anda dando vuelta otro gráfico...  
Fuente: [https://www.argentina.gob.ar/economia/finanzas/graficos-deuda/evolucion-de-la-deuda-bruta](https://www.argentina.gob.ar/economia/finanzas/graficos-deuda/evolucion-de-la-deuda-bruta)",58,30,2025-09-30 13:54:00
1nuihaq,YoCatss,"La palabra del día en la página del diccionario de la RAE (dle.rae.es) es ""argentino/na""",,9,80,2025-09-30 13:51:48
1nuif4d,Fair-Building9322,Javier Milei habló sobre el escándalo en ANDIS: “¿Si vos te podés quedar con el 100% por qué te vas a quedar con el 3%?”,,36,0,2025-09-30 13:49:28
1nuhp1y,ArielIri,Consulta Medalla Gendarmeria,Quieren darme una medalla bodas de plata de  gendarmería argentina. Que valor tiene ? Es oro macizo ? Info,0,0,2025-09-30 13:22:16
1nuhmmg,JobImpressive1421,[ Removed by Reddit ],[ Removed by Reddit on account of violating the [content policy](/help/contentpolicy). ],16,0,2025-09-30 13:19:43
1nuhgfj,kirbag,Brutal agresión en un partido de básquet amateur: le pegó un codazo a su rival y le pisó la cabeza,,7,4,2025-09-30 13:13:01
1nuh1fx,Blackbird_song13,¿Se habían dado cuenta que podemos hablar solo con sustantivos? 🤔,,36,73,2025-09-30 12:57:23
1nugzm1,cala7a,Los peritos de la Corte Suprema revisarán la fortuna de Martín Insaurralde,,30,64,2025-09-30 12:55:25
1nugowa,Lyapunoff,INDEC - Evolución del stock de deuda externa,Fuente: [https://www.indec.gob.ar/indec/web/Nivel4-Tema-3-35-45](https://www.indec.gob.ar/indec/web/Nivel4-Tema-3-35-45),18,0,2025-09-30 12:44:09
1nuggae,Mindless_Tomorrow_45,"Summer has come and passed, the innocent can never last",,32,328,2025-09-30 12:35:00
1nugd8o,Tokita_Caju,Rawr,Creditos unxavi uwu,55,551,2025-09-30 12:31:46
1nug65m,CA6NM,"El Gobierno avanza con el proceso de privatización de Nucleoeléctrica Argentina, la empresa que opera los reactores nucleares",,217,65,2025-09-30 12:24:37
1nufqxs,CaseSufficient3173,"Lo que anunciaron es un cómic oficial de Batman, publicado por DC, pero con una historia especial ambientada en Argentina","El mundo de los comics sigue dándonos ""coronaciones de gloria"". El 17 de septiembre con la llegada de Ransom y los X-Men a Rosario en Uncanny X-Men [\#21](https://www.instagram.com/explore/tags/21/), y ahora [u/ovnipressedit](https://www.instagram.com/ovnipressedit/), [@salvadorsanz\_oficial](https://www.instagram.com/salvadorsanz_oficial/) y [@saracino.luciano](https://www.instagram.com/saracino.luciano/) confirman la presencia de Batman en Buenos Aires.  
  
En el marco de el Batman Day que se celebro el pasado sabado 27, la editorial argentina confirmó a la dupla creativa a cargo de Batman: El Mundo, una historia que llevará al Caballero Oscuro por todo el planeta, con parada obligada en El Obelisco, La Bombonera y La Biblioteca de Buenos Aires.  
  
Sanz es uno de los grandes dibujantes del cómic nacional argentino de los últimos años. Con obras como Legion (2013), MEGA (2020) o Angela della Morte (2011), combina el terror con elementos sci-fi en sus trabajos.  
  
Por el lado de Saracino, quien será el guionista del cómic, ha tenido pasos tanto por las grapas como por el formado audiovisual, trabajando en ""Cuento Hasta Tres"", ""Historias del Olvido"", el guion para televisión la serie ""Germán, Últimas Viñetas"" basada en la vida de Héctor Germán Oesterheld, creador de El Eternauta, mientras que para el cine colaboró junto a Ricardo Romero en Necronomicón.  
  
Batman: El Mundo llegará en diciembre 2025, ¿cae con el vitel toné bajo el brazo?",53,203,2025-09-30 12:08:35
1nufq4u,Petrif1,La postal de anoche 😂,ni laburar lo dejan al pibe,6,8,2025-09-30 12:07:45
1nuf6tb,CaramelAutomatic7762,"Axel kicillof: ""Así que nosotros vamos a hablar de un narco femicidio""",,156,41,2025-09-30 11:47:25
1nuf218,whaddefuck,"“Durmió toda la noche, el día anterior había salido”: las primeras horas de Morena Rial en el calabozo",,15,27,2025-09-30 11:42:11
1nueznu,FluffyBowl6448,Disfrutar cada momento,,11,2,2025-09-30 11:39:39
1nueev9,Lyapunoff,Fantino en llamas por el caso Espert,,260,109,2025-09-30 11:17:13
1nudhr3,GastonSaillen,Hice un side project para ayudar a mi mamá con su negocio de sombreros 🎩,"Hace un tiempo mi mamá empezó a vender gorros y sombreros online desde casa. Se armó su cuenta en redes, sacó fotos, subió productos… pero había un problema que la preocupaba mucho:

👉 Como nadie podía probárselos a distancia, las ventas no llegaban.

Un día me preguntó algo que me quedó grabado:

“¿Existe alguna página donde mis clientes puedan probarse los sombreros antes de comprar?”

Busqué bastante, pero lo que había era caro, complicado o pensado para grandes marcas, no para un emprendimiento chico como el suyo.

Entonces pensé: *“¿y si lo hacemos nosotros?”*

Así nació [**Luxify.ai**](http://Luxify.ai) 🚀, inspirado por esa necesidad tan concreta. Una plataforma que arranca con algo muy simple: permitirte subir una foto y probarte virtualmente cualquier prenda antes de comprar.

Hoy hace esto (y se viene más):  
📸 Probar virtualmente cualquier prenda sobre tu foto  
🎥 Generar un video para ver cómo se mueve  
🧑‍💻 Próximamente: modelos digitales que muestran tu ropa en redes  
👗 Generación de outfits completos

El objetivo: menos devoluciones, más confianza al comprar online y darle a los negocios chicos una herramienta que hasta ahora estaba reservada a las grandes marcas.

Está en beta y se puede probar en 👉 https://luxify.ai.  
Todo feedback es más que bienvenido 🙏.

💡 Y gracias a mi vieja, que con su preocupación y su pregunta simple terminó inspirando todo esto.",61,386,2025-09-30 10:39:58
1nudc8y,FluffyBowl6448,Buenos días ☀️,,4,15,2025-09-30 10:33:31
1nuchxs,kanongms,En cuálquier momento Antonio laje pregunta algo,,123,17,2025-09-30 09:58:05
1nubzcv,Odd_Butterscotch9945,Consulta,"A alguien que haya viajado quiero saber que empresas recomiendan que hagan paquetes buenos (vale para viajar por Argentina como al exterior)
",4,2,2025-09-30 09:34:58
1nubnaf,chequeaBOT,Milei amplió el gran plan de descuentos en supermercados y farmacias para jubilados,,75,4,2025-09-30 09:19:45
1nubedd,krysis08,Necesito saber qué haria el sub,,177,1873,2025-09-30 09:07:45
1nubait,MentatErasmus,"Nancy Pazos aseguró que los asesinos de las tres chicas pueden ser ""reeducados"" y Mariana Brey la cruzó",,97,98,2025-09-30 09:02:36
1nu9z03,Active-Dog-5434,Expectativas de tener hijos en una sociedad que no valora las relaciones duraderas.,"Últimamente pienso mucho en que hay que considerar que las relaciones largas ya no son el meta de la sociedad, vale la pena pasar 30 años con la misma pareja? Es disfrutable? Tengo 25 años recién soy un pibito tdvia como para tener una opinión formada en esto,  pero se me vienen los 30 y tuve que patear mis planes de hijos para los 35 pq siento que no llego lo suficientemente bien y realizado para los 30 años. El tema es la pareja, soy un tipo decente y no me cuesta relacionarme sanamente con las personas pero siempre fui de ir rotando círculos sociales ya que siento que las personas cambiamos constantemente y es normal que de un año para el otro ya no coincida tanto con la misma persona, llevando este punto a las parejas no confío en que una relación dure más de 5? 6? 7 años?? Tantos cambios en tanto tiempo son difíciles de llevar entre 2. Y en tema de hijos, siento que cuando llegue el momento de buscarlos lo debo hacer siendo consciente de que muy probablemente su crianza terminé siendo en formato de padres separados. No es algo que me moleste, incluso mucho tiempo me imaginé adoptando pero se que legalmente es re difícil. Cuestión me da curiosidad saber si sería más sana la crianza de un infante teniendo en cuenta desde un principio que a los pocos años sea muy probable la separación de la pareja y evitar aferrarse a la idea de mantener la pareja hasta el final a toda cosa solo en pos del supuesto bien del niñ@. Buscando obvio una separación más pacífica para evitar los efectos colaterales negativos que le quedan al infante en la experiencia de estar cerca de una pareja que se separa por conflictos y peleas pero que al mismo tiempo trata de mantenerse junta por el dicho hijo.",97,0,2025-09-30 07:52:54
1nu9f4h,Nicoletoo,¿Alguno recuerda?,,6,4,2025-09-30 07:19:53
1nu87dh,Robo-TINA,Martes de mascotas,¡Bienvenidos sean los Firulais y Michis al sub!,5,0,2025-09-30 06:01:41
1nu86dh,Robo-TINA,"Thread Diario de Dudas, Consultas y Mitaps - 30/09","Thread Diario de Dudas y Consultas!

Entra a nuestro [Chat](https://chat.reddit.com/room/!hSSQyOrLT-ahufrqRuBANA%3Areddit.com) y charla con la comunidad!",145,2,2025-09-30 06:00:04
1nu69b3,MonitorNo2101,Medicos preocupados por nuevo servicio de consultas medicas virtuales ilimitadas via Mercadopago.,,212,192,2025-09-30 03:54:57
1nu68pc,whaddefuck,$SOMMER Token: la estafa cripto que apareció en un sitio oficial del Gobierno,,7,0,2025-09-30 03:53:48
1nu3s75,WallyTrainer87,Crisis en la obra social Iosfa: clínicas y sanatorios rosarinos dejaron de atender a integrantes de las fuerzas de seguridad,,5,0,2025-09-30 01:26:29
1ntx1vk,Shot-Journalist-126,Se tendría que enseñar educación financiera en el colegio?,,172,253,2025-09-29 20:08:03
1ntwyqu,fatninja32k,Javier Milei - Tierra del Fuego,,207,228,2025-09-29 20:04:22
1ntwxce,WallyTrainer87,Javier Milei suspendió el acto en Ushuaia tras una protesta convocada en su contra,,14,0,2025-09-29 20:02:41
1ntwqxv,Cibranith,Ponen en venta una de las mayores cadenas de hamburguesas del país: ya buscan comprador,,55,12,2025-09-29 19:54:58
1ntvcek,RealRock_n_Rolla,Le hacían un control vehicular a un R8 y a un efectivo se le cayó la moto encima del capó,,145,590,2025-09-29 18:56:22
1ntut1c,LynxVast7775,Comencé a hacer alfombras artesanales y te las muestro,"Buenas. Hace dos semanas comence con un proyecto de alfombras y cuadros (En la proxima semana) de la tecnica de Tufting aca en Argentina. Queria conocer sus opiniones sobre si les parecen aceptables como si fueran un potencial comprador.

https://preview.redd.it/06ffvky7a6sf1.jpg?width=1080&format=pjpg&auto=webp&s=028ad4a5cb2c18566d26b84a7414e7365ad19c0f

https://preview.redd.it/bjbi1ly7a6sf1.jpg?width=1080&format=pjpg&auto=webp&s=d3087ac8e06a6573ef507d70264791de84a769e9

https://preview.redd.it/fjbgmmy7a6sf1.jpg?width=1080&format=pjpg&auto=webp&s=ae51f829a877086f34c133bf748645896c35254c

 Muchas gracias desde ya.",32,42,2025-09-29 18:34:59
1ntupy7,Mindless_Tomorrow_45,"Vuelve Soda Stereo, con Gustavo Cerati virtual y Charly Alberti y Zeta Bosio tocando en vivo",,16,0,2025-09-29 18:31:30
1ntuisx,CaseSufficient3173,Pero las risas no hubieran faltado,,55,130,2025-09-29 18:23:40
1ntuh45,Cezed21,MAGA,,20,0,2025-09-29 18:21:44
1ntugvx,masterofclownfu,"En su cabeza era ""hay que buscar el voto joven"" pero la serie tiene como 30 años kjjj",,43,60,2025-09-29 18:21:29
1ntu7h6,LynxVast7775,Les presento mi emprendimiento 100% Artesanal,"Buenas. Hace dos semanas comence con un proyecto de alfombras y cuadros (En la próxima semana) de la técnica de Tufting aca en Argentina. Queria conocer sus opiniones sobre si les parecen aceptables como si fueran un potencial comprador.

Este es el IG:  [https://www.instagram.com/loom.tufting/](https://www.instagram.com/loom.tufting/)

Muchas gracias desde ya.",2,2,2025-09-29 18:11:10
1ntu4d8,Joseph20102011,Ezeiza se prepara para recibir un boom de turistas chinos,,16,32,2025-09-29 18:07:54
1ntto1a,Powerful_Brief1724,"Golpe comando de película: se disfrazaron de policías, simularon un allanamiento y escaparon a los tiros tras robar una financiera",,1,3,2025-09-29 17:50:40
1nttkeu,chequeaBOT,Las empresas argentinas se revalorizaron en US$4192 millones tras el apoyo de EE.UU. y las retenciones cero,,3,20,2025-09-29 17:46:48
1ntthwj,gaturroo,Irse de Argentina,"Hola gente, 
Leo todos los días que muchos quieren irse. Yo en 2019 estaba igual y decidí aplicar a una visa Working Holiday en Alemania. Hace más de seis años que vivo acá y fue una de las mejores decisiones que tomé en mi vida. 
Les cuento mi experiencia:

Saqué un turno en la embajada de Alemania en Argentina (queda en Capital)

Presenté todos los documentos necesarios:
•Turno impreso (no se necesita copia de este, solo el mail impreso).
•Pasaporte.
•Dni.
•Formulario de solicitud.
•Formulario de Declaración de conformidad.
•Carta de motivación re linda redactada por mi sin copiar nada de ningún lado.
•Curriculum.
•Certificado de antecedentes penales.
•2 fotos biométricas (fui a una casa de fotos y le leí al señor lo que dice en la página y listo).
•Pasaje Buenos Aires-Londres.
•Pasaje Londres-Hamburgo.
•Seguro de viaje (la primer hoja).
•Reserva de 3 días en un Airbnb de Hamburgo.
•Reserva de 15 días cancelable en un hostel de Münich.
•Reserva de 15 días cancelable en un hostel de Berlin.
•Extracto bancario desde 3 meses antes de la fecha del turno firmado y sellado por el banco (de mi cuenta en pesos y de mi cuenta en dólares).
•Constancia de CBU firmada y sellada por el banco.
•Ticket de consulta de saldo del cajero automático del día anterior a la cita (saqué 3 de la cuenta en dólares (con 3000 dólares) y 3 de la cuenta en pesos).
Pagué el valor del turno (en pesos, en efectivo)
Y dos fotocopias de cada item que nombré (menos de los tickets del cajero porque los saqué directamente de ahí).

Después de unos días me llego un mail con otro turno, me presenté, pasé y retiré mi pasaporte con la bella visa pegada en él.
Aclara que solo puedo trabajar seis meses.

Los de seguridad son re amables, el celular queda apagado en un locker (gratis) cuando entrás. No lleven bolsos, carteras ni mochilas porque no tienen donde ponerlos.

Si tienen dudas o consultas les dejo mi Instagram, de paso me siguen que me voy a la India en unas semanas así ven como sufro, jajaja: fer.bertini 

En mi insta subi unas stories hace un tiempo explicando sobre Working Holidays para otros países tambien (tienen que buscarlas o escribanmé y se las paso)

Espero que les sirva y los motive.
Tchüss! (Chau en alemán) 🤣
",37,6,2025-09-29 17:44:11
1nttcgg,fatninja32k,"Bregman a Grabois: ""No serviste para enfrentar a Macri, ni para revertirlo, terminó ganando la ultraderecha, no serviste para enfrentarla, Y AHORA MÁGICAMENTE A PARTIR DEL 26/10 VAS A SERVIR?!?""",,91,212,2025-09-29 17:38:33
1ntswl5,Rokin71,Como mierda pago la tarjeta crédito de bna,Que onda gente saque la tarjeta de crédito de bna hace un mes más o menos y tengo que pagarla el tema es que en el banco me digieron que se debita automáticamente lo que no pasó y terminé pagando de manera manual el tema es que pagué el 26 y todavía no me toma el pago lo que me preocupa ya que no sé si pagué bien o no. A alguien más le pasó o sabe,18,1,2025-09-29 17:22:03
1ntsl62,Sebastian_Joaquin,Mi belleza,Les dejo una foto de mi belleza. Es el Benelli de atrás. Pero a la Kawa no le podía negar salir en la foto también 😂,8,9,2025-09-29 17:09:57
1ntsiis,YourNameNameName,Recital de Soda Stereo el 21 de Marzo en el Movistar Arena,Fuente: https://x.com/sodastereo/status/1972753320529014898?s=46,27,0,2025-09-29 17:07:07
1ntsa09,UnUltimoIntento,Ojala haber sido joven en los 90,,91,125,2025-09-29 16:58:23
1ntrpyf,Mindless_Tomorrow_45,Ricardo Alfonsín by Wes Anderson?,,47,60,2025-09-29 16:37:23
1ntr93d,_oxitono,Histórico: los vuelos Rosario - Madrid ya tienen fecha de inicio,,7,22,2025-09-29 16:19:13
1ntr0g6,TextInternational281,"Me robaron la moto y me quiero ir a la goma, pásate que te lo cuento.","Banda, eso... Me quiero ir de Argentina.  
Razón: Me compre una re linda moto (Rouser RS200) Y ME DURO 2 SEMANAS QUE ME LA ROBARON JAJA   
Tampoco es que vivo en el barrio mas peligroso de todo capital, es Villa Del Parque y también la moto tenia todas las medidas de protección.  
Nada, estoy cansado y esto es inviable. Vi que españa podria ser una buena opcion, después de todo hablan el mismo idioma. Creo que soy joven aun (24M) para hacer esto y tengo muchas ganas ¿Algún consejito para este campesino?",417,282,2025-09-29 16:10:03
1ntqgf2,chequeaBOT,"Se profundiza la brecha cambiaria, tras las restricciones que anunció el Banco Central",,25,0,2025-09-29 15:49:27
1ntqfm9,Nebulosaba18,Nose,No traía cargador pero si no lo probaba ,15,23,2025-09-29 15:48:39
1ntq40d,Yog_Hastur_Thotep,¿Que piensan?,"1. Santiago del Estero
2. (?)
3. Buenos Aires
4. La Pampa
5. Córdoba
6. (?)",64,120,2025-09-29 15:36:37
1ntpohx,theLuckgame47,"¿Se acuerdan cuando Mirtha Legrand usaba el soundtrack de ""Los Increíbles""?","Entre 2008 y 2009, cuando estaba en América, usaban esa canción durante el programa y en las publicidades.",31,135,2025-09-29 15:20:28
1ntp7ek,_oxitono,GeoPark llega a Vaca Muerta con un plan para invertir 1.000 millones de dólares,,9,36,2025-09-29 15:02:25
1ntp4ax,CaramelAutomatic7762,"En la nación hablaron sobre el pasaporte de ""Pequeño J"": ""Al parecer algo pasó en el que medio que esa imagen que difundió el ministerio de Seguridad bonaerense en la madrugada del Sábado por ahora resulta ser un misterio""",,41,79,2025-09-29 14:59:32
1ntoe30,RealRock_n_Rolla,"Cámara de seguridad de Necochea captó un objeto misterioso a gran velocidad debajo del agua, aún no hay explicación por parte de la Municipalidad",,113,301,2025-09-29 14:32:18
1ntoc0k,Mortcinder85,"La madre de Morena y su abogado afirmaron que las jóvenes asesinadas en La Matanza no estaban mutiladas y revelaron que funcionarios bonaerenses le ""ofrecieron plata"" para ""callarse"".",,186,511,2025-09-29 14:30:10
1nto4iv,CaseSufficient3173,El Eternauta (2025) - Tiroteo en el Solei,,31,34,2025-09-29 14:22:18
1ntnwx7,Delsevvv,Loma Negra cambia de dueños por tercera vez y vuelve a manos de capitales argentinos,,3,16,2025-09-29 14:14:28
1ntnojm,Mindless_Tomorrow_45,Lo vi mil veces y me sigo riendo,,59,732,2025-09-29 14:05:52
1ntnlck,According_Code7340,Alquiler en buzios por booking,"Cómo andan gente? Tengo una duda sobre una reserva que hice de una casa en Buzios por Booking.
El dueño del alojamiento me pide una ""pre-autorizacion"" del 50% del valor de la reserva que me dice que es plata que queda bloqueada en la tarjeta que cuando llegue allá me la desbloquean y al irme del alojamiento yo pago el 100% del monto todo de una.
Lo que me hace ruido es que oaea hacer esta ""pre-autorizacion"" el tipo me mandó un link para hacer un pago por Paypal directamente. Me están queriendo re cagar, cierto? Me suena que no son los modos de operar de booking esos.",5,0,2025-09-29 14:02:37
1ntn32u,Extension_Ad_2042,Sucursales La Anonima por la patagonia,sucursales La Anonima por las provincias patagonicas. IG: Patagonia.maps,20,36,2025-09-29 13:44:15
1ntn09r,_oxitono,Lanzan programa de exploración para avanzar hacia la prefactibilidad en proyecto de Uranio de Rio Negro,,4,12,2025-09-29 13:41:17
1ntl3fj,_oxitono,"Oldelval anuncia el inicio de obras de Duplicar Norte, un nuevo oleoducto para Vaca Muerta - Data Portuaria",,11,17,2025-09-29 12:29:14
1ntjtpr,Atomic_29IE,¡Encontré la planta del Covid-19 😨!,,11,90,2025-09-29 11:41:13
1ntjndf,Outrageous-Builder31,"Espert, el eslabón político entre Fred Machado y Pequeño J",,33,0,2025-09-29 11:34:05
1ntidsg,WallyTrainer87,"Kicillof: ""El presidente debe convocar a los gobernadores porque el narcotráfico es un tema federal""",,74,0,2025-09-29 10:43:11
1nti5a8,heenaasaaa,Kicillof habló del triple femicidio y le pidió a Milei que convoque a los gobernadores: “El narcotráfico afecta a toda la Argentina”,,23,0,2025-09-29 10:33:06
1nthbvh,Tokita_Caju,Guarda con el cambio de clima <3,,31,480,2025-09-29 09:58:02
1ntgywm,Mindless_Tomorrow_45,A tan sólo...ssshhh...MONEDITAS,,47,228,2025-09-29 09:42:05
1ntgrhz,Rojelia8,Crítica a la película Gatillero (2025),"Lo primero que sorprende es la fotografía: hermosa, precisa y cargada de intención. Consigue que los extensos diálogos no se sientan pesados, sino todo lo contrario: los vuelve dinámicos, hipnóticos y parte esencial de la experiencia. La cámara se mueve con una coreografía admirable, sostenida en un plano secuencia que se roba la película y que, además, habla de una planificación con demasía meticulosidad; nada parece estar librado al azar. A eso se suma una trama atrapante, que por momentos absorbe al espectador y lo mantiene expectante en cada transición.

Ahora bien, el guion no es perfecto. Se apoya demasiado en el diálogo y a ratos da la sensación de que se desarma, con una estructura que salta de acción a conversaciones extensas y de ahí a viajes abruptos sin demasiada transición. Ese vaivén puede resultar errático. Pero incluso en sus baches, la historia se mantiene firme gracias a la fuerza de su propuesta y a lo bien que está filmada.

En definitiva, lo bueno pesa más que lo flojo. Y por demás está decirlo: verla en HBO Max con las publicidades debería estar prohibido

Estrellas: ★★★★⯪",13,11,2025-09-29 09:32:36
1ntfynx,fatninja32k,La #Canasta Telenoche volvió para comparar los mismos productos que compramos hace un año.,,408,718,2025-09-29 08:54:48
1ntd2mb,Robo-TINA,Lunes Random,Cosas Random,57,2,2025-09-29 06:00:26
1ntd2fk,Robo-TINA,"Thread Diario de Dudas, Consultas y Mitaps - 29/09","Thread Diario de Dudas y Consultas!

Entra a nuestro [Chat](https://chat.reddit.com/room/!hSSQyOrLT-ahufrqRuBANA%3Areddit.com) y charla con la comunidad!",78,2,2025-09-29 06:00:06
1nt6nh9,masterofclownfu,Que tipo gracioso michelo lpm,,141,363,2025-09-28 23:30:35
1nt61ol,MonitorNo2101,"Anibal Fernandez: ""Los narcos han ganado"" (Archivo)",,48,159,2025-09-28 23:00:30
1nt5ocj,_oxitono,La Argentina de Bouchard,"Nace el 15 de enero de 1780 Bormes-les-Mimosas,cerca de Saint-Tropez, Francia,habiendo peleado para ""el"" Napoleón que luchaba por la libertad y la igualdad, se marchó de su lado cuando éste se autoproclamó emperador. Y se vino al sur

En 1809.fue cuando  Hipólito Bouchard llegó al Río de la plata  y rápidamente se inclinó hacia el ideario de la Revolucion de Mayo.Fue nacionalizado a pedido de San Martin

Fue un granadero de San Martín en la batalla de San Lorenzo, Su bautismo de fuego: fue el 2 de marzo de 1811, en San Nicolás de los Arroyos, enfrentó a la escuadrilla realista que mandaba el Capitán de Navío Jacinto de Romarate. Tiempo después, tendría una destacada actuación enfrentando a las naves españolas que bloqueaban el puerto de Buenos Aires al mando de la sumaca argentina “Santo Domingo”.

En 1815, emprendió la campaña de corso con el Almirante Brown por las costas del Pacífico, y entre victorias y derrotas zarparon rumbo a las costas chilenas.

Transportaban a un grupo de patriotas chilenos trasladados clandestinamente para desarrollar tareas de agitación contra los realistas del otro lado de la cordillera, apresaron fragatas españolas y luego bloquearon y atacaron el puerto de El Callao, la plaza más poderosa que España tenía en América.

Recibió el título de Corso, ( los corsarios eran una especie de piratas con permiso del estado,el *Primero*,  Joan Antoni Toll, un navegante de origen catalán, que se dirigió al océano Índico y al término de un año llegó hasta Calcuta. En mayo de 1814, un tal George De Sonntag, «coronel de caballería al servicio del zar de Rusia», natural de Norteamérica, ofreció sus servicios al gobierno de Buenos Aires. En 1815 el Director Supremo Álvarez Thomas aceptó la oferta de De Sonntag y le otorgó cinco despachos de corsario en blanco, pero éstos parecen no haber sido utilizados nunca. La primera patente realmente puesta en ejercicio fue otorgada en 1815 a **David Jewett, también estadounidense el que el 6 de noviembre de 1820 izó en acto solemne la bandera celeste y blanca en Malvinas, reclamando formalmente los territorios como parte de la Argentina y advirtió a los navíos foqueros y pesqueros que sus actividades eran ilegales y que dañaban los recursos naturales locales** , y luego se otorgaron patentes a Thomas Taylor, William Brown e Hippolyte Bouchard — todos ellos veteranos en las campañas del Río de la Plata.y luego varios, varios mas )

Después del fracaso del golpe de Brown sobre Guayaquil, Bouchard se separa de éste para retornar a Buenos Aires.

Le fue encomendada “La Argentina”, la fragata por la cual es recordado,consecuente con sus ideales anti esclavistas, recaló en la isla de Madagascar, donde tomó la iniciativa y **atacó e impidió el tráfico de esclavos**; su próximo paso: se dirigió hacia las islas Filipinas con el objeto de atacar el comercio de los buques españoles.

**Atacaba a los barcos negreros españoles** y encabezaba los abordajes. Sable y arcabuz en mano, , disputó varios duelos y motines.

En enero de 1818, estableció el bloqueo de la isla de Luzón, la más grande del Archipiélago de las Filipinas

También suscribió acuerdos con el rey de Hawái, **Kamehameha** I (el original), quien reconoció la independencia de las Provincias Unidas del Río de la Plata, este además, le entregó la corbeta “Chacabuco”

Luego de Hawái, se dirigió a la Bahía de Monterrey, en California, donde fácil y hábilmente se hizo de la ciudad sin encontrar fuerte resistencia ya que los españoles huyeron.En California ondeaba bandera argentina...durante 6 seis días, flameó el pabellón celeste y blanco. Por 6 días la revolución del Rio de la Plata liberó a California... y el zorro se puso tan contento que le dio su arrivoto

Luego,abandona ese lugar y se dirige a Nicaragua donde atacaron *El Realejo*, apoderándose de dos naves españolas y destruyendo otras dos.

Luego se une a la campaña de San Martín y se dirigió a Valparaíso en Chile,  cuando llegó al puerto chileno se le informa que pende sobre él una orden de arresto, el comodoro Thomas Cochrane, lo acusó de haber apresado naves no españolas y lo captura, confiscándole “La Argentina” y otros barcos que traía consigo como botín de corso.

El representante argentino en Chile, Tomás Guido, lo defiende de manera tenaz, y fue así cómo Bouchard pudo recobrar la libertad, y el navío.

Bouchard tomó parte de la Expedición Libertadora de San Martín al Perú y cuando crea la escuadra peruana le dio el mando de la fragata “Puebla” que era el buque más importante de la nueva escuadra.

*Bartolomé Mitre sintetizó con precisión esta proeza:* ***“Una campaña de dos años, dando la vuelta al mundo en medio de continuos trabajos y peligros; una navegación de diez o doce mil millas por los más remotos mares de la Tierra, en que se domina una sublevación, se sofoca un incendio a bordo, se impide el tráfico de esclavos en Madagascar, se derrota a los piratas malayos en el estrecho de Macassar, se bloquea a Filipinas anonadando su comercio y su marina de guerra, se domina parte de la Oceanía, imponiendo la ley a sus más grandes reyes por la diplomacia o por la fuerza, en que se toma por asalto a la capital de la Alta California, se derrama el espanto en las costas de Méjico, se hace otro tanto en Centro América, se establecen bloqueos sobre San Blas y Acapulco, se toma a viva fuerza el puerto de Realejo, tomándose en este intervalo más de 20 piezas de artillería, rescatando un buque de guerra de la Nación, y aprisionando o quemando como 25 buques enemigos, dando el último golpe mortal al comercio de la Metrópoli en sus posesiones coloniales, y paseando en triunfo por todo el Orbe la bandera que se le había confiado. Es, ciertamente, un crucero memorable y digno de ser historiado”***

Retirado del servicio se radicó en Perú, donde fundó un ingenio azucarero. se dice que era un empleador de mal genio y abusivo,es asesinado el 4 de enero de 1837.

En 1962  encontraron sus restos en una cripta de una parroquia en Nazca, Perú. Ese año fueron exhumados y repatriados a Buenos Aires, arribaron a bordo del crucero “La Argentina” y hoy descansan en el Panteón Naval de Buenos Aires.",15,72,2025-09-28 22:41:50
1nt5i4z,MopoChan,Heladería Figlio renovó su local en Tandil..,,109,427,2025-09-28 22:33:15
1nt5hr8,Plus-Staff-2060,(OPPT) Cuenta bancaria 0+ con flujo de caja en la BIS,"Necesito alguien que esté informado de este tema, y si sabe si es real, es posible o simplemente me den su opinión al respecto. Muchos miembros/seguidores de la OPPT (One People Public Trust) aseguran que desde tu banco es posible abrir una cuenta 0+ con flujo de caja en la BIS (Comité de Basilea) en el que no tenés fondos ni podés agregarlos, pero al realizar una compra, estás generando/creando valor universal y la transacción es exitosa a la hora de pagar (estando con un saldo de 0, envía la señal a la BIS y el pago es automático).

Lo que si, al momento de abrir ese flujo de caja y usarlo, lo moral sería que cualquier trabajo que hagas debe ser gratis y desinteresadamente, en pos de actuar en honor.

Opiniones?",6,0,2025-09-28 22:32:45
1nt538i,cautious-ad977,Espert habla de su vínculo con Fred Machado,,145,109,2025-09-28 22:13:03
1nt4w0k,Shot-Journalist-126,"[Triple crimen de Lara, Brenda y Morena] Alejandro Pueblas, periodista de A24, relata los detalles de lo que pudo averiguar de la transmisión en vivo por redes sociales para un grupo cerrado del macabro asesinato.",,132,106,2025-09-28 22:02:52
1nt3tkw,Terrible_Body_1344,"Cuando me dicen que cayo ""Pequeño J"" lider narco",Los simpsons ya lo predijeron. ,52,1895,2025-09-28 21:10:41
1nt2w4y,CollarAlternative994,AMA! Soy socio del Ferroclub Argentino. MIE 1 OCT 17 hs.,"Hola amigos,

Soy socio del **Ferroclub Argentino**, de la sede de Remedios de Escalada.

Para los que no nos conocen, el Ferroclub Argentino es una asociación civil sin fines de lucro fundada en 1972 con el objetivo de conservar, preservar y restaurar material ferroviario. Nuestro trabajo es completamente voluntario: No sólo no cobramos sueldos por hacer lo que hacemos, sino que pagamos una cuota mensual por ser socios. Es por esta razón que sólo trabajamos y recibimos visitantes durante los fines de semana, ya que durante la semana tenemos que tener nuestros propios trabajos. Muy pocos socios son ferroviarios, la mayoría nos dedicamos a otra cosa. No recibimos fondos públicos ni subsidios, nuestra única fuente de financiamiento es el bono contribución que pagan nuestros visitantes.

Seguramente hayan visto videos nuestros, especialmente de la más reciente restauración, la **Locomotora Clase 12E Nº 3925**, fabricada por Vulcan Foundry (Inglaterra) en 1926 para el FCS. Después de aproximadamente 20 años de trabajo, hace aproximadamente un mes se le hizo una inspección técnica, y hace unos diez días se hizo un viaje de prueba a Brandsen, con esta locomotora traccionando, del cual [ya vimos bastantes videos en youtube de nuestros fans](https://www.youtube.com/watch?v=JdJnOcIJr90). La prueba fue exitosa y se está trabajando en los últimos detalles para muy pronto hacer un viaje de exposición.

Otras de nuestras estrellas son la **Locomotora Clase 11B Nº 4116**, fabricada por Beyer Peacock en 1913 para el FCS, o la **Nº 27 ""Monte Caseros""** fabricada por Neilson & Co. en 1886, ambas usadas en más de una oportunidad para producciones cinematográficas o publicitarias, o la **Baldwin-Lima-Hamilton RF-615E Nº 5037** de 1953. Esta última, junto con la 4116, seguramente las hayan visto expuestas en Tecnópolis; la 4116 actualmente sigue allí junto al coche presidencial de 1910.

Otra inauguración reciente es un **Pullman Hitachi** numerado **S.P. 625**, cuidadosamente restaurado en el transcurso de los últimos tres años. Incluso se le ha devuelto el esquema de colores original que trajeron estos coches al llegar desde Japón en 1962, se hizo un gran esfuerzo hasta en reproducir el tono original.

Seguramente alguno nos haya visitado ya, pero para el que no y quiera hacerlo, nuestras sedes se encuentran en:

* **Sede Lynch** (la sede fundacional): [Alfredo Springolo 1, Villa Lynch](https://www.google.com/maps/place/Ferroclub+Argentino+CDP+Lynch/@-34.597371,-58.5258135,17.79z/data=!4m6!3m5!1s0x95bcb7b8c85c9001:0xf7fd71662ebcaba5!8m2!3d-34.5971855!4d-58.5255725!16s%2Fg%2F11b6zpvnkd?entry=ttu&g_ep=EgoyMDI1MDkyNC4wIKXMDSoASAFQAw%3D%3D)
* **Sede Escalada**: [Av. 29 de Septiembre 3675, Remedios de Escalada (partido de Lanús)](https://www.google.com/maps/place/Ferroclub+Argentino+CDP+Remedios+de+Escalada/@-34.7304286,-58.3886115,17.92z/data=!4m6!3m5!1s0x95bccd5ccf57d5c3:0x209ed40d09d3f396!8m2!3d-34.7314942!4d-58.3902915!16s%2Fg%2F1tf3749b?entry=ttu&g_ep=EgoyMDI1MDkyNC4wIKXMDSoASAFQAw%3D%3D)
* **Sede Tolosa**: [Calle 3 esquina 592, Tolosa](https://www.google.com/maps/place/Ferroclub+Argentino+CDP+Tolosa/@-34.8919111,-57.9741481,17z/data=!3m1!4b1!4m6!3m5!1s0x95a2e7066b1a6b3f:0xffd7c24ae212e5e8!8m2!3d-34.8919155!4d-57.9715732!16s%2Fg%2F11clw2y5l2?entry=ttu&g_ep=EgoyMDI1MDkyNC4wIKXMDSoASAFQAw%3D%3D)

También pueden seguirnos en instagram como ferroclubescalada, ferroclub.lynch, y ferroclub\_cdptolosa. Las novedades se publican ahí, aunque tengan en cuenta si mandan mensaje, que yo no soy quien atiende las redes.

[Aquí me pueden ver anónimamente junto con \\""La Baldwin\\"" en el interior de la nave principal de Remedios de Escalada.](https://preview.redd.it/griv7fgukzrf1.jpg?width=800&format=pjpg&auto=webp&s=d74f666f2cf454395cedfff64216090a68c0a575)



[Y no puede faltar el cat tax del Gato de Escalada. Antes de que pregunten, sí, tiene nombre, pero siempre me lo olvido.](https://preview.redd.it/cc8om0x0lzrf1.jpg?width=800&format=pjpg&auto=webp&s=d7972ca12172df8335067242e19803d9301fcb8e)

**Voy a estar muy feliz de responder sus preguntas aquí el Miércoles 1/10 entre las 17 hs. y las 21 hs.** Por supuesto pueden ir dejando sus preguntas desde hoy si quieren.

Dentro de lo que permitan mis compromisos también intentaré responder los días subsiguientes si alguna pregunta quedó colgada o requiere alguna respuesta o actualización posterior.

**Un par de aclaraciones finales:**

1. Soy socio de la sede **Remedios de Escalada**. Aunque puedo visitar libremente las otras dos, voy muchísimo menos, con lo cual algunas cosas no sé. Sin embargo haré todo lo posible por responder sus preguntas dentro de mi conocimiento y las que pueda, se las extenderé a algún compañero si está disponible.
2. **Este AMA no es oficial del Ferroclub Argentino**, es por voluntad propia, con lo cual **las respuestas que yo dé aquí no representan de ninguna manera ni la opinión, ni la postura, ni la voluntad oficial del Ferroclub Argentino**. Lo que sepa sobre posturas oficiales será aclarado como tal. Opiniones serán personales.
3. **Sólo soy un socio raso: No soy miembro de la Comisión Directiva ni la Comisión Interna**, por lo tanto mis respuestas no pueden incluir decisiones internas de las que no estoy al tanto.
4. Voy a estar respondiendo desde mi propia casa. Si alguna pregunta requiere que me fije algo que no sepa, les deberé la respuesta hasta el fin de semana cuando vaya a Remedios de Escalada.

Los espero!",48,33,2025-09-28 20:26:53
1nt2dl7,_oxitono,Un nuevo método para contrarrestar la ola inmensa,"Nace en la ciudad de Azul, el 25 de agosto de 1865. Sus inclinaciones artísticas se manifiestan desde temprano. A los catorce años, ante la oposición del padre a su vocación, rompe con él y con su pasado. Viaja a Buenos Aires donde trabaja para ganarse la vida. Cambia su apellido de Mailharro por el de Malharro.

Así **Martín Malharro** inicia estudios de dibujo en la Asociación Estímulo de Bellas Artes bajo la dirección de Francisco Romero en 1882. Por esta época se relaciona con Alfonso Bosco, grabador y litógrafo italiano.

Como medio de vida diseña etiquetas para cigarrillos, tarjetas comerciales, membretes, etc. Realiza viajes a Santa Fe y Córdoba donde pinta paisajes.

Hacia 1890 viaja a Tierra del Fuego y Punta Arenas, donde la luz y el ambiente marino lo incitan a cambiar su paleta y luego pasa una larga temporada en la estancia del Dr. José Ramos Mejía,quien lo protege y le procura un ambiente libre de preocupaciones materiales.

Participa en el Segundo Salón del Ateneo, realizado en 1894, con un paisaje titulado *Al caer la tarde* y con dos marinas, *El acorazado Huáscar* y *El corsario La Argentina.* Esta última obtiene una segunda mención honorífica y es destacada por los diarios capitalinos.

Por intermedio de Roberto J. Payró, conoce a Martiniano Leguizamón con quien traba amistad y ejecuta ilustraciones para el libro *Recuerdos de la tierra*, que aparecería al año siguiente.

Payró lo conecta con el diario *La Nación*, donde trabaja como ilustrador, hecho que alivia su situación económica. Allí se relaciona con otros intelectuales de la época, entre ellos Rubén Darío, Leopoldo Lugones, José Ingenieros, Carlos de Soussens y Estanislao Zevallos.

Obtuvo Segunda Mención de Honor del jurado en el Segundo Salón del Ateneo en 1894.

Hacia fines de 1895, toma una decisión: consigue un pasaje en un buque de carga y parte hacia París París ,donde frecuenta a Carlos de Soussens y Rogelio Yrurtia. Se instala en Montmartre, en el número 10 de la Rue Cauchios. Se perfecciona en grabado, especialmente en la técnica litográfica y subsiste merced a dibujos, ilustraciones, figurines de modas y bonetería.

En 1901 regresa a Buenos Aires después de haber presenciado en 1900 la Exposición Centenaria de París que afianza el éxito del impresionismo ante el gran público. Esta circunstancia determina su alejamiento del academicismo y poco después, en Auvers-sur-Oise pinta *En plena naturaleza* y *El arado*.. Expuso individual en Galería Witcomb en 1902 .

A partir de 1903, cuando es designado Profesor de Dibujo del Colegio Nacional Central, inicia su tarea docente. Luego ocupará el cargo de Inspector Técnico de Dibujo de la Provincia de Buenos Aires, será Director de Cursos Temporarios en el Ministerio de Instrucción Pública, dictará cátedras en la Universidad Nacional de La Plata, en la Escuela Normal de Profesores, en la Escuela Normal de Maestros de Barracas. Esta actividad tendrá como fruto, en 1911, la publicación de su libro ***El dibujo en la escuela primaria***\*\*.\*\*

En junio de 1908 presenta su segunda exposición en Witcomb, compuesta por 51 acuarelas y 2 pasteles.

Pintó paisajes de carácter vigoroso que muestran una evolución del naturalismo de grises hacia un impresionismo definido. Su orientación estética derivó hacia el simbolismo, donde los paisajes se melancolizaron.

Cercano al modernismo literario y a la teoría de la einfullung, el color constituyó en sus pinturas una proyección espiritual y el tema un motivo interior.

En el conjunto de Nocturnos pintados por Malharro utiliza azules, color fundamental del modernismo que remite al silencio y a la profundidad. Con carácter espiritual y la idea de soledad se asocian con la luz tenue que crea con una técnica de sombras cromáticas y de pinceladas vibrantes.

La intención de definir el arte como una fuerza que plasma y transforma la realidad fue fundamento de la producción del artista. Su identificación con el anarquismo estético derivó en su pedagogía destinada al conocimiento y a la libertad, única posibilidad de materializar su creencia en la fuerza social del arte

Martín Malharro muere el 17 de agosto de 1911",3,69,2025-09-28 20:02:48
1nt27nq,CaramelAutomatic7762,Hace 2 semanas Espinoza participaba de la marcha federal universitaria,,46,170,2025-09-28 19:55:16
1nt1h9q,hernannadal,Inauguran refugio de animales en Rawson,,1,2,2025-09-28 19:22:17
1nsz3ra,hernannadal,Encontraron restos humanos en el predio de campo de concentración de La Perla | Serán analizados por el Equipo Argentino de Antropología Forense,,5,14,2025-09-28 17:43:05
1nsyxgk,LuckyNumber_29,Javier Milei ya se prepara para el acto en el Movistar Arena: volverá a cantar con su banda,,72,72,2025-09-28 17:35:53
1nsyqo2,Electrical_News_9466,La foto de pequeño J parece IA.,A nadie le da la sensacion que la foto de pequeño J parece echa con ia? O ya me dio ataque paranoico de conspiranoico de la inteligencia artificial y los medios manipuladores. ,161,595,2025-09-28 17:28:19
1nsyl92,Blackbird_song13,Los gauchos menonitas - Revista Late,,3,10,2025-09-28 17:22:16
1nsy8bg,WallyTrainer87,“No es capaz ni de negociar un cajón de naranjas”: madre de víctima cuestiona liderazgo del presunto autor intelectual,,0,18,2025-09-28 17:07:46
1nsx7s9,capitanaenoff,Un día de furia...,Contame un día de furia que hayas tenido y como fue tu antídoto...!!!!,7,0,2025-09-28 16:27:39
1nsv2j5,_oxitono,"Justo, un marinista","**Justo Máximo Lynch** nació en Martínez,Buenos Aires el 18 de diciembre de 1870,  fue un pintor argentino, paisajista, dedicado a las marinas.

Pionero en la temática del Riachuelo,fue uno de los primeros artistas que pintaron los motivos ribereños de La Boca del Riachuelo (que más tarde cultivó [Quinquela](https://www.reddit.com/r/argentina/comments/1nm6ab4/la_boca_es_un_invento_m%C3%ADo/) )

único verdadero representante del marinismo en nuestra pintura, sus obras de belleza extraordinaria son un testimonio invalorable del crecimiento del puerto de Buenos Aires.hizo un Riachuelo poético, lleno de luz, de color y de belleza, encontrando en los grises

Como paisajista, acreditó una labor interesante, pero poco difundida,La mayor parte de su obra la pintó en un estilo, postimpresionista y, también, pintó con criterio rigurosamente verista numerosas obras destacando navíos y hechos memorables de la historia naval argentina, existentes hoy en instituciones oficiales

Heredero de una familia de navegantes irlandeses incluido un oficial que participó en la batalla de Trafalgar, navegó desde temprano, construyó pequeños veleros, y estuvo ligado desde los orígenes al Yacht Club San Isidro y más tarde al Yacht Club Argentino, cuya sede de Dársena Norte pintó en repetidas oportunidades.

Estudió en la Sociedad Estímulo de Bellas Artes con los pintores Ángel della Valle, Reinaldo Giudici, [Eduardo Sívori](https://www.reddit.com/r/argentina/comments/1ni82eu/eduardo_s%C3%ADvori_18471918/) y Ernesto de la Cárcova. Completó sus estudios con Edoardo de Martino y Giorgio Belloni.

Pero quien lo afirmó en su temática fue Edoardo de Martino,que fue un pintor italiano, nacido en 1838 que después de abandonar la Armada de su país recaló en Buenos Aires. Coronó su biografía pintando para la Reina Victoria en Londres.

En 1905 Lynch viajó a Europa residiendo en Madrid y París. Realizó varias exposiciones individuales en Buenos Aires, la primera de ellas en 1904 y los años siguientes integrando  el Grupo Nexus con  [Fernando Fader](https://www.reddit.com/r/argentina/comments/1nryrde/la_comida_de_los_cerdos/), [Pío Collivadino](https://www.reddit.com/r/argentina/comments/1ns1m9f/vida_y_obra/), [Cesáreo Bernaldo de Quirós](https://www.reddit.com/r/argentina/comments/1ns8157/mas_gaucho_que_un_zorrino/) , y [Arturo Dresco](https://www.reddit.com/r/argentina/comments/1nsablc/bacante/).

Obtuvo medalla de oro en la Exposición del Centenario en 1910.

El Museo Histórico Nacional le encargó trabajos sobre nuestros combates navales.

Ocupó el cargo de Inspector de Dibujo del Consejo Nacional de Educación y colaboró en la redacción de los Programas de Dibujo para la enseñanza primaria en Buenos Aires e ilustró el Álbum Histórico Naval, de Teodoro Caillet Bois.

Obtuvo Premio Estímulo Ministerio de Justicia e Instrucción Pública en la Exposición del Ateneo en 1898

Medalla de Bronce en la Exposición Internacional del Centenario, Buenos Aires en 1910.

Premio Liga Naval Argentina en 1941

Premio Ministerio de Marina en 1948 en el Salón Nacional.

Justo Máximo Lynch Murió el 14 de enero de 1953, en Buenos Aires",1,37,2025-09-28 15:03:38
1nsuojy,Shot-Journalist-126,Aura como dicen los pibes,,41,0,2025-09-28 14:48:19
1nstwbf,hnatik,Truco de magia,,15,83,2025-09-28 14:17:40
1nssqj6,jjarg24,"TC2000: Rossi, Urrutia y Toyota festejaron en los 200 Km. de Buenos Aires",,0,7,2025-09-28 13:30:31
1nsshtc,_oxitono,La Camisa de Once Varas,"Nació en Bolonia, Italia el 18 de mayo de 1879 arribó con su familia en Argentina en 1891, optó por la ciudadanía en 1899.

**Alberto María Rossi** fue ademas de pintor, escultor, escritor, violinista y actor.

Inició estudios con su padre el pintor y decorador Dionisio Rossi.

Realizó sus primeros estudios en la Sociedad Estímulo de Bellas Artes, teniendo como maestros a [Eduardo Sívori ](https://www.reddit.com/r/argentina/comments/1ni82eu/eduardo_s%C3%ADvori_18471918/)y Ernesto de la Cárcova.

En 1899 partió hacia Europa para completar su aprendizaje. Se radicó en su Bolonia natal, ingresó en la Academia de Bellas Artes y estudió con el destacado muralista Domenico Ferri.

Regresa a Argentina y a lo largo de los años visitó Italia, Francia, España y Alemania. y forma parte del Grupo Nexus con [Fernando Fader](https://www.reddit.com/r/argentina/comments/1nryrde/la_comida_de_los_cerdos/), [Pío Collivadino](https://www.reddit.com/r/argentina/comments/1ns1m9f/vida_y_obra/), [Cesáreo Bernaldo de Quirós](https://www.reddit.com/r/argentina/comments/1ns8157/mas_gaucho_que_un_zorrino/) ,[Justo Lynch](https://www.reddit.com/r/argentina/comments/1nsv2j5/justo_un_marinista/) y [Arturo Dresco](https://www.reddit.com/r/argentina/comments/1nsablc/bacante/).

Ejerció la docencia en la Facultad de Arquitectura de la Universidad Nacional de Buenos Aires y en la Escuela Nacional de Bellas Artes Prilidiano Pueyrredón.

Su trabajo El veterano, obtuvo Medalla de Oro en la Exposición del Centenario en 1910.

Buscó temas fuertes y recios que expresaran la vida de Buenos Aires.

Es considerado uno de los primeros en descubrir los temas portuarios, del Riachuelo y otras múltiples expresiones del trabajo en la ciudad.

Fue docente en la Academia Nacional de Bellas Artes, donde contribuyó a formar a varias generaciones de pintores. En su vida artística cultivó las letras y la música, fue autor del libro **Camisa de Once Varas**, relato humorístico publicado en 1932 donde narra sus años de bohemia y la manera en que los artistas argentinos de principios del siglo XX luchaban por abrirse paso.

Concurrió al Salón Nacional desde 1911, salones de Tandil, Mar del Plata, Pintura y Escultura argentina del siglo XX en Buenos y a otras muestras colectivas.

Junto a su esposa Ana Weiss expusieron en las Salas Nacionales de Exposición en 1918 y en Madrid en 1929.

Expuso en galerías Witcomb y Suipacha.

Obtuvo Primer Premio en 1912, Tercer Premio en 1919 y 1921, y Primer Premio Municipal en el Salón Nacional de 1926.

Medalla de Oro en la Exposición del Centenario, Buenos Aires en 1910.

Medalla de Oro en la Exposición Internacional de San Francisco de California, Estados Unidos en 1915.

El retrato que hizo de su esposa *Ana Weiss de Rossi* en 1928, está en el Museo del Prado

Pintó retratos, escenas y personajes de la vida circense, naturalezas muertas y afrontó temas urbanos de calles, escenas de cafetines, motivos y vistas portuarias.

Los temas que pintó fueron muchos: en los comienzos, pintó temas históricos, gauchescos, paisajes portuarios y urbanos,.

Más adelante, su obra adquirió cierto tono burlesque y alegre. En esta etapa, la de su madurez artística, sus pinturas están recorridas por escenas circenses, payasos, escenas de la vida nocturna y cotidiana, paisajes urbanos y algunas naturalezas muertas, dentro de un estilo posimpresionista,

Con humorismo e ironía sin malevolencia, anima sus obras, sus formas inicialmente emergen de la atmósfera que las envuelve. Pero, posteriormente prefiere ceñirlas en contornos precisos. Grises y tonos atenuados dominan su paleta

Alberto María Rossi falleció en Buenos Aires el 11 de junio de 1965",3,12,2025-09-28 13:20:42
1nss5ox,Dracamilafiorino,Vuelos a Argentina,"Hola! Quería saber qué significa la percepción RG56617… la página de despegar me pone este valor final, y quisiera saber si luego de la compra me van a debitar algún impuesto. La tarjeta es despegar dollar app global (en USD)",11,0,2025-09-28 13:06:58
1nss5ln,Main_Animator_9282,Nuevas formas de no encare de la noche,"Ayer salí a la noche y fui a un bar arriba del shopping Alto Avellaneda. Aunque fui con amigos, también me puse a prestar atención a lo que pasaba alrededor. En esos momentos en que me pongo a mirar veo que todos están bailando con su grupo de amigos, había una despedida de soltera, y el público en general tenía un promedio de 25 o 30 o más. Es un pensamiento que me surge plantear pero no sé qué tan cierto se aplica. Creo que cambiaron mucho las formas de encarar la noche. Pienso que antes los hombres eran más lanzados, e incluso entre grupitos de pibes se enfrentaban a grupitos de minas. Y es algo que estoy notando que se está perdiendo cada vez más, como que ya no existe esa forma de encarar. Por otro lado, veo grupos de minas que quieren interactuar con el grupo de pibes, pero los pibes dicen que no. Lo tiran como negativo. Y cada uno se queda con su grupito. Entonces teniendo esto en cuenta. ¿Será que los movimientos feministas influyeron mucho en el vínculo entre hombres y mujeres? Siento que el grupo de hombres está más apagado. Las minas medio que viven en su mundo. Pero siento que es todo muy a su bola. E incluso generar una relación se vuelve más difícil por todo este contexto y marco que dije antes. Espero leer otros puntos de vista para ver qué se percibe",24,0,2025-09-28 13:06:52
1nsqluv,hernannadal,Petroglifos en El Pintado: un viaje a la historia milenaria en plena Quebrada de Humahuaca,,0,5,2025-09-28 12:04:17
1nsp829,ThinkPut2113,Demuestran el pago recibido por Espert del narco que financió su campaña y sigue preso,,142,12,2025-09-28 11:06:54
1nsoz32,Hopeful-Battle9911,Cuánto les cuesta la vida en Argentina,"Hola amigos argentinos, aquí un chileno del orto a preguntar weas consulta, estuve viendo la entrevista del pelucón milei de la BBC y no respondió sobre que una señora no podía llegar a fin de mes y este respondió que era mentira.

Quería saber sus casos REALES de usuarios al menos en Reddit, investigue un poco y estaba observando que el sueldo mínimo estaba en 322.000 y una caja de huevos de 12 les cuesta 4 Lucas, en comparación a mi país (que el sueldo mínimo son 529.000) como mierda lo hacen para vivir en el día a día tomando en consideración alimentación, gas, agua, luz, transporte, internet, plan y ocio? Espero se encuentren todos bien y que salgan adelante los que la estén pasando mal.",250,65,2025-09-28 10:56:26
1nsorev,Mindless_Tomorrow_45,"Ricardo Fort cantando ""Yo te Amo""",,44,203,2025-09-28 10:47:10
1nsojib,Sad-Assist-353,compré unas cosas para el mate a un fisura y no caí que decía un nombre que no era mío,"BLDO CLMPRE UN “””SET MATERO””” y no caí que el mate decía gonza,tipo todo bien con los mates de madera,los lijo y los decoro (como hice con el último)PERO COMO SACO EL NOMBRE “gonza” DE UN MATE DE ACERO 
a ver,me cobró 4mil por todo así que medio no me puedo quejar,pero es un bajón ",153,354,2025-09-28 10:37:20
1nsnhu1,Blackbird_song13,"Conocé al Brachytrachelopan mesai: El ""cuellilargo"" con el cuello más corto que se tenga registro, y descubierto en Argentina 🇦🇷 🦕","Su nombre significa **""Cuello corto del dios Pan de Daniel Mesa""**. Este hace referencia a su descubridor: Daniel Mesa que encontró los fósiles mientras buscaba ovejas perdidas, y a que el dios Pan de la mitología griega era justamente el dios de este tipo de ganados y actividades.

Pertenece a la familia *Dicraeosauridae*, que forma parte de la superfamilia *Diplodocoidea.* A nivel familiar, se emparenta con otros dinosaurios como Amargasaurus y Dicraeosaurus. Y a nivel superfamilia, era pariente de *Brontosaurus*, *Barosaurus*, *Diplodocus*, y *Nigersaurus*, entre muchos más.

Vivió durante el **Jurásico tardío**, entre hace *160 a 150 millones de años*.

Sus fósiles fueron descubiertos en el *Cañadón Calcáreo*, en una colina a 25 km al noreste de *Cerro Cóndor* en *Chubut,* Argentina.

Brachytrachelopan medía 2,2 metros de altura a la cadera, y si bien sus fósiles están incompletos, se le estima un largo de unos 11 metros.  
  
Lo que más destaca en su morfología es su **cuello increíblemente corto**, un 40% más corto que cualquiera de sus parientes más cercanos (Que ya de por sí eran cortos). **Esto no es una patología**, ya que sus vértebras no presentan malformaciones, sino que se presume que así evolucionó para alimentarse de pequeños arbustos de la zona.",40,132,2025-09-28 09:48:12
1nsl8od,Kindly-Following-737,🔴A la cara con IA se suma que el pasaporte que muestran los medios también es una imagen generada o editada con IA,,21,20,2025-09-28 07:47:09
1nsjkx9,Robo-TINA,DOMINGO DE ANECDOTAS,"Que acontece en la vecindad? chismes, cosas que te pasaron, confesiones, viste algo raro en la calle?",25,7,2025-09-28 06:00:18
1nsjkrp,Robo-TINA,Preguntas del Domingo,"Para aclarar esas dudas antes de que arranque la semana

Entra a nuestro [Chat](https://chat.reddit.com/room/!hSSQyOrLT-ahufrqRuBANA%3Areddit.com) y charla con la comunidad!",54,0,2025-09-28 06:00:02
1nsh6fv,MonitorNo2101,"""La UBA es la caja de Lousteau, Yacobitti y la UCR""",,67,320,2025-09-28 03:26:02
1nsf15k,Vast_Presence7950,Busco banda,"Hace poco llegue a vivir a buenos aires y no conozco casi a nadie me gustaria empezar una banda, soy guitarrista hace poco cumpli 29 años. Mis principales influencias al momento son bandas como Periphery o Architects, si alguien tiene gustos parecidos me gustaría empezar a grabar tengo experiencia produciendo y mezclando.",13,14,2025-09-28 01:17:41
1nscqpa,_oxitono,El primer Boy Scout...mas o menos,"Carlos Pablo Ripamonte, nació en Buenos Aires el 4 de mayo de 1874.

Inició sus estudios artísticos con el retratista Juan Bautista Curet Cenet, y más tarde asistió al taller del pintor italiano Miguel Carmine.

Más tarde, a instancias de su maestro, ingresó en la academia de la Sociedad Estímulo de Bellas Artes (antecedente de la Asociación Nacional de Bellas Artes) donde tuvo por guías artísticos a Reynaldo Giudici, Ángel della Valle y Ernesto de la Cárcova.

Ahí dictó cátedra de Dibujo desde 1897 a 1899.

Entre 1894 y 1898 participó en los Salones Anuales del Ateneo.

En 1899, el Gobierno Nacional le otorgó una beca por concurso para continuar sus estudios en Europa. Instalado en Roma, Italia, abrió su taller y conoció al maestro Giulio Arístide Sartorio.

De regreso en la Argentina ocupó el cargo de secretario de la SEBA colaborando en los trabajos preliminares de su nacionalización en 1905 -donde también ejercería como profesor- así como también lo haría más tarde en la creación del Conservatorio Nacional de Música.

Luego ntegra el grupo nexus con, [Alberto M. Ross](https://www.reddit.com/r/argentina/comments/1nsshtc/la_camisa_de_once_varas/)i, [Fernando Fader](https://www.reddit.com/r/argentina/comments/1nryrde/la_comida_de_los_cerdos/), [Pío Collivadino](https://www.reddit.com/r/argentina/comments/1ns1m9f/vida_y_obra/), [Cesáreo Bernaldo de Quirós](https://www.reddit.com/r/argentina/comments/1ns8157/mas_gaucho_que_un_zorrino/) [,Justo Lynch](https://www.reddit.com/r/argentina/comments/1nsv2j5/justo_un_marinista/) y [Arturo Dresco](https://www.reddit.com/r/argentina/comments/1nsablc/bacante/).

En 1907 fue nombrado Vicedirector de la Academia Nacional de Bellas Artes. Luego fue Director de la Escuela Superior de Bellas Artes hasta 1931.

Fue además presidente de la Sociedad Estímulo de Bellas Artes y miembro de la Comisión Nacional de Bellas Artes.

**Carlos Pablo Ripamonte Junto al Perito Moreno y otras destacadas figuras fundó el 4 de julio de 1912 la Asociación de Boy Scouts Argentinos.**

Sin descuidar su actividad artística, ejerció al mismo tiempo la docencia y continuó ocupando diversos cargos: fue presidente de la Sociedad Estímulo de Bellas Artes y miembro de la Comisión Nacional de Bellas Artes. En 1928 ocupó la dirección de la ENBAPP y fue director de la Escuela Superior de Bellas Artes de la Nación Ernesto de la Cárcova, hasta 1931.

Dictó la cátedra de Pintura y Dibujo en la FADU; profesor de Dibujo de Ornato aplicado a la Arquitectura en la Facultad de Ciencias Exactas, Físicas y Naturales de la Universidad de Buenos Aires, hasta su jubilación en 1942.

Recibió innumerables premios y distinciones como el Primer Premio en la Exposición del Centenario en 1910. Realizó exposiciones individuales en Galería Witcomb, Müller, Salón Mar del Plata; Salón Santa Fe, Bahía Blanca y Tres Arroyos. Su obra figura en museos nacionales, provinciales y en destacadas colecciones particulares.

Carlos Pablo Ripamonte murió en Villa Ballester el 14 de agosto de 1968.",9,36,2025-09-27 23:14:49
1nsbxvo,Chitrr,Luis Caputo confirmó la compra de dólares y defendió la nueva restricción cambiaria: “Se cortó un kiosco de unos pocos”,,42,62,2025-09-27 22:33:02
1nsb0rb,CaramelAutomatic7762,"En la marcha feminista prendieron fuego imágenes de Milei, Bullrich, Adorni y hasta de Pedro Rosemblat",,313,406,2025-09-27 21:45:22
1nsaz7x,RealRock_n_Rolla,"Productor agropecuario encontró un cachorrito de puma mientras cosechaba, el gato fue puesto en resguardo y liberado en la zona para que regrese con su mamá",,47,814,2025-09-27 21:43:07
1nsablc,_oxitono,Bacante,"Nació en Buenos Aires el 2 de abril de 1875 y residió en Temperley, provincia de Buenos Aires

**Arturo Dresco** inició su formación artística en la Sociedad Italiana Unione e Benevolenza y en la Asociación Estímulo de Bellas Artes. Luego viaja a Europa, por primera vez en 1893, donde estudió con Augusto Pasaglia hasta 1896. A partir de entonces realiza varios viajes a Europa regresando sucesivamente a Buenos Aires.

Cuando tenía 20 años exhibió en el Bon Marché (actual Galería Pacífico) un desnudo yacente,[Bacante](https://www.bellasartes.gob.ar/coleccion/obra/6221/), realizado en yeso, de tamaño natural, que a pesar de ser una obra poco significativa fue un gran triunfo pues fue considerado uno de los más hermosos desnudos de la plástica argentina

Regresa a Europa ingresando entonces en la Escuela de Artes Decorativas e industria de Florencia hasta el año 1897, regresando al siguiente año a la Argentina. En 1899 obtuvo una beca del Gobierno nacional para sus estudios en Europa radicándose en el año 1900 en nuestro país

En 1904 esculpe[ La pena](https://www.bellasartes.gob.ar/coleccion/obra/3657/) . realizada durante la estancia en Roma de Dresco, fue premiada con medalla de oro en  la Exposición Internacional de Saint Louis de 1904

Fue profesor y Vice-rector de la Academia Nacional de bellas Artes desde el año 1907 hasta 1909.integra el grupo nexus con  [Carlos Ripamonte](https://www.reddit.com/r/argentina/comments/1nscqpa/el_primer_boy_scoutmas_o_menos/), [Alberto M. Ross](https://www.reddit.com/r/argentina/comments/1nsshtc/la_camisa_de_once_varas/)i, [Fernando Fader](https://www.reddit.com/r/argentina/comments/1nryrde/la_comida_de_los_cerdos/), [Pío Collivadino](https://www.reddit.com/r/argentina/comments/1ns1m9f/vida_y_obra/), [Cesáreo Bernaldo de Quirós](https://www.reddit.com/r/argentina/comments/1ns8157/mas_gaucho_que_un_zorrino/) y[ Justo Lynch](https://www.reddit.com/r/argentina/comments/1nsv2j5/justo_un_marinista/)

Fue uno de los fundadores del Círculo de Bellas Artes y Presidente del mismo.

Entre sus esculturas emplazadas están el monumento a Cristóbal Colón en Repallo de Génova, Italia

En 1911 la Comisión del Centenario le encargó el Monumento a España, que debido a enojosas peripecias recién se inauguró en 1936. Fue su obra más importante, que hoy día se encuentra en un lugar apartado de la ciudad de Buenos Aires, en Avenida España al 2400, en el Paseo de la Costanera Sur.

Al General Arenales en Salta; al General Martín Rodríguez en Tandil, Buenos Aires

.En su obra escultórica las figuras son humanas, verdaderas, originales y bastante características. Sus cabezas son trabajadas cuidadosamente, con una gran justeza y sobriedad de líneas.

Participó en el Salón Nacional desde 1914.

Obtuvo el Primer Premio en el Salón Nacional de 1945 y Medalla de Oro en la Exposición Internacional de Saint Louis, Estados Unidos en 1904

algunas de sus obras

* Monumentos:
   * al general Juan Antonio Álvarez de Arenales, en la provincia de Salta.
   * al general Manuel Belgrano, en General Belgrano, Provincia de Buenos Aires.
   * al general Martín Rodríguez, en Tandil
   * a Cristóbal Colón, en Rapallo, Italia.
   * a España, en Buenos Aires.
   * a Juan Larrea, en Buenos Aires.
   * al Doctor Aguirre Zabala, en Gualeguaychú, Entre Ríos.
* Mausoleos:
   * al general Martín Rodríguez, en el Cementerio de la Recoleta.
   * al gobernador Lucas Córdoba, en San Miguel de Tucumán.
* Otras obras:
   * *La pena* (en mármol, Museo Nacional de Bellas Artes)
   * *La Puerta Historiada*: actualmente está ubicada en el Primer Piso de la Biblioteca del Docente, en la Ciudad Autónoma de Buenos Aires.
   * Mástil de bronce y hierro en Barrancas de Belgrano
   * [Escultura de cuatro niños desnudos jugando en el agua](https://www.minube.com.ar/rincon/los-4-ninos-de-dresco-a2156567)*,* frente al Teatro Municipal de Santiago, en la capital de Chile, regalo de la República Argentina a ese país en 1910.
   * *El Descanso*
   * *Lázaro*: Está ubicado en el Museo Americanista de Lomas de Zamora, Provincia de Buenos Aires, Argentina.

Arturo Dresco falleció el 21 de Julio de 1961 a los 86 años",4,7,2025-09-27 21:09:19
1nsa8qc,enano_bostero,"Cansado de revisar 10 diarios todos los días, creé una página que compara noticias de medios nacionales y provinciales con ayuda de IA","Soy un pibe de 18 de Rosario y, cansado de tener que revisar 10 diarios todos los días para tener una visión imparcial, armé una página que junta titulares de medios nacionales y provinciales (Clarín, Página/12, Infobae, La Nación, Rosario3, etc.).

La idea es que, con tanta info dando vueltas y cada medio con su propia agenda, podamos ver varias miradas de la misma noticia en un solo lugar, sin depender de uno solo.

La página usa inteligencia artificial y todo el proceso es 100% automático todos los días a las **7am**. Es **gratis**, liviana y **sin publicidad**. Todavía le falta un montón por pulir, pero ya quería compartirla.

Si a alguien le sirve o le da curiosidad, acá está: [**versusweb.com.ar**](https://versusweb.com.ar)",43,0,2025-09-27 21:05:18
1nsa7xx,Shot-Journalist-126,"Gildo Insfrán, gobernador de Formosa, apuntó a Javier Milei y su relación con el Presidente de EEUU: ""Le da la espalda a Trump....Y se agacha también"".","Polémico comentario del formoseño, que en diciembre de este año cumple 30 años al mando de la provincia.",72,49,2025-09-27 21:04:09
1ns9q29,RealRock_n_Rolla,"Guaymallén: Joven caminaba mirando su celular y se lo tragó un zanjón, salió por sus propios medios ileso",,109,752,2025-09-27 20:39:24
1ns9f6u,Chipre666,"En Argentina, 8 de cada 10 asalariados no alcanzan a cubrir sus necesidades básicas",,66,41,2025-09-27 20:24:42
1ns93qn,Francoorse,El precio por la suscripcion mensual del PACK FUTBOL. Un robo a mano armada.,,88,60,2025-09-27 20:09:36
1ns904s,germanet81,"El Doce on Instagram: ""Un año después… y algunos precios ¿están igual o más bajos? 🤯💲 🛒 La #CanastaTelenoche volvió para comparar los mismos productos que compramos hace un año. 😱",,8,16,2025-09-27 20:04:49
1ns8bhx,MonitorNo2101,"""El intendente Espinosa es un cobarde sinverguenza que no viene a poner la cara""",,35,146,2025-09-27 19:32:49
1ns8157,_oxitono,Mas gaucho que un zorrino,"Nació en Gualeguay (Entre Ríos) el 27 de mayo de 1879 y siendo casi un niño, Cesáreo Bernaldo de Quirós, a los 13 años ingresó al taller de Vicente Cotanda y muy pocos años después continuaría su formación en la Sociedad Estímulo de Bellas Artes donde encontraría maestros de la talla de Angel Della Valle y Ernesto de la Cárcova.

Luego de recibir el Premio Roma, con sólo 20 años y becado por el gobierno argentino, partió para Italia iniciando una estadía de seis años en Europa.

En 1901 obtuvo una mención en la Bienal de Venecia y posteriormente, se trasladó a España donde trabó relación con Ignacio Zuloaga y Joaquín Sorolla. Visitó París, Florencia y Cerdeña

En 1906 regresó al país  donde integró el grupo Nexus junto con [Carlos Ripamonte](https://www.reddit.com/r/argentina/comments/1nscqpa/el_primer_boy_scoutmas_o_menos/), [Alberto M. Rossi](https://www.reddit.com/r/argentina/comments/1nsshtc/la_camisa_de_once_varas/),[Fernando Fader](https://www.reddit.com/r/argentina/comments/1nryrde/la_comida_de_los_cerdos/), [Pío Collivadino](https://www.reddit.com/r/argentina/comments/1ns1m9f/vida_y_obra/), [Justo Lynch](https://www.reddit.com/r/argentina/comments/1nsv2j5/justo_un_marinista/) y [Arturo Dresco](https://www.reddit.com/r/argentina/comments/1nsablc/bacante/).

En 1910, obtuvo el Gran Premio y Medalla de Oro en la Exposición Internacional de Arte del Centenario lo que le significó una verdadera consagración.

A partir de entonces se sucederán nuevos y numerosos viajes (Europa, Estados Unidos, Canadá) que se alternarán con estadías en Buenos Aires y en su provincia natal. Ejerció la docencia y fue presidente de la Academia Nacional de Bellas Artes.

se convierte en la estrella del panorama plástico argentino y él se cuestiona la imagen europea de su pintura, por lo tanto decide internarse en Entre Ríos en su querida “Selva de Montiel” buscando sus raíces, y una de las primeras obras que realiza es “El río de mi pueblo” de 1918, y “Corral de Médanos” de 1919.

Durante ocho años trabajará en la más maravillosa serie jamás realizada por un artista argentino, “Los gauchos”. La misma la lleva a cabo en el pueblo Médanos, en la estancia de Justo Sáenz Valiente, y comprende treinta obras,que ademas tuvieron un correlato en la literatura con la obra de Leopoldo Lugones, Florencio Sánchez y José Ingenieros.

Estas obras fueron exhibidas Buenos Aires en 1928 y luego recorrieron con gran éxito España, Alemania, Inglaterra, Francia, Estados Unidos y Canadá. La gira se prolongó hasta 1936, año en que Quirós regresó definitivamente al país y se instaló en Paraná.

Leopoldo Lugones lo calificó, en forma rotunda, como “el pintor de la Patria”.

A los 89 años murió en Vicente López (Buenos Aires) el 29 de mayo de 1968.",7,54,2025-09-27 19:19:51
1ns7p05,hernannadal,"Francos dijo que no esperan que llegue el apoyo financiero de EE.UU: ""Basta con la palabra""",,2,0,2025-09-27 19:04:56
1ns5tya,Business-Ear-9112,Tarjeta de crédito Uala,"hola buenas, saben si pj pago con una de una sola vez con la tarjeta esa gratis que te dan, me van a cobrar algo después o pj que la quiera dar de baja, después de haber pagado, me quieran cobrar por darla de baja, o si tiene algún interés o algo ",3,0,2025-09-27 17:44:17
1ns5suu,Shot-Journalist-126,Respirar sin alergia: Estudiantes de Buenos Aires proponen reemplazar plátanos por árboles nativos,,59,82,2025-09-27 17:43:00
1ns5oed,ADHDnaut,Le quisieron robar a Robertito Funes en la marcha por el Triple Crimen narco,,67,343,2025-09-27 17:37:53
1ns5joj,SnooHabits8657,Porque no disimulo un poco..,Una pinta de trucho el  boga,166,269,2025-09-27 17:32:25
1ns4mgb,WallyTrainer87,"La economía rebotó en agosto: creció 0,7% respecto de julio y 5,5% en los últimos doce meses, según un informe privado",,9,52,2025-09-27 16:54:06
1ns48j3,FunkWavVol1,La condición de Estados Unidos para el acuerdo es romper con China,,32,0,2025-09-27 16:38:05
1ns45o4,No-Independence4395,Maquina de café,Alguno sabe de donde es esta moneda? ,4,1,2025-09-27 16:34:41
1ns3rgh,Tokita_Caju,"El michi: Viste como arrugó, fue gracias a mi",,49,130,2025-09-27 16:18:23
1ns3eqa,hernannadal,La interna en el Gobierno llegó a su pico máximo y se multiplican los pedidos para que Milei ordene el conflicto,,3,0,2025-09-27 16:03:59
1ns36wv,MonitorNo2101,El Gobierno aprobó un nuevo proyecto RIGI: una minera invertirá US$2700 millones en San Juan,,24,65,2025-09-27 15:55:16
1ns2qfr,Schneider-19,Liga argentina,"Si alguien puede envíame un enlace para ver la liga argentina escribelo en los comentarios porfaaa!!!!

",2,0,2025-09-27 15:36:29
1ns1xv3,Lenkense,Cubos de Rubik en Argentina,Estoy buscando recomendaciones de tiendas que vendan cubos de rubik en Argentina y hagan envíos a todo el país o al menos a Mendoza. Desde ya muchas gracias por la información que me puedan brindar.,4,5,2025-09-27 15:04:36
1ns1m9f,_oxitono,Vida y Obra,"**Pío Collivadino**,nació en Barracas, Buenos Aires, el 20 de agosto de 1869

Sus inicios en la preparación artística fueron en la Societá Nazionale de Buenos Aires en el taller del pintor decorador Luis Luzzi.

En 1889 ingresa en la Academia de Bellas Artes de Roma donde estudió la técnica del fresco con el maestro César Mariani.colaboró en los frescos decorativos del Palacio de Justicia de Roma.

En 1896 regresó a Argentina y se hizo conocido por sus litografías románticas

En 1903 pintó el momento gozoso de un almuerzo de siete obreros de la construcción. *La hora del almuerzo* fue presentada en la Bienal de Venecia de ese año, recibiendo al año siguiente la Medalla de Oro en la Luisiana Purchase Exposition de Saint Louis (Estados Unidos).

En 1905 fue honrado con la Orden de la Corona de Italia, y se convirtió en miembro honorario de la Academia de Brera, en Milán

En 1907, de regreso en el país, integró el Nexus y se sumó a la primera exposición del grupo. La búsqueda de un arte «nacional» que compartía este núcleo de artistas integrado también por[ Carlos Ripamonte](https://www.reddit.com/r/argentina/comments/1nscqpa/el_primer_boy_scoutmas_o_menos/), [Alberto M. Rossi](https://www.reddit.com/r/argentina/comments/1nsshtc/la_camisa_de_once_varas/), [Fernando Fader](https://www.reddit.com/r/argentina/comments/1nryrde/la_comida_de_los_cerdos/), [Cesáreo Bernaldo de Quirós](https://www.reddit.com/r/argentina/comments/1ns8157/mas_gaucho_que_un_zorrino/), [Justo Lynch](https://www.reddit.com/r/argentina/comments/1nsv2j5/justo_un_marinista/) y[ Arturo Dresco](https://www.reddit.com/r/argentina/comments/1nsablc/bacante/), se verificó en el caso de Collivadino en la adopción de motivos de la ciudad y sus márgenes que resultaban para entonces inéditos.

En 1908, fue nombrado Director de la Academia de Bellas Artes,Creó allí los talleres de grabado, ámbito en el que se formaron muchos de los primeros grabadores argentinos

Tuvo gran preponderancia en la enseñanza del grabado al aguafuerte, técnica que luego fue utilizada por el Grupo Barracas. Como discípulos del prestigioso artista, se puede mencionar: Lino Spilimbergo, Miguel Victorica, Raquel Forner, Héctor Basaldúa y [Benito Quinquela Martín](https://www.reddit.com/r/argentina/comments/1nm6ab4/la_boca_es_un_invento_m%C3%ADo/), entre otros.

En 1910 participó en la Exposición Internacional del Centenario, Buenos Aires

Creó su propio teatro llamado “La Higuerita”.

Tuvo a su cargo la dirección escenográfica en el  Teatro Colón y fue presidente del directorio del mismo.

En 1939 ayudó a organizar la Escuela Nacional de Bellas Artes [Prilidiano Pueyrredón](https://www.reddit.com/r/argentina/comments/1nmbjfj/un_pintor_por_pocos_pesos/)

En 1941 el Museo de Calcos y Escultura comparada

Fue director de la Escuela Prilidiano Pueyrredón hasta 1944, cuando fue obligado a retirarse por el nuevo gobierno militar del general Pedro Pablo Ramírez

**Pío Collivadino falleció en Buenos Aires, el 26 de agosto de 1945, a los 75 año**s

El Ministerio de Economía tiene el privilegio de poseer uno de sus obras emblemáticas, que es el óleo “Súper Usina Puerto Nuevo”del año 1929

**La familia  cedió a la Universidad Nacional de Lomas de Zamora más de cien obras plásticas** \-oleos, lápices, sanguinas, acuarelas, grabados, litografías y esculturas-.

En 1992, la Universidad inauguró el Museo Pio Collivadino, en una casa antigua, ubicada en la calle Medrano N.º 165, en la ciudad de Banfield, provincia de Buenos Aires.

**Desde 2010 el museo permaneció cerrado.** El paso del tiempo generó la necesidad de restauración y acondicionamiento del material. Con este propósito, la Universidad Nacional de Lomas de Zamora  firmó un convenio con la Universidad Nacional de San Martín, donde funciona el Centro de Producción e Investigación en Restauración y Conservación Artística y Bibliográfica Patrimonial.

En los años posteriores se llevó a cabo la última etapa del proyecto consistente en la digitalización y microfilmación del material y su preparación para una futura exhibición.

**En 2018 reabrió**",6,116,2025-09-27 14:51:52
1ns1fhv,Unusual-County-6723,"El texto que recibió Scott Bessent sobre la Argentina, el enojo rural y las críticas en EE.UU.","Le fotografiaron el celular a Bessent , como le paso a Lemoine
La foto es de una periodista de la agencia AP llamada Angelina Katsanis

Fuente: Abigail Contreiras Martinez",22,0,2025-09-27 14:44:11
1ns1eah,Tonoironico,Teorias conspiratias o Verdades extrañas de Argentina,"Necesito historias como:

1) Cuando el empresario Alfredo Yabrán ""se desvivio""  
2) Al hijo de Menem lo mataron por una deuda de honor: el turco no cumplió con su trato por el trafico de armas de con los musulmanes y ellos le sacaron su hijo varon.  
3) Nestor Kirchner no esta muerto porque no entra en su cajon. 

Estoy gestionando unos tiktoks nuevos! Agradezco que en ultimo post incluso termine hablando de cosas muy interesantes, supongo que asi se comienzan las comunidades. Les dejo un abrazo! ",77,10,2025-09-27 14:42:53
1ns0tvx,hernannadal,Cómo las escuelas argentinas buscan combatir el calor extremo,,0,1,2025-09-27 14:20:37
1ns0i81,RealRock_n_Rolla,Continúan los reportes de luces misteriosas en el Nahuel huapi,,99,64,2025-09-27 14:07:32
1ns08we,Mateo03,El momento menos provinciano del interior del país:,,6,22,2025-09-27 13:57:08
1nrztzm,AggravatingTear1584,Cuál recomiendan gordos,,67,358,2025-09-27 13:40:18
1nryrde,_oxitono,La comida de los cerdos,"Nació en Burdeos, Francia, el 11 de abril de 1882, pasó su infancia en Mendoza, por eso manifestó alguna vez ser mendocino, se educó en Europa, vivió algunos años en Buenos Aires, pero la mayor parte de su vida transcurrió en la provincia de Córdoba, donde pintó los maravillosos paisajes de las sierras, A pesar de su lugar de nacimiento es, sin duda, un artista Argentino

Realiza su primera exposición en la casa paterna, donde tenía su taller, que fue también la sede de su Academia de pintura, única en la provincia. Al año siguiente expone en el Club Español de Mendoza y en el Salón Costa de Buenos Aires, donde obtiene una rápida consagración con exposiciones anuales durante los siguientes cuatro años (1904 – 1908). Don Emiliano Guiñazú, un respetado vecino mendocino lo contrató para decorar con pinturas murales su casa de Luján de Cuyo (hoy Museo Provincial de Bellas Artes)

Su preocupación por lograr un arte genuinamente nacional lo acercaron a otros artistas que compartían las mismas inquietudes: [Cesáreo Bernaldo de Quirós](https://www.reddit.com/r/argentina/comments/1ns8157/mas_gaucho_que_un_zorrino/), [Carlos Ripamonte](https://www.reddit.com/r/argentina/comments/1nscqpa/el_primer_boy_scoutmas_o_menos/), [Justo Lynch](https://www.reddit.com/r/argentina/comments/1nsv2j5/justo_un_marinista/),[ Pío Collivadino](https://www.reddit.com/r/argentina/comments/1ns1m9f/vida_y_obra/), [Alberto María Rossi](https://www.reddit.com/r/argentina/comments/1nsshtc/la_camisa_de_once_varas/) y el escultor [Arturo Dresco](https://www.reddit.com/r/argentina/comments/1nsablc/bacante/). De sus charlas y reuniones nació el Nexus, primer grupo de Arte nacional Argentino, que realizó tres exposiciones entre 1907 y 1908, instalando las inquietudes de arte independiente y obviamente nacional, que se ven coronadas a partir de septiembre de 1911, con la creación del Salón Nacional de Arte.

«Las raíces y nuestras fuerzas están en cultivar lo propio»

Pintó casi 800 obras y fue uno de los artistas más buscados por los coleccionistas del arte argentino

Con 33 años y a raíz de una simple operación de apendicitis, se le descubre un tumor tuberculoso y se le pronostican tan solo seis meses de vida.

Gracias a una nueva operación del Dr. Francisco Llobet se abrigan esperanzas, en la medida que se traslade a las sierras de Córdoba.Durante sus últimos veinte años vivió enfermo, no había cura para lo suyo y tampoco él tomaba los recaudos necesarios para mejorar su estado

Fernando Fader falleció a los 52 años,el 28 de febrero de 1935 en su casa de Loza Corral, en el departamento de Ischilín , Córdoba.",4,28,2025-09-27 12:56:41
1nryc8y,chequeaBOT,La grieta y la libertad | Cortometraje,,58,0,2025-09-27 12:39:09
1nry4l7,PaiasoLoco-,Cañuelas - Junio 16 2018,"Qué frio amigo!
",21,58,2025-09-27 12:30:21
1nry4gd,Pretend_Ball2404,Viaje enero,"Hola a todos.

Tengo planeado hacer un viaje de 10 días a Argentina en enero, que distribuiría así: 4 días en Buenos Aires, 3 días en Bariloche y 3 días en alguna otra ciudad. Me gustaría Salta pero he leído que en enero hace mucho calor, entonces quisiera saber si es buena idea visitar esta ciudad a finales de enero o es mejor ir a alguna de la Patagonia, sea El Calafate, El Chaltén o Ushuaia, en este caso, cual me recomendarían",3,1,2025-09-27 12:30:11
1nrxgxz,KaySan-TheBrightStar,Nada me va a impedir bajarme ese paquete de Chocolinas solo!,,41,272,2025-09-27 12:03:28
1nrxa70,Kir4ris,$27000 ARS (20 USD) de compras en Neuquén.,"Compré todo en la feria del centro de mi ciudad. 

Considerando que el salario mínimo en agosto de 2025 fue de $322000 ARS. ¿Es maso lo mismo que pueden conseguir en su provincia por esa plata? ¿Es menos? ",293,577,2025-09-27 11:56:04
1nrw0h2,TangoFeroz1,Héroe De la Patria - Subteniente Marcelo Llambías Pravaz- Malvinas,"VGM Marcelo Alberto Llambías Pravaz , seria , egresado como Subteniente de la Promoción 113 ""Islas Malvinas"" el 7 de abrilde 1982  , es enviado como jefe de la 3ra Sección de Tiradores de la Compañía C del Regimiento 4, formada por tres grupos de conscriptos, los cuales ocupaban posiciones en Monte Challenger en Malvinas. Llambías y su sección ayudaron a cubrir la retirada de la Compañía de Comandos 602 que había sufrido una embocada y crudo enfrentamiento contra el SAS Britanico en Monte Kent. El primer enfrentamiento con tropas británicas en el que participaron los hombres de Llambias Pravaz tuvo lugar el 3 de junio. En este combate, que desde las 11 de la mañana se prolongó hasta pasado el mediodía, la fracción adelantada de la 3ra Sección de Tiradores del Subteniente Lautaro Jiménez Corbalán de la Compañía B del Regimiento 4 en Monte Harriet rechazó al Pelotón de Reconocimiento del Teniente Chris Marwood perteneciente al Batallón de Comandos 42 (42 COMMANDO) en Monte Wall con la ayuda de fuego de morteros de la Sección de Apoyo del Teniente Daniel Alberto Monetti en Monte Harriet y los refuerzos de los hombres de Llambías Pravaz.
Durante las acciones alrededor del Río Murrell, Llambías libró dos duros combates más contra hombres del Pelotón de Reconocimiento (Reconnaissance Platoon) del Teniente Chris Fox perteneciente al 45º Batallón de Comandos Británicos (45 COMMANDO), el primero contra 8 marines reales en la mañana del 6 de junio y el último en la noche del 9 al 10 de junio, la última acción conocida como el Combate de Cola del Dragón que incluyo la presencia de 4 hombres del Cabo Martin Wilkin que impidió el colapso completo del pelotón de marines reales bajo el mando del Teniente David Stewart cuando estos se encontraron paralizados por el miedo de algunos de sus superiores debido a la contraemboscada lanzada por la Compañía de Comando 602 del Mayor Aldo Rico quines eran apoyados por una fracción adelanta del Subteniente Llambías Pravaz. Durante el combate por la Batalla de los Montes Harriet y Dos Hermanas, la Compañía X-Ray del Comando 45 sometió a la sección de tiradores del Subteniente Marcelo Llambías Pravaz en Dos Hermanas Sur a un intenso fuego de morteros, cohetes y ametralladoras por casi cuatro(según Nick Van Der Bijl, oficial de inteligencia de la Brigada de Comandos 3) o cinco(Según el Capitán Ian Gardiner, el comandante de la compañía de fusileros atacantes) horas antes de que los defensores dieran la batalla por perdida y se retirasen a nuevas posiciones en Monte Tumbledown. Llambías operó eficazmente una ametralladora MAG y un lanzacohetes Instalaza-M65 en en esa acción, hiriendo a tres comandos británicos,pese al intenso fuego británico que incluyo el Pelotón MILAN (misiles antitanque pesados) perteneciente al 40º Batallón de Comandos (40 COMMANDO). En la acción su casco fue alcanzado por una piedra cuando un misil MILAN explotó muy cerca, salvando su vida.
",17,205,2025-09-27 11:01:43
1nrufca,Outrageous-Builder31,kicillof hablo sobre el plan económico de Milei en cnn:,,352,188,2025-09-27 09:50:03
1nruemi,Mindless_Tomorrow_45,Tecnoloyia,,43,1021,2025-09-27 09:49:03
1nrtj6z,theomictoman,[Sábado de Clasificados] Saque nuevo Capítulo de mi manga,,2,26,2025-09-27 09:05:56
1nrrsgs,WallyTrainer87,"Difundieron la foto de “Pequeño J”, el narco que habría ordenado el triple femicidio en Florencio Varela",,138,141,2025-09-27 07:25:44
1nrrl4o,AedesAegypti75,Misiones cobra Ing. Brutos de manera ilegal!,La prov. de Misiones retiene en forma ilegal Ingresos Brutos. Pero la Corte Suprema de la Nación puede acabar con ese abuso!,12,34,2025-09-27 07:12:59
1nrqgto,Robo-TINA,Sábado de No Acepto Críticas,"Tirá tu top 3 de verdades controversiales cortitas y al pie -sin faltar el respeto- que a más de uno le zafaría un tornillo, solo que acá no va a haber lugar a críticas!",10,3,2025-09-27 06:00:55
1nrqghb,Robo-TINA,Sábado de Clasificados,"Querés publicar tu emprendimiento?

Hiciste un podcast, canal de youtube, tienda de arte digital, o vendés un servicio?

Sos bienvenido a postearlo acá!



Las publicaciones en este thread se ajustan a los términos y condiciones de las políticas de contenido de reddit. Podés promocionar tu servicio o contenido siempre y cuando seas un usuario regular del sub, recordá:

>""Está bien que seas un rediturro con un sitio web, no está bien que seas un sitio web con una cuenta de reddit.""",1,3,2025-09-27 06:00:24
1nrqgbz,Robo-TINA,SABADO DE PREGUNTAS BOLUDAS,"Boludo el que boludea

Entra a nuestro [Chat](https://chat.reddit.com/room/!hSSQyOrLT-ahufrqRuBANA%3Areddit.com) y charla con la comunidad!",86,3,2025-09-27 06:00:08
1nrlfpf,MonitorNo2101,"""Para evitar el ruido politico, la provincia debe regular la venta de merca, como viene haciendo desde hace bastante""",,101,146,2025-09-27 00:53:20
1nrkqof,neutral24,"Invitamos a un criminólogo? Na, mejor trae al doctor en estudios de genero",,77,115,2025-09-27 00:15:33
1nrjr6r,Massive-Shop7918,"Ignorando lo pelotudo del nombre, porque joaquin específicamente",,123,452,2025-09-26 23:24:38
1nrjjf4,lightrayavatar,Misión Imposible: Protocolo Fantasma (en San Juan).,"Es en dos zonas diferentes, pero afecto igual. Hubo un par de cortes de luz, pero nada tan grave (como otras veces). ",5,18,2025-09-26 23:13:21
1nrj27w,RealRock_n_Rolla,Rallycar levantó cascotes y arrasó con los espectadores,,69,394,2025-09-26 22:48:14
1nrix5x,srfra2025,Mi sandwiche favorito desde hace 5 años 🤤,"Pan árabe bien fino, doble carne con cheddar y bacon. También como medio kilo de papas!
No lo pedía hace 1 año por qué esta como en 16, me dejo de ser accesible pero con un descuento me quedo en 10k
",116,329,2025-09-26 22:40:49
1nriwcj,stargazerrr3,Jamás se operen con los doctores Moina - rinoplastía,"No sé si es el lugar indicado para postear esto. Estoy buscando otras experiencias de gente que se haya operado la nariz con los doctores Moina en Buenos Aires y los hayan dejado igual de botcheados, con la cara arruinada, hayan tenido malas experiencias, etc

Estos cirujanos son conocidos. Haber acudido a ellos me arruinó la vida.",38,38,2025-09-26 22:39:43
1nricep,Erudain,Fangio llevando a Pavarotti a recorrer Buenos Aires - 1987,"nada, me salto esto en un ""recuerdo"" de Youtube y comparto",4,22,2025-09-26 22:11:24
1nri6eg,heenaasaaa,Detuvieron en Bolivia a un quinto sospechoso por el triple femicidio narco en Florencio Varela,,7,44,2025-09-26 22:03:14
1nri0gx,ADHDnaut,Florencia Peña denunció que la amenazan con difundir un supuesto video íntimo con Alberto Fernández,,75,129,2025-09-26 21:54:51
1nrhkdd,PussyDestr0yer99,"Esta es la Villa 21-24 (barrio zabaleta), donde se busca al pequeño J. Es la villa mas densamente poblada con 80 mil personas",,109,135,2025-09-26 21:31:49
1nrheos,masterofclownfu,Puros factos o esta totalmente gaga?,Con d'elia nunca estoy seguro ,37,89,2025-09-26 21:24:01
1nrh5c0,Argentinotriste,La pobreza sigue cayendo en Argentina: en mínimos desde 2018,,39,10,2025-09-26 21:11:42
1nrh4zy,Rustyrevolver,Continúan las demoras en los trenes pese a la conciliación obligatoria,,1,4,2025-09-26 21:11:17
1nrgxa9,Responsible-Goat-100,"Encontre un articulo muy bueno sobre como armar un buen cv, se los dejo para el que necesite los consejos",,5,4,2025-09-26 21:01:11
1nrgjqs,Extension_Ad_2042,Nombres y Apellidos que se parecen,"digan aca los ""Tautónimos"" nombres y apellidos que se parecen. están aca los tipicos ejemplos de ""Nicki Nicole"" o ""Martin Martínez""

vi en un comentario acá en el sub que hay una persona que se llama Roberto Ramon Rodrigues algo asi corte triple R.",9,2,2025-09-26 20:43:16
1nrflm6,_oxitono,La refinería de La Plata de YPF es reconocida como “Refinería del Año” por la LARTC,"**La principal refinería de Argentina fue distinguida por su excelencia operativa y su innovación tecnológica. El reconocimiento se da en un contexto de modernización que le permitió aumentar su eficiencia y rentabilidad a nivel mundial.**

La Refinería de La Plata de YPF fue distinguida como “Refinería del Año” por la LARTC (Latin America Refining Technology Conference), el principal evento de la industria de refinación en la región. Este premio, otorgado por la World Refining Association, reconoce la excelencia operativa y la innovación tecnológica de la mayor refinería del país.

Horacio Marin, presidente y CEO de YPF, afirmó que el premio “ratifica ese camino” de transformación y modernización que ha emprendido la refinería. En solo un año y medio, la planta logró posicionarse a la par de las mejores refinerías del mundo.

**Estos logros fueron reconocidos por la consultora Solomon,** **que ubica a la refinería en el primer cuartil a nivel mundial por su margen neto y en el segundo por su costo de producción.**

Próxima a cumplir 100 años, la refinería de YPF procesa 210.000 barriles de crudo por día, de los cuales el 70% proviene de Vaca Muerta. La planta produce el 41% de las naftas y el 39% del gasoil del país, abasteciendo de combustible al 60% del AMBA, entre otras zonas.

[https://dataportuaria.ar/nota/22564/la-refineria-de-la-plata-de-ypf-es-reconocida-como-refineria-del-ano-por-la-lartc/](https://dataportuaria.ar/nota/22564/la-refineria-de-la-plata-de-ypf-es-reconocida-como-refineria-del-ano-por-la-lartc/)",3,27,2025-09-26 19:59:59
1nret41,arselona,¿Puede el Respaldo de EE. UU. Estabilizar los Mercados Argentinos?,"Juan Pablo Vera, analista de Research en StoneX Argentina, analiza el impacto del apoyo financiero de Estados Unidos sobre el mercado local. En un contexto de reservas netas negativas, debilidad del peso y alta volatilidad en los bonos soberanos, Washington envía una señal contundente que podría cambiar el ánimo de los inversores. Todo esto, en plena antesala electoral. ",8,2,2025-09-26 19:24:16
1nre4ja,MonitorNo2101,""" Esta bosta que tenemos de gobernador e intendente ni me llamaron""",,170,570,2025-09-26 18:53:49
1nre29o,heenaasaaa,Kicillof desmintió una imagen suya haciendo compras en Nueva York y acusó a Milei,,43,0,2025-09-26 18:51:00
1nrdzt5,_oxitono,"Los vuelos Madrid-Rosario, más cerca: World2Fly recibe autorización para operar en Argentina","El gobierno argentino autorizó a la aerolínea española World 2 Fly a operar servicios regulares internacionales de transporte aéreo de pasajeros y carga en el país. 

La medida se formalizó a través de la Disposición 33/2025 de la Subsecretaría de Transporte Aéreo, publicada en el Boletín Oficial este 26 de septiembre.

Esta autorización es el primer paso legal fundamental para que la compañía pueda establecer una programación de vuelos hacia Argentina.

Según consta en la disposición, la empresa de bandera española recibió permiso para explotar una ruta genérica que abarca: puntos en Europa - puntos en territorio del Reino de España - puntos intermedios - puntos en territorio argentino - puntos más allá - y regreso.

Esta estructura de ruta amplia, común en los acuerdos bilaterales, otorga a World 2 Fly una flexibilidad considerable. 

Si bien el destino principal para una operación de este tipo suele ser Buenos Aires/Ezeiza (EZE), la redacción del permiso habilita otros aeropuertos.

En este sentido, tal como habíamos adelantado en primicia desde Aviacionline  en julio , fuentes cercanas de la compañía habían manifestado en conversaciones con nuestro medio su interés en volar al Aeropuerto Internacional de Rosario (ROS), una posibilidad que ahora cuenta con un marco regulatorio que podría viabilizarla.

Así también, desde el aeropuerto indicaron ayer que las negociaciones están avanzadas y que la intención de World2Fly es iniciar los vuelos entre Madrid y Rosario en enero de 2026, una vez que se reabra el aeropuerto de Rosario.

En [la nota que publicamos en julio](https://www.aviacionline.com/vuelos-rosario-madrid-la-oportunidad-de-oro-que-el-aeropuerto-de-rosario-esta-a-punto-de-perder), la compañía había condicionado su ingreso al mercado rosarino a que las obras de reconstrucción de la pista se realicen este año, para así poder aprovechar la temporada alta de verano en el hemisferio sur.

La aerolínea forma parte del conglomerado turístico del Grupo Iberostar. Su red abarca a Cancún, La Habana, Varadero, Santo Domingo, Punta Cana, La Romana, Zanzíbar, Mauricio y Cali.

[https://www.aviacionline.com/los-vuelos-madrid-rosario-mas-cerca-world2fly-recibe-autorizacion-para-operar-en-argentina](https://www.aviacionline.com/los-vuelos-madrid-rosario-mas-cerca-world2fly-recibe-autorizacion-para-operar-en-argentina)",7,15,2025-09-26 18:48:10
1nrdx6h,lucasarg14,"""Estamos ante un gobernador que en los últimos 6 años tiene el mismo equivalente de muertes a 6 guerras Malvinas""",https://x.com/lafuerzacarajo/status/1971598356095889598?t=Wz5pluDyDTzaVydXp6CKgw&s=19,88,257,2025-09-26 18:45:02
1nrd9qc,WallyTrainer87,Las reservas del Banco Central aumentaron casi USD 1.900 millones: el mercado lo atribuye a fuertes compras de dólares del Tesoro,,36,79,2025-09-26 18:17:01
1nrd5ea,Basatalio,Pregunta Galeno plan azul 220,"Hola, estoy considerando seriamente contratar este plan de salud, alguno que lo tenga/haya tenido podría darme una sincera reseña, opinión, crítica, etc.?

Desde ya muchas gracias!",0,5,2025-09-26 18:11:42
1nrcgsm,whaddefuck,Siguen atacando al Garrahan,,58,890,2025-09-26 17:43:38
1nrcgov,_oxitono,San Juan: el Banco Mundial respalda el desarrollo sostenible en la mina de cobre Los Azules y abre las puertas a la financiación internacional,"**A través de la IFC, firmó un acuerdo con McEwen Copper para alinear el proyecto con los estándares ambientales y sociales internacionales, una condición imprescindible para acceder a créditos de esa y otras entidades. La iniciativa prevé inversiones superiores a US$3.000 millones.**

McEwen Copper obtuvo un fuerte respaldo internacional para su proyecto de cobre Los Azules, en San Juan. La Corporación Financiera Internacional (IFC), miembro del Grupo Banco Mundial, firmó con la subsidiaria de McEwen Inc. un “acuerdo de colaboración” destinado a alinear el emprendimiento con los estándares ambientales, sociales y de gobernanza (ESG) de la entidad, condición necesaria para acceder a un eventual financiamiento de deuda y capital.

**En la Evaluación Económica Preliminar (PEA) de Los Azules se estimaban 4 millones de toneladas de cobre fino, pero nuevos estudios proyectaron que el recurso podría alcanzar 6 millones.**

“Esta iniciativa busca minimizar el riesgo del proyecto, alinearlo con los criterios requeridos para inversionistas internacionales y apoyar al sector minero argentino promoviendo una mayor transparencia, la reducción de emisiones de carbono y beneficios para la comunidad”, destacó McEwen en un comunicado.

Las Normas de Desempeño forman parte del Marco de Sostenibilidad de la CFI. Están dirigidas a los clientes e indican cómo identificar, mitigar y gestionar riesgos e impactos, a la vez que exigen participación de las partes interesadas y obligaciones de divulgación a nivel de proyecto.

“Nos complace colaborar con McEwen Copper en el proyecto Los Azules para ayudarlo a alinearse con las Normas de Desempeño de la IFC y sentar las bases para el financiamiento internacional de proyectos”, expresó Manuela Adl, Gerente Sénior de País de la IFC para Argentina.

[https://dinamicarg.com/san-juan-banco-mundial-respaldo-mina-cobre-los-azules/](https://dinamicarg.com/san-juan-banco-mundial-respaldo-mina-cobre-los-azules/)",3,28,2025-09-26 17:43:30
1nrc16m,EduBA,"Video: quisieron hacerle el ""cuento del tío"" a un argentino en Europa pero no salió como esperaban",,27,48,2025-09-26 17:26:24
1nrbalu,Nicky_Trend,Dichos Argentinos,"Pongan los dichos argentinos mas particulares que nuestro vocabulario popular allá podido engendrar y que les cause algo. Empiezo yo:

**""Fino como canape de polenta""**  
No es por bardear a la polenta pero me da mucha risa no se porque. XD",16,2,2025-09-26 16:57:49
1nrb4k5,ResponsibilityNo6125,Compartamos cosas de dudosa moral que hacen en su trabajo,,48,54,2025-09-26 16:51:21
1nrb1fc,fatninja32k,María O'Donnell: “Me había olvidado que el kirchnerismo había dejado de medir la pobreza. Le damos un chequeado a Milei.”,,103,297,2025-09-26 16:48:01
1nrajht,Unusual-County-6723,El apoyo prometido por Trump a Argentina genera ira entre los republicanos,"Borre mi anterior post porque no lo hice bien 😔.

Lean este articulo, ¿que piensan?

Firmado por Michael Stratford y Eric Bazail-Eimil",9,0,2025-09-26 16:27:50
1nr909p,Argentinotriste,"Los salarios subieron 2,5% en el mes de julio y le volvieron a ganar a la inflación",,31,0,2025-09-26 15:28:06
1nr8pxp,Lyapunoff,Bessent Puts US Money at Risk in $20 Billion Argentina Backstop,,17,0,2025-09-26 15:16:45
1nr8jv5,MonitorNo2101,"La mamá de Brenda se mostró indignada con Kicillof en medio del entierro de su hija: ""Ni nos llamó""",,93,145,2025-09-26 15:09:52
1nr7mi6,PussyDestr0yer99,La provincia de Buenos Aires POR LEY no le entrega estadísticas de criminalidad a los medios de comunicación.,,37,234,2025-09-26 14:33:42
1nr752a,_oxitono,Santa Cruz: YCRT reactiva la exportación de carbón a Brasil,"Tras años de inactividad, un buque partió desde Punta Loyola con 60.000 toneladas rumbo al país vecino. Es el primer paso concreto de la reactivación de Yacimientos Carboníferos Río Turbio.

Tras décadas desde el último envío, Yacimientos Carboníferos Río Turbio (YCRT) reactivó la exportación de carbón en Santa Cruz. Esta semana, un buque partió desde Punta Loyola rumbo a Brasil, transportando 60.000 toneladas de carbón extraído de Río Turbio.

El gobernador Claudio Vidal destacó la relevancia de la operación, subrayando que se trata de “algo histórico para la Cuenca y para toda la provincia”. La autoridad provincial resaltó el esfuerzo por mantener activa la producción y recuperar la presencia de la estatal en los mercados internacionales.

Según fuentes oficiales, la maniobra forma parte de un plan gradual de reactivación de YCRT, que incluye mejoras en infraestructura, modernización de equipos y capacitación del personal.

Pablo Gordillo Arriagada, interventor de la compañía, acompañó el embarque y valoró la coordinación entre los equipos técnicos y operativos, asegurando que se continuará trabajando para garantizar futuros envíos.

Santa Cruz se mantiene como la única provincia argentina en exportar carbón mineral, un recurso con alta demanda en ciertos países, pese a las críticas internacionales vinculadas a su impacto ambiental. La operación confirma la posición estratégica de la provincia en el suministro de este combustible para mercados sin alternativas energéticas inmediatas.

**¿Se reactiva una central térmica?**

El retorno del carbón a la exportación se conecta además con la próxima puesta en marcha de la Central Térmica Río Turbio (CTRT), cuya construcción se inició hace casi veinte años pero que hasta ahora no operó comercialmente. El proyecto permitirá convertir parte de la producción minera en energía eléctrica, fortaleciendo la matriz energética local.

Tras décadas desde el último envío, Yacimientos Carboníferos Río Turbio (YCRT) reactivó la exportación de carbón en Santa Cruz. Esta semana, un buque partió desde Punta Loyola rumbo a Brasil, transportando 60.000 toneladas de carbón extraído de Río Turbio.

El gobernador Claudio Vidal destacó la relevancia de la operación, subrayando que se trata de “algo histórico para la Cuenca y para toda la provincia”. La autoridad provincial resaltó el esfuerzo por mantener activa la producción y recuperar la presencia de la estatal en los mercados  internacionales.

**El retorno del carbón a la exportación se conecta con la puesta en marcha de la Central Térmica Río Turbio.**

Según fuentes oficiales, la maniobra forma parte de un plan gradual de reactivación de YCRT, que incluye mejoras en infraestructura, modernización de equipos y capacitación del personal. 

Pablo Gordillo Arriagada, interventor de la compañía, acompañó el embarque y valoró la coordinación entre los equipos técnicos y operativos, asegurando que se continuará trabajando para garantizar futuros envíos.

Santa Cruz se mantiene como la única provincia argentina en exportar carbón mineral, un recurso con alta demanda en ciertos países, pese a las críticas internacionales vinculadas a su impacto ambiental. La operación confirma la posición estratégica de la provincia en el suministro de este combustible para mercados sin alternativas energéticas inmediatas.

**¿Se reactiva una central térmica?**

El retorno del carbón a la exportación se conecta además con la próxima puesta en marcha de la Central Térmica Río Turbio (CTRT), cuya construcción se inició hace casi veinte años  pero que hasta ahora no operó comercialmente. El proyecto permitirá convertir parte de la producción minera en energía eléctrica, fortaleciendo la matriz energética local.

El ministro de Energía y Minería, Jaime Álvarez, informó que un módulo de 120 MW está próximo a conectarse al Sistema Argentino de Interconexión (SADI). “Si esa energía se produjera en la provincia, Santa Cruz podría comprarla directamente a YCRT”, precisó, destacando los beneficios económicos y logísticos de la generación local.

De concretarse la operación, la compañía podría reducir gastos vinculados al transporte de energía y generar una nueva fuente de ingresos, un aspecto relevante frente al déficit estructural que presenta YCRT. El proyecto abre también la posibilidad de ampliar la comercialización de carbón hacia otros destinos internacionales.

**La privatización de YRCT**

En paralelo, el Gobierno nacional analiza la privatización parcial de YCRT, conservando la mayoría accionaria en manos del Estado. Según los planes oficiales, también se contempla la participación de trabajadores y gremios en futuros esquemas de gestión, mientras se prevé la apertura de nuevas subastas de mineral para atraer socios estratégicos.

[https://dinamicarg.com/santa-cruz-ycrt-exportacion-carbon-brasil/](https://dinamicarg.com/santa-cruz-ycrt-exportacion-carbon-brasil/)",24,30,2025-09-26 14:15:01
1nr6f66,Lyapunoff,El Gobierno retomó una medida del cepo y quienes compren dólar oficial no podrán operar los tipos financieros por 90 días,,193,40,2025-09-26 13:47:35
1nr6ck7,juli3ta__,Cementerio mascotas," Necesito enterrarla a mi mascota x enfermedad
Conocen algun lugar de Buenos Aires? No quisiera cremarla
Ayuda x favor es urgente ",10,4,2025-09-26 13:44:49
1nr64ij,Mindless_Tomorrow_45,"Ref.: Circular CAMEX 1-1056 Exterior y Cambios. Adecuaciones.
Emitida el 26/09/2025 y publicada en Boletín Oficial Nro: 0 de fecha","[https://www.bcra.gob.ar/Pdfs/comytexord/A8336.pdf](https://www.bcra.gob.ar/Pdfs/comytexord/A8336.pdf)

  
",58,20,2025-09-26 13:35:58
1nr6466,ElCoro_______,Me equivoque en mi numero de pasaporte al hacer el check in,"Como dice el titulo, puse un 3 en vez de un 4, Alguien tuvo alguna vez este problema?

Como carajo lo solucionaron, porque no me deja cambiarlo online",16,4,2025-09-26 13:35:36
1nr5ym8,Express-Shine-113,Larga distancia nacional con omnibus y una urna,"Vamos a hacer un viaje en honor a nuestro padre fallecido y cremado. En vida, él quiso que esparcieramos las cenizas en donde nació. El caso es que tenemos la salida en 2 dias y tenemos solo el acta de cremacion. Es necesario llevar la de la defuncion (que no encontramos) o puedo llevar mi acta de nacimiento tambien para certificar que son los restos de mi padre en la urna?
Tambien llevaremos equipaje para estar unas semanas en dicha provincia. Podemos ocultarlo bajo ropa por discrecion de los demas usuarios del omnibus y proteccion contra golpes. Pero dentro de todo, hay que declararlo?",7,4,2025-09-26 13:29:29
1nr5xni,SofiBK,"En el hipotético caso de que recuperemos las Malvinas, que haríamos","Cuál sería el próximo paso. Puertos, rutas, aeropuertos? Poner alguna base militar yo diría que seguro, pero también alguna industria o algo por el estilo. Con el viento que hay se podría aprovechar la energía eólica, pero también hay petróleo que se podría explotar (sería una inversión carísima). Aprovechar para hacer investigaciones científicas en la zona también sería necesario antes que largarse a hacer cualquier otra cosa. Cómo haces para poblar un territorio tan querido pero a la vez tan desconectado del resto del país?",69,0,2025-09-26 13:28:24
1nr5w5p,elchanchoculia,Discos Conceptuales de Argentina,"Hoy, en una charla con un amigo, salió el tema de que en Argentina nunca hubo discos conceptuales como tal. Lo quise agarrar a trompadas porque hay muchos ejemplos de que SI hay, y muy buenos, más en estos últimos tiempos que están volviendo (ejemplo: novela, de Fito). Ahora, él sostiene el hecho de que, por ejemplo, un disco conceptual sí o sí tiene que tener el concepto bien claro y presente, como es en el caso de “La Biblia” de Vox Dei, y me negaba mi elección de Oktubre como mejor álbum conceptual ya que no hay un tópico común en la composición, porque, según el, en JiJiJi el tema distopico y revolucionario no está presente en ningún momento (yo difiero). 

De ahí me puse a descomponer lo que pensaba sobre los discos conceptuales, siempre teniendo como base a los grandes, sea Pink Floyd o The Beatles, y me puse a pensar: ¿hasta donde llega la clasificación de un álbum conceptual? ¿Que tomamos en cuenta? Porque, por ejemplo, en Anoche de Babasónicos hay un intento de conceptualidad cuando se toca Carismático-Yegua-Un Flash y se cierra con Pobre Duende, como dando una ambición de esta historia que se podría armar pero que finalmente no se armó. ¿Consideran que, otros discos, como Artaud, Signos o Fabulosos Calavera entran en esta definición? Y, ahí sí, la pregunta clave de mi posteo: ¿Cuál creen que es el mejor disco conceptual de Argentina?

Les dejo una definición de disco conceptual por si son medio lerdos y además les da paja buscar en internet: Álbumes que están unificados por un tópico en especial: puede ser en la narrativa, el tema o la composición musical",20,2,2025-09-26 13:26:43
1nr5lur,whaddefuck,Papelón: la motosierra que la delegación de Milei no pudo entregarle a Trump,,12,0,2025-09-26 13:15:44
1nr5d6l,tchristin,¿Esto es habitual? Biblioteca Nacional,"Hola. Intentaba usar el catálogo de la biblioteca nacional y me preguntaba si esto es normal o es mi día de suerte. Gracias.

https://preview.redd.it/uu426z7y8jrf1.png?width=1366&format=png&auto=webp&s=59d53f8e372dd48ab4c57345509f60168c62d404

",11,2,2025-09-26 13:06:44
1nr59xy,PussyDestr0yer99,"Virrey del Pino, Provincia de BsAs. Intentaron secuestrar a dos menores, pero gracias a los vecinos los descartaron a las pocas cuadras",,16,61,2025-09-26 13:03:22
1nr51mi,Superb_Card1227,25 de Mayo surrealista (2015),,14,11,2025-09-26 12:54:42
1nr4iu2,lucasarg14,"Gerardo Romano: ""¿Cómo puede ser que Milei vuelva al cepo?... Ah, era falso. Entonces sigue la fuga """,,140,441,2025-09-26 12:34:29
1nr3bdr,00Koch00,La cuenta oficial de la policía federal esta promoviendo memecoins,,26,0,2025-09-26 11:48:03
1nr32z8,osdaeg,El impresionante arsenal que le descubrieron a un jubilado al que fueron a allanar por golpear a su mujer,,16,11,2025-09-26 11:38:39
1nr2luu,MiserableIntern,Milei se reunió con Netanyahu en Nueva York y hablaron de los rehenes argentinos en Gaza,,78,31,2025-09-26 11:19:37
1nr1nbb,Lyapunoff,Productor agrícola indignado con el gobierno,,68,0,2025-09-26 10:40:22
1nr16es,WorldlyOrchid9663,Adidas me quiere decir algo?,,100,567,2025-09-26 10:20:13
1nr159y,Mr_Phantoms,"Rafael Grossi reveló un inesperado elogio de Putin a Milei: ""Lo que está haciendo en materia económica es muy razonable""",,85,29,2025-09-26 10:18:47
1nr0x0o,gadriano,Casi un 10% de los femicidios en Argentina se producen en contexto de narcocriminalidad,,66,34,2025-09-26 10:08:30
1nr0b1x,CaseSufficient3173,Esto paso.,,307,830,2025-09-26 09:41:31
1nqzmbb,Gbsto,Obra social monotributista,"Buenas gente, estoy buscando una obra social para mi, persona sola, averigüe por Sancor y OSDEPYM, las mas accesibles de acuerdo a mis ingresos, quisiera saber si alguno tuvo experiencia con alguna, que me cuente o que otra recomiendan

",15,5,2025-09-26 09:08:26
1nqz7pt,Argentinotriste,Prestige Auto confirmó una inversión de UDS 100 millones para producir una nueva versión del furgón más vendido en Argentina,,4,14,2025-09-26 08:48:52
1nqz5rw,Mindless_Tomorrow_45,Cine sanjuanino: Presupuesto: 1. Actuación 10. Guión 100.000. Semita: 100.000.000.000,,30,137,2025-09-26 08:46:04
1nqyt9o,Sim1334,Que uso se le da a la tierra en Argentina,https://argentina.mapbiomas.org/en/?utm_source=chatgpt.com,17,88,2025-09-26 08:27:27
1nqyiyh,WallyTrainer87,El Gobierno empezó a recuperar reservas: se aceleró la liquidación y el Tesoro aprovechó para comprar unos USD 700 millones,El gobierno compro dólares 10% más baratos del valor a los que lo vendió ,101,177,2025-09-26 08:11:34
1nqxmtz,heenaasaaa,Los gobernadores expusieron la debilidad del vínculo con Javier Milei y exigen cambios para después de octubre,,8,0,2025-09-26 07:19:59
1nqwv3e,ArgAgst,Goyco,,10,92,2025-09-26 06:32:14
1nqwdap,Robo-TINA,Viernes de llego el finde,¿Qué hacen el finde? ¿Qué van a ver/leer/jugar?,58,8,2025-09-26 06:00:17
1nqwd43,Robo-TINA,"Thread Diario de Dudas, Consultas y Mitaps - 26/09","Thread Diario de Dudas y Consultas!

Entra a nuestro [Chat](https://chat.reddit.com/room/!hSSQyOrLT-ahufrqRuBANA%3Areddit.com) y charla con la comunidad!",86,2,2025-09-26 06:00:01
1nqsmp9,Mordrenix,"En 1994, durante el ejercicio FLEETEX 2/94 ""George Washington"", el submarino ARA San Juan tuvo una destacada actuación al lograr infiltrarse en la defensa de la flota estadounidense y ""hundir"" al buque de mando USS Mount Whitney","Fuentes:

[https://www.lanacion.com.ar/politica/el-dia-que-el-ara-san-juan-sorprendio-a-la-armada-de-estados-unidos-nid2084583/](https://www.lanacion.com.ar/politica/el-dia-que-el-ara-san-juan-sorprendio-a-la-armada-de-estados-unidos-nid2084583/)

[https://deyseg.com/media/60](https://deyseg.com/media/60)",33,74,2025-09-26 02:02:39
1nqrofh,CommanderBelen,Juicio por el crimen de Bastián: el jurado declaró culpable al policía por el homicidio del nene de 10 años,LA PUTA MADREEEEE,27,26,2025-09-26 01:08:55
1nqrl23,vosregional,Estafas telefonicas. ¿Como actuan y como enfrentarlos?,Algunas maneras útiles de considerar al momento de ser llamados por delincuentes virtuales.,1,2,2025-09-26 01:03:54
1nqr61s,Extension_Ad_2042,Alguien de Trelew,"Buenas. Investigando un poco no se por que me ""obsesione"" con los colonos Galeses que vinieron al rededor de 1860 a Chubut para preservar su Cultura. Ahora bien,
En Trelew, Gaiman Dolavon incluso Madryn siguen establecidad las Tradicionas Galesas por ejemplo con instituciones escuelas comercios que la Promulgen? Han dejado descencia los Galeses en cuanto a un sector de la poblacion?

Se igual que han dejado pero no se si mucha o poca. Hay un Jugador de futbol que se llama Jeremias James es de Trelew.",9,8,2025-09-26 00:41:39
1nqohdj,Cayetanus,Sorpresa en un campo de Chaco por un objeto metálico que cayó del cielo: investigan su origen,,248,502,2025-09-25 22:25:52
1nqnreh,Future_Employer9968,Perra perdida,"Necesito por favor la ayuda de la comunidad la perdimos desde el día domingo 21/09 en isidro casanova estamos desesperados buscándola y no aparece, desapareció en la.zona de isidro casanova ",8,142,2025-09-25 21:51:41
1nqmnnj,SomethingOfAGirl,Which invoice is your favorite? Mine is the little black lesbian,,85,432,2025-09-25 20:59:34
1nqkzui,poke__fisura,La Justicia confirmó que Cristina Kirchner no pagará 22.300 millones de pesos por la demanda civil de Vialidad,,50,56,2025-09-25 19:44:19
1nqkmkn,SwizItalo,Le tendrían que haber tirado mas la lengua,,66,246,2025-09-25 19:28:17
1nqkeqb,MonitorNo2101,"""Mira los dientes que me faltan por culpa de tu gobierno de mierda""",,169,209,2025-09-25 19:19:06
1nqjhjp,nikolaibk,La pobreza en Argentina cae a su nivel más bajo desde 2018,,306,470,2025-09-25 18:41:03
1nqjbw4,JustMyOpinionz,"US Treasury announces full-scale bailout for Argentina: bond purchase, swap, and credit line - Buenos Aires Herald",,8,21,2025-09-25 18:34:38
1nqi3eg,SukunDrule,"Hizo un CV de mierda, mintió y consiguió trabajo.",,121,1114,2025-09-25 17:44:08
1nqh634,_oxitono,Mapei construirá en Santiago del Estero una nueva planta de US$ 20 millones para duplicar su producción,"**La compañía italiana, especializada en productos químicos para la construcción, busca abastecer con mayor eficiencia al mercado del norte argentino y aumentar sus exportaciones.**

Con una inversión de 20 millones de dólares, Mapei avanza en la construcción de una nueva planta en Santiago del Estero, que se espera esté operativa en mayo de 2026. La compañía, especializada en productos químicos para la construcción, busca duplicar su capacidad de producción en Argentina y ganar mercado en el norte del país.

Gabriel Ros, director regional de Mapei Latam Cono Sur, explicó que la construcción comenzó a principios de 2025 y presenta un avance del 80%. La nueva instalación, con 10.000 metros cuadrados, tendrá una capacidad inicial de 100.000 toneladas anuales y dará trabajo directo a 150 personas. La planta será la más tecnológica del grupo a nivel mundial, con un funcionamiento casi totalmente automatizado que incluye robots para tareas de paletizado y embalaje.

El objetivo de la compañía es duplicar la producción en Argentina, pasando de 200.000 a 400.000 toneladas al año. La ubicación en Santiago del Estero responde a un criterio logístico y de mercado, ya que el costo de flete para trasladar productos básicos desde la planta de Escobar al norte del país es más caro que el propio producto.

Con la nueva planta, Mapei también busca aumentar el volumen de exportaciones. Actualmente, la compañía exporta entre el 5% y el 7% de su producción a Bolivia y Paraguay, y alrededor del 15% si se consideran los envíos a Uruguay, Chile y Brasil.

[https://dataportuaria.ar/nota/22540/mapei-construira-en-santiago-del-estero-una-nueva-planta-de-us-20-millones-para-duplicar-su-produccion/](https://dataportuaria.ar/nota/22540/mapei-construira-en-santiago-del-estero-una-nueva-planta-de-us-20-millones-para-duplicar-su-produccion/)",8,78,2025-09-25 17:08:44
1nqh62h,patononi,"Mendoza, Argentina Guided Trekking with Group","Hi! I’m a solo traveler going to Mendoza, Argentina for the first time. I have been searching on Viator and Getyourguide for guided trekking in Mendoza, since I can see that the landscape is truly beautiful. I haven’t had much luck finding anything though. 

Does anyone have a recommendation for companies that do guided treks in groups in Mendoza?? 

Thanks!! ",0,2,2025-09-25 17:08:43
1nqgxpb,Well_Socialized,Why Is Trump Bailing Out Argentina?,,15,0,2025-09-25 16:59:39
1nqgq62,Corruptus_inextremis,Un individuo entró en la escena del crimen del triple homicidio y se fue al poco tiempo,,94,328,2025-09-25 16:51:17
1nqgi7l,leomuni,"La pobreza fue del 31,6% en el primer semestre: una baja de 21 puntos desde el año pasado",,27,54,2025-09-25 16:42:26
1nqfvlv,Lyapunoff,Se pinchó la burbuja Bessent: Caen los bonos y sube el Riesgo País,,33,0,2025-09-25 16:18:25
1nqfgc8,Still_Lemon_5598,"La pobreza bajó al 31,6% en el primer semestre según el INDEC.",Fuente: [https://www.indec.gob.ar/uploads/informesdeprensa/eph\_pobreza\_09\_25D162CC7BFB.pdf](https://www.indec.gob.ar/uploads/informesdeprensa/eph_pobreza_09_25D162CC7BFB.pdf),138,209,2025-09-25 16:02:29
1nqdq4v,whaddefuck,La Justicia absolvió a Julio de Vido y a Andrea del Boca y el juicio terminó sin condenados,,9,5,2025-09-25 14:56:22
1nqczky,Argentinotriste,El dólar oficial volvió a bajar por cuarto día consecutivo y cotiza a $1345 para la venta,,122,170,2025-09-25 14:28:34
1nqcawx,Equivalent_Energy585,Busco cybercafe o renta de computadoras por Palermo,"Saludos, alguien sabe de un buen lugar cerca de Palermo para rentar una pc o laptop? Pasa que vine a Buenos Aires por el concierto de Avenged Sevenfold pero movieron el concierto al 30 de septiembre 🥲 
Ahora estoy buscando la manera de quedarme unos dias extra para poder ir al concierto pero no puedo pedir mas dias libres en el laburo asi que necesito una pc o laptop para trabajar remoto estos dias. 
Les agradezco cualquier información que tengan sobre esto, gracias ",3,4,2025-09-25 14:02:42
1nqc5c1,hjf2014,"Tras el respaldo de EEUU, un grupo de gobernadores se mostró abierto al diálogo político pero hay dudas por los tiempos electorales",,24,24,2025-09-25 13:56:53
1nqbdz1,Argentinotriste,"Argentina lanza la ""operación Roca"" y moviliza tropas en la frontera norte: el giro militar que sorprende a la región",,57,87,2025-09-25 13:27:49
1nqb0u7,procsysnet,De firmas y gaseosas cola,"Seguramente algunos han visto el comentario de `Firma: Carlito periodista` en los posts de noticias desde hace unas semanas y junto con ello las ahora infaltables pepsi que se han vuelto meme.

Si bien al principio uno siempre piensa que todos pueden estar troleando, la desmesurada (a mi criterio) respuesta de algunos y insistencia de comentarios del tipo: `Que te importa si tiene firma o no` en múltiples variantes, me sembró una duda existencial.

`¿Que tienen las firmas que tanto molestan?`

Entonces arme [esto](https://gitlab.com/jjdoe/firma-bot). El estado actual es básico, pero como algunos saben **""Lo perfecto es enemigo de lo bueno""**, mas vale liberar ahora algo funciona que no hacerlo nunca.

Espero a alguno de ustedes le sea de utilidad o al menos les plante la semilla de la curiosidad sobre el verdadero valor de los datos y la información

Ps. Intente hacer este post al menos 7 veces, todas bloqueadas automáticamente, fui modificando y retirando cosas hasta que pude publicarlo, voy a agregar un comentario con el resto de la info.

Firma: Procsysnet",20,25,2025-09-25 13:13:53
1nqan1a,Same_Version8134,Ultimo informe del JP morgan sobre Argentina,"**The post mid-term path**

While the recent measures are positive steps to curb FX volatility in the eve of the October elections, we continue to highlight that the enduring political risk premium is likely to demand a more competitive real exchange rate in the coming quarters—even if the electoral landscape proves favorable for President Milei. Post the mid-term elections, it will be imperative to rebuild external debt repayment capacity.

Debates on the real exchange rate are among the most heated ones in the profession, with a myriad of models and strategies aiming to convey an often simple (sometimes simplistic) answer to a complex question. A common approach is to aim to estimate the level of the real exchange rate that is consistent with a certain level of external savings, based on historical relationships, usually linked to current account balances high enough to stabilize (or reduce) external debt ahead. But these models clash with the forward-looking notion of currency value. We have acknowledged in the past the limitations of most models when assessing fundamental valuation amid regime change.

That said, the inherent uncertainty associated with the political ability of the administration to be able to enforce its commitment to fiscal restraint has shown the limitations of a regime characterized by fear of floating, limited reserves and a demanding external debt repayment path. The fact is that today, with the information available, the most likely scenario ahead is for Argentina to face a competitive election every other year, with the opposition questioning the macro relevance of fiscal restraint, even if Milei’s LLA and (potential) allies deliver a decent midterm result in October (i.e., they secure at least ⅓ of the lower chamber). Thus, the rationale for FX reserve accumulation to take place only after the Treasury obtains market access to rollover external debt seems exhausted. A credible regime requires the public sector (encompassing both the Treasury and the BCRA) to increase its FX position, buying dollars to secure the debt payments.

The level of the real exchange rate that would be consistent with the public sector securing market debt repayments is likely to depend on a number of factors. To illustrate this point: in the first four months of 2024 the BCRA was able to purchase about US$12bn. Back then, the economy suffered a domestic demand crunch as the administration advanced the fiscal adjustment, weighing on imports of goods and services. In addition, the BCRA was paying imports in installments. When controlling for both factors, we estimate that the BCRA was able to purchase around US$2.0bn of foreign exchange because of the RER level (vis-a-vis the USD). At today’s prices, such a level would sit between 1700 and 1470. Thus, the public sector could buy about US$6bn per year (about 0.9% of GDP). Granted, this estimate would be consistent with a balanced financial account. That is, households’ demand for FX is offset by FDI and other net portfolio flows.",20,0,2025-09-25 12:59:31
1nqaeoe,Xave3,Estoy totalmente podrido de los proveedores de internet,"Estoy en una ciudad del interior y como toda persona tengo internet.

Hace unos meses decidí cambiar de proveedor. Originalmente estaba conectado a canal 10, que es el canal local, con 30 megas por 52k al mes. Me termine pudriendo por lento y porque subirme a 50mb era imposible porque era internet comercial (unos 90k).

Así que me pase a otro proveedor que distribuye internet servicios, una promo de 6 meses por 18k y después salta a 65k al mes por 300mb (originalmente por red podia llegar a 800mb).

Ahora resultó que el pelotudo sobrevendio lo que tenía y hay cortes continuos, la velocidad está en torno a 70mb por red (cable a mí PC), una mierda todo y me re pudre ya la situación.

La única otra opción realista es Star link, pero el precio y servicio no me es llamativo y ya me quedo sin ideas la puta madre.

Hago streams en la noche y encontré micro cortes en la latencia, saltos de fps, etc. Es una mierda esto!",26,17,2025-09-25 12:50:36
1nqabl3,MentatErasmus,Los psiquiatras no dan abasto para atender las emergencias de adolescentes con cuadros graves,,30,4,2025-09-25 12:47:13
1nq9evj,Blackbird_song13,¿Sabe esta mujer que es cómplice de abuso de menores?,"Es la ""amiga"" mayor de edad que se prostituía junto con la nena de 15 años (14 en la foto) que murió ayer en el triple crimen.",309,571,2025-09-25 12:12:20
1nq9dck,Mindless_Tomorrow_45,"Publicidades sobre el Cambio de Mano a la hora de conducir, a partir del 10 de Junio de 1945 a las 6 AM Argentina cambio el sentido de conducir.",,19,89,2025-09-25 12:10:44
1nq8zyw,CaseSufficient3173,Las universidades financiadas públicamente.,,261,10,2025-09-25 11:56:48
1nq8qs6,MonitorNo2101,"Villa 1-11-14, la fábrica de cocaína del Territorio Liberado Peruano",,31,64,2025-09-25 11:46:48
1nq8peh,Delsevvv,"La ""AMIGA"", diría yo EXPLOTADORA SEXUAL de una menor, se animó a despedirla por las redes, marchar por Lara y subir estas fotos. Una sinvergüenza, estoy indignada! Lara tenía 15 años, tenía q estar en la Escuela, no con esta clase de junta!",,54,111,2025-09-25 11:45:22
1nq8odx,guanaco55,Milei reitera reclamo sobre Malvinas ante Asamblea de la ONU,,4,42,2025-09-25 11:44:16
1nq8m8d,JuanDeLongchamps,Discusión sobre la poli Argentina,"Según la info del caso de la 3 mujeres asesinadas, MEDIANTE EL RASTREO DEL CELULAR SE ENCONTRÓ LOS CUERPOS.

¿Que pasaría si la policía rastreara todos los celulares robados? Entiendo que los apagan etc pero en algún momento vuelven a pinguear. 

Se imaginan que toda la poli rastreara celulares durante un mes se termina la joda. Las cárceles a tope. 

",30,5,2025-09-25 11:41:53
1nq8i4m,420247locoo,Scam me pls,Al menos te avisa que es scam,12,34,2025-09-25 11:37:20
1nq8gf2,CaramelAutomatic7762,"Kicillof viajó a New york para reunirse con Lula, Orsi y boric en el homenaje a Pepe Mujica",,43,69,2025-09-25 11:35:35
1nq8g9u,WillLife,¿Sabías que podés verificar si estás anotado en algún partido político?,"A pedido del público (🤌🤌) les dejo el link de la CNE para que lo verifiquen.

En caso de estar anotados y querer darse de baja les recomiendo ir al correo Argentino y solicitar el telegrama de desafiliación partidaria dirigido a la cámara electoral de su distrito. En 3 días hábiles se resuelve.

Edit: bueno, ahí comentó un redditurro que si nunca se anotaron en un partido deben hacer la denuncia ante la CNE porque estarían falsificando inscripciones.",46,51,2025-09-25 11:35:26
1nq867i,CucarachaRosarina,Retenciones de carnes avícolas y bovinas continúa sin cupo hasta el 31 de octubre,,2,12,2025-09-25 11:24:39
1nq85lc,Piplupel,Un problema muy serio que necesita una solución urgente," Marcha de ni una menos en Capital luego que maten a las 3 pibas (3 chicas que les robaron a narcotraficantes y se jactaron de ello [no se justifica de ningún modo el asesinato pero se entiende que la acción en si conlleva un riesgo altísimo] obviamente si ser conscientes de lo que hacian).

 Gran movilización tanto en las calles como en las redes sociales de los sectores de la izquierda y el justicialismo.

 El suceso ocurrió en La Matanza y los cuerpos se encontraron en Florencio Varela, la seguridad en esos territorios es cuestión por el gobierno provincial.  

En los pedidos de justicia se responzabiliza al gobierno nacional el cual no puede accionar de la manera que deberia ya que en 2023 la misma izquierda y el peronismo votaron en contra de fortalecer la actuación de las fuerzas federales en:
 • la investigación, prevención y lucha de los delitos complejos y el crimen organizado 
• la producción y tráfico de estupefacientes
• la corrupción de niños, niñas y adolescentes
• terrorismo 
• las privaciones ilegítimas de la libertad agravadas
• los delitos aduaneros
• los secuestros extorsivos y la trata de personas.

Además en 2016 los mismos partidos votaron en contra de la carcel efectiva para violadores.

Votos negativos para ley de cárcel efectiva para violadores (encabezan los más conocidos):

Kirchner, Máximo Carlos — FPV - PJ

Bregman, Myrian — PTS - FIT

Stolbizer, Margarita Rosa — GEN

Alvarez Rodríguez, José Arnaldo — FPV - PJ

Argumedo, Alcira Susana — Proyecto Sur

Arrieta, Gustavo — FPV - PJ

Carlotto, Remigio Gerardo — Peronismo para la Victoria

Castañeto, Carlos David — FPV - PJ

De Pedro, Eduardo Enrique — FPV - PJ

Depetri, Edgardo Fernando — FPV - PJ

Di Tullio, Juliana — FPV - PJ

Donda Pérez, Victoria Analia — Libres del Sur

Furlan, Francisco Abel — FPV - PJ

García, María Teresa — FPV - PJ

Garré, Nilda Celia — FPV - PJ

Grana, Adrián Eduardo — FPV - PJ

Grosso, Leonardo — Peronismo para la Victoria

Larroque, Andrés — FPV - PJ

Mans, María Lucila — FPV - PJ

Moreau, Cecilia — GEN

Moreau, Lilia — GEN

Moreno, Carlos Julio — FPV - PJ

Pedrini, Juan Manuel — FPV - PJ

Pitrola, Néstor — Frente Izq Trabajadores

Rach, Quiroga — FPV - PJ

Raverta, María Fernanda — FPV - PJ

Recalde, Héctor Pedro — FPV - PJ

Rodríguez, Rodrigo Martín — FPV - PJ

Tailhade, Rodolfo — FPV - PJ

Troiano, Gabriela Alejandra — Partido Socialista

Volnovich, Luana — FPV - PJ

Abraham, Alejandro — FPV - PJ

Arenas, Berta — FPV - PJ

Bardeggia, Luis María — Compromiso federal

Basterra, Luis Eugenio — FPV - PJ

Brítez, Cristina — FPV - PJ

Carrizo, Nilda Mabel — FPV - PJ

Castro, Sandra Daniela — FPV - PJ

Ciampini, José Alberto — FPV - PJ

Ciciliani, Alicia Mabel — Partido Socialista

Cleri, Marcos — FPV - PJ

Cousinet, Graciela — Libres del Sur

De Ponti, Lucía Marta — Movimiento Evita - P. Victoria

Díaz Roig, Juan Carlos — FPV - PJ

Doñate, Claudio Martín — FPV - PJ

Duré, Lucía Beatriz — Partido Socialista

Estevez, Gabriela — FPV - PJ

Ferreyra, Araceli Susana del Rosario — Peronismo para la Victoria

Gallardo, Miriam Graciela del Valle — Concertación FORJA

Glojia, José Luis — FPV - PJ

Gomez Bull, Mauricio Ricardo — FPV - PJ

González, Josefina Victoria — FPV - PJ

Horne, Silvia Renee — Peronismo para la Victoria

Huss, Juan Manuel — FPV - PJ

Igon, Santiago Nicolás — FPV - PJ

Llanos, Ana — FPV - PJ (ABSTENCIÓN)

López, Pablo Sebastián — FIT

Lusquiños, Luis — FPV - PJ

Martínez, Anselmo — Movimiento Solidario Popular

Martínez, Norman Darío — FPV - PJ

Masso, Federico Augusto — Libres del Sur

Pereyra, Juan Manuel — Concertación FORJA

Ramos, Alejandro — FPV - PJ

Rodríguez, Matías — FPV - PJ

Ruiz Aragón, José Arnaldo — FPV - PJ

Santillán, Walter Marcelo — FPV - PJ

Seminara, Eduardo Jorge — FPV - PJ

Solanas, Julio Rodolfo Francisco — FPV - PJ

Soraire, Alicia — FPV - PJ

Soria, María Emilia — FPV - PJ

Sosa, Capurro Soledad — Frente Izq Trabajadores",253,503,2025-09-25 11:23:59
1nq7ifr,Wooden_Excitement451,Thread necesario de anécdotas con perros/mascotas adoptadas,"(no es mi perro,video para llamar la atención) 

Hace poco adopte a un perro no tan pequeño y lo que más nos preocupaba era el proceso de adaptación en mi casa y con mis otras mascotas. A los 15 minutos de llegar me tomo toda el agua del bebedero, comió el alimento que había en un tarro, se robó dos tarugos de una caja de herramientas y se tiró a dormir en mi cama. Un personaje ",57,285,2025-09-25 10:58:27
1nq7bz4,BigBoiNoa,Lo mas raro que vieron en transporte público.,"Es el transporte publico de Argentina, por supuesto que a todos nos pasó un evento así. Cosas incomodas, divertidas, cualquier cosa que una vez se bajaron del bondi se hayan dicho a si mismos ""Que carajo hermano"".",59,28,2025-09-25 10:51:02
1nq7038,Delsevvv,El presidente de la Rural cuestionó el final de las retenciones 0%: “Muchos productores se quedaron afuera” - Infobae,,38,0,2025-09-25 10:37:30
1nq6525,heenaasaaa,El conflicto entre La Libertad Avanza y Pro crece pese a la alianza electoral de Milei y Macri,,3,0,2025-09-25 10:00:53
1nq61on,hjf2014,"En menos de un mes, el Banco Central revirtió pérdidas por más de un billón de pesos en el mercado de futuros",,31,84,2025-09-25 09:56:44
1nq4sxj,Argentinotriste,La Argentina llevó en agosto la producción de petróleo a la mejor cifra desde enero de 1999,,13,54,2025-09-25 08:59:25
1nq4rwf,Mindless_Tomorrow_45,Otro político que miente,,12,62,2025-09-25 08:58:00
1nq4rd4,Wooden_Excitement451,"Durante muchos años pensaba que lo había soñado pero no, este video de cartoon network existía",,49,446,2025-09-25 08:57:16
1nq4mf1,fatninja32k,"Revelaron que las torturas y los asesinatos de Brenda, Morena y Lara fueron transmitidos en vivo por TikTok por el narcotraficante peruano que sería el responsable del triple crimen. Escalofriante relato.",,196,296,2025-09-25 08:50:03
1nq4hpx,recursante,Entrevista a una de las víctimas del triple crimen,"🔴 MARTÍN SALWE HIZO UNA NOTA CON UNA DE LAS VÍCTIMAS DEL TRIPLE FEMICIDIO 

Conexión narco.",141,97,2025-09-25 08:43:25
1nq40uu,Fair-Building9322,Apenas 1 de cada 10 alumnos logra terminar la educación secundaria en tiempo y forma,,23,13,2025-09-25 08:18:36
1nq2sqy,WallyTrainer87,Triple femicidio en Florencio Varela: el asesinato fue transmitido por redes sociales para un grupo cerrado,,91,76,2025-09-25 07:07:47
1nq1r89,Robo-TINA,Jueves de Contemplación,,22,4,2025-09-25 06:00:23
1nq1r0j,Robo-TINA,"Thread Diario de Dudas, Consultas y Mitaps - 25/09","Thread Diario de Dudas y Consultas!

Entra a nuestro [Chat](https://chat.reddit.com/room/!hSSQyOrLT-ahufrqRuBANA%3Areddit.com) y charla con la comunidad!",90,3,2025-09-25 06:00:03
1nq1ab7,whaddefuck,“Es trágico que estemos normalizando esta situación”: solo el 10% de los estudiantes termina la secundaria en tiempo y forma,,96,137,2025-09-25 05:29:00
1npx2ic,WillLife,¿Dónde se consigue el listado completos de partidos según la cantidad de afiliados?,"Por diversas fuente pude obtener el listado con los 19 que más tienen, pero me gustaría acceder al listado oficial.

¿Alguien sabe donde encontrarlo?

En la CNE (Cámara Nacional Electoral) no encuentro esa información puntual, solo datos del total de afiliados.",26,8,2025-09-25 01:05:22
1npvkai,Left-Apartment-3381,Consulta para los que fueron a Imax,"https://preview.redd.it/eqamnt3a58rf1.png?width=835&format=png&auto=webp&s=6cef790645b5900bc54a9e178acc7d109db170f0

Hola!! Me sabrian decir si estan bien esos asientos que saque? son muy atras o esta bien? me dijeron que abajo es medio que te agarra torticolis",27,2,2025-09-24 23:46:34
1npv9e0,FarSignature7783,Tier list de alfajores,"El orden de los tier no es importante

https://preview.redd.it/metfhwr328rf1.png?width=1118&format=png&auto=webp&s=16fd92f517502ad9ebd3ac0aa03d0c62d9296742

  
",14,0,2025-09-24 23:31:18
1npv7c8,Argentinotriste,Récord de carne argentina: exportaciones en alza con China y Europa.,,4,21,2025-09-24 23:28:30
1npv38z,Chipre666,Retenciones cero abandonó el grupo | Estados Unidos exigió y el Gobierno cumplió de inmediato,,26,0,2025-09-24 23:22:53
1nputem,WallyTrainer87,Familiares de dos de las jóvenes asesinadas en Florencio Varela piden ayuda para el velatorio,Alias Damian.6276,4,0,2025-09-24 23:09:34
1npul2p,MentatErasmus,"La Universidad Nacional de Quilmes rindió homenaje a Morena Verdi, Brenda Del Castillo y Lara Gutiérrez en uno de sus bancos rojos, símbolo de la lucha contra la violencia de género y los femicidios.",,10,0,2025-09-24 22:58:36
1npub3h,Delsevvv,Triple femicidio en Florencio Varela: el detalle mafioso que revelaron los primeros resultados de las autopsias - Infobae,,45,16,2025-09-24 22:45:22
1npu8l2,PmikeH,Recomendaciones de alimento para gatos con Alergias Alimentarias y de Piel y sensibilidad gástrica 2025,"Se que entre las mejores esta Kume, Monami, Nutrique, Vitalcan therapy, Royal hipoalergénico.

Royal hipoalergénico, Nutrique y Vitalcan therapy hipoalergénico se que son muy buenas pero no me resultaron.

Monami y Kume me resultaron excelentes, y me quede con Kume un buen tiempo (unos años), pero parecería que últimamente  algo ha cambiado y no me doy cuenta que, y le han vuelto a salir a alergias a mi gato. Parecería que estos al ser Grain free me han funcionado mejor

**Estoy viendo de probar Vitalcan Balance Natural Recipes ó Nutrique 7+ gatos a ver que onda (los ingredientes pintan muy bien).** alguna otra que recomienden que sea libre de granos de maíz (grain free) y libre de pollo quizás?

PD: Ya se de la dieta BARF pero no tengo tiempo ni para preparme mi propia comida.",7,2,2025-09-24 22:42:06
1npu470,FrankBazar,Discusión por Messi en casamiento por civil,"Buenas, este es mi primer posteo porque creo que vale la pena tener opiniones de mi frustración.
la cuestión es que estábamos tomando unos mates con mi mujer que ya llevamos 9 años juntos y en medio de fantaseo de casamiento y que esto y el otro... En un momento me tira:
B: y si cae Messi a nuestro casamiento, que harías?
Yo: Si cae Messi al civil me vuelvo loco, sería una pena porque era nuestro momento... Y bueno si está Messi ahí el recuerdo va a ser Messi ahí.
B: arruinarías nuestro momento porque está ahí? Osea que no le darías bola a nuestro casamiento, arruinarías todo.
YO: pero boluda si está Messi ahí cualquiera entendería, tipo, es lo más cerca que cualquier persona tendría de casarse con Messi, está ahí, en nuestro registro civil. No creo que entiendas lo que es ver un referente emocional y moral que tiene ese tipo
B: que triste... Y si está Messi en frente al registro del que nos estamos casando, vas?
YO: Eso es distinto, si está en frente me asomo de curioso, tiro una sonrisa y queda para la anécdota, seguimos con la ceremonia normalmente. No iría a molestarlo ya bastante lo vuelven loco pobre tipo... Pero si se aparece en el civil es distinto, ahí si es un quilombo todo, me estallo!
B: entonces arruinarías nuestro día por una persona que no te registra, que no te daría ni 20 pesos.
Yo: No se trata de la plata, de lo que me pueda dar, es una cosa inexplicable lo que genera Messi, cualquier persona que tenga una idea de lo que es Messi me daría la razón!

Y bueno nada, eso terminó en angustia para ella y se re calentó, por algo que JAMÁS va a pasar! Peero bueno, quería ser sincero...

Ahora yo les pregunto... Ustedes que harían??",20,0,2025-09-24 22:36:11
1nptifs,Thin-Parsnip9828,"Para cortar con tantas malas noticias, contemplen una buena milanesa",,47,731,2025-09-24 22:07:26
1npssne,heenaasaaa,El gobernador Axel Kicillof viajó a Nueva York y desde allí se refirió al triple crimen de La Matanza,,40,0,2025-09-24 21:33:15
1npsmte,miri_123,Pregunta sobre Toledo,"El otro día hablando con una amiga de Mar del plata, le pregunté si el Toledo seguía teniendo el sol con anteojos. Se me río y me dijo que el Toledo nunca tuvo un sol con anteojos. Lo hablé con toda mi familia y TODOS lo recuerdan, pero no encuentro ninguna foto online. Asumo que habrá sido al rededor del 2010. Alguno más se acuerda? Me estoy equivocando de supermercado? O era alguna propaganda? ",7,0,2025-09-24 21:25:26
1npsixw,Rammed,"Arca informa que se ha alcanzado la registración del cupo de siete mil millones de dólares previsto por el decreto 682/2025, por lo que se ha dado de baja la opción de registración de las Declaraciones Juradas de Venta al Exterior (DJVE) que se encuentren amparadas por el beneficio del citadodecreto","Texto completo  
  
Arca informa que se ha alcanzado la registración del cupo de siete mil millones de dólares previsto por el decreto 682/2025, por lo que se ha dado de baja la opción de registración de las Declaraciones Juradas de Venta al Exterior (DJVE) que se encuentren amparadas por el beneficio del citado decreto. A partir de ahora, solo podrán registrarse DJVE bajo el esquema vigente anterior al decreto 682/2025",100,117,2025-09-24 21:20:14
1nps71w,boston_joker,Caso del 3 Crimen de la Tablada,La morocha vendría a ser Lara? Y la rubia la Hermana mayor de 20?,21,11,2025-09-24 21:04:39
1npro4l,Dohvakin333,Suelo argentino,"Me parece a mí, o cualquier argentino puede reconocer que es suelo argentino solo viendo el pasto? Es diferente nuestro pasto?",4,0,2025-09-24 20:40:20
1nprd4z,msvalkyr,El BCRA aceleró la baja de tasas y las llevó al 25% tras anuncio del Tesoro de EEUU y caída del dólar,Muy buena noticia IMHO,4,47,2025-09-24 20:26:11
1npr3w8,Argentinotriste,"El software argentino bate récords: empleo, exportaciones y facturación en alza",,5,6,2025-09-24 20:14:45
1npquwq,Lyapunoff,🔴 Aseguran que las tres chicas asesinadas en La Matanza habrían robado 200.000 dólares y la investigación dio drástico giro,,159,111,2025-09-24 20:03:20
1npqti5,heenaasaaa,"Tras el respaldo de EEUU, Milei quiere lograr nuevos acuerdos con las provincias y el Congreso",,4,9,2025-09-24 20:01:36
1nppuya,kirbag,Aerolíneas Argentinas vuelve a usar la quinta libertad para mover brasileños después de décadas,,4,16,2025-09-24 19:19:51
1npoyu1,sabiondo,El Mercado,,155,1009,2025-09-24 18:43:05
1npovfd,FabulousNegotiation2,El fiscal rechazó anular la causa por los audios de Spagnuolo y ahora decide el juez Casanello,,63,0,2025-09-24 18:39:13
1npobgx,Still_Lemon_5598,"Baja el riesgo país, cerró en 900 puntos el día de la fecha.","En 3 días hábiles el riesgo país bajó desde 1.442 puntos básicos a 900 el día de hoy.

Fuente: [https://www.rava.com/perfil/RIESGO%20PAIS](https://www.rava.com/perfil/RIESGO%20PAIS)",59,218,2025-09-24 18:16:43
1npob6g,mredko,El zar del juego clandestino confirmó que pagó coimas a fiscales y 200.000 dólares a un senador del PJ,Senador provincial. Las provincias necesitan la coparticipación para mantener toda esa estructura de corruptos. ¿Para qué mierda hace falta un legislativo bicameral en las provincias si no es para robar acomodando chorros?,8,79,2025-09-24 18:16:23
1npng2u,heenaasaaa,Ignacio Torres se desmarcó de otros gobernadores de Provincias Unidas y respaldó a López Murphy,,22,0,2025-09-24 17:42:11
1npmz8k,images3254,Guatraché (La Pampa) y su laguna de tono rosado,"Sí, es como dice el título. En la provincia de La Pampa está la laguna de Guatraché, a unos 10 km de la localidad de su nombre, que por sus componentes químicos tiene el agua con una coloración rosada.

Se puede ver el tono en el video, sobre todo en una de las imágenes cercad del final se ve un tono rosado intenso en su orilla.",1,3,2025-09-24 17:23:56
1npmx94,Argentinotriste,Euforia en los mercados: bonos y acciones argentinas suben y el riesgo país se desploma,,54,38,2025-09-24 17:21:45
1npmi7l,--Com_Truise--,Necesito saber como se manejan con Ganancias sobre sueldo,"Hola gente, estoy por entrar a una petrolera, es la primera vez que me toca pagar ganancias asi que quería saber si alguno ya trabaja con este tipo de regimen y si los de RRHH te dan una mano para saber el neto o te dejan en bolas y descuentan lo que les figura por AFIP. Uno mismo tiene que calcular todo lo que corresponde para llegar al neto o en estas empresas te ayudan? Vi que se pueden descontar algunas cosas para aminorar lo que te roban por ganancias, pero bueno los leo gente. Muchas gracias. ",15,2,2025-09-24 17:05:27
1npm8m9,Reasonable_Wish_6022,Nuestro MMORPG Argentino salió en La Nación!!,,20,51,2025-09-24 16:55:19
1npm5yy,Fair-Building9322,"Sin funciones asignadas, Villarruel se diferencia de Milei: reunión con estudiantes y el representante de Lula",,27,0,2025-09-24 16:52:28
1npm50o,Still_Lemon_5598,"La actividad económica subió 2,9% interanual en Julio de 2025.",Fuente: [https://www.indec.gob.ar/uploads/informesdeprensa/emae\_09\_25C11C1AE7BA.pdf](https://www.indec.gob.ar/uploads/informesdeprensa/emae_09_25C11C1AE7BA.pdf),5,34,2025-09-24 16:51:27
1nplugn,Shizus,El discurso del presidente Milei ante la Asamblea General de la ONU,,8,7,2025-09-24 16:39:50
1nplj85,SydneyLosstarot,Rércord de Declaraciones juradas de Soja y Derivados.,,13,42,2025-09-24 16:27:39
1npkxyy,MonitorNo2101,"Logro para el Gobierno: ya se anotaron exportaciones por más de US$4100 millones, el 60% de la meta tras suspender las retenciones",,74,184,2025-09-24 16:04:45
1npkehu,TeComproCafecitos,Pero me dijeron que no iban a cobrarme el 5% de Ingresos Brutos!!!,"Es muy gracioso, como se lleno de termos todos los sub diciendo ""No es un impuesto nuevo"" y ""A vos no te cambia nada, no sos Galperin, no te estan hablando a vos que tenes el duna chocado, Ricardo"" y la clasica ""A vos no te van a aumentar nada"".

El aumento pasa a precios, por ende, ahora cuando pido 4 botellones de agua, o tengo el efectivo o pago un 5% solo por gracia divina.  
Es increible, porque se lleno de termos diciendo ""NO ES UN AUMENTO"", ""EL IMPUESTO EXISTIA DE ANTES"", si, todo muy lindo, pero el aumento lo pagas, y en todo, hasta el tipo de las tortillas de la estacion.",164,298,2025-09-24 15:44:54
1npk3pa,Fair-Building9322,Un proyecto de Máximo Kirchner busca desconocer cualquier deuda tomada a espaldas del Congreso,,39,0,2025-09-24 15:33:24
1npk2xg,Puzzleheaded_Car_987,Florencia Peña: “Yo con Alberto Fernández no vi a mi mamá tan mal como ahora”,,38,0,2025-09-24 15:32:35
1npjzjy,heenaasaaa,El kirchnerismo exige que el acuerdo con Estados Unidos pase por el Congreso y pedirá interpelar a Luis Caputo,,73,15,2025-09-24 15:29:07
1npjwqv,Tokita_Caju,Pastagorra,,20,339,2025-09-24 15:26:10
1npjv47,Outrageous-Builder31,un hombre se hizo millonarios apostando contra las predicciones de Maslatón:,,31,145,2025-09-24 15:24:27
1nphilx,msvalkyr,Una presa que cambió de género irá a juicio por violar a otras siete detenidas en una cárcel de Córdoba,,93,157,2025-09-24 13:55:12
1nphaii,Argentinotriste,La revolución minera de San Juan: una oportunidad brillante para Argentina,,2,17,2025-09-24 13:46:39
1npgudc,Affectionate-Soil891,Esto nos afecta A TODOS,No hay color político que pueda avalar este presupuesto. Es destrucción total de lo más esencial para el crecimiento del pueblo argentino.,63,0,2025-09-24 13:29:39
1npgom5,Less_Specialist743,La amiga de mi novia es bien tr0l a,"La amiga de mi novia vino de visita a tomar unos mates, ya es la amiga de confianza de la casa, esa tarde nos quedamos a compartir los tres en el balcón, cada vez que mi novia se iba a buscar algo ella se comportaba distinto, me tocaba el hombro sutilmente o la pierna mientras se reia por cualquier tontera como boba, eso era raro por que nunca nos hemos llevado asi, cuando mi novia volvia ella era otra persona distinta, no obstante, le contamos nuestras peleas de pareja típicas entrando en confianza y ella entre risas me dijo ""Ay no deberias dejar que te trate asi"" sutilmente diciendome como (yo te trataría mejor) bueno contarles esto y decir que no solo fué esta ocasión, siento que le gusto a la mejor amiga de mi novia. Que creen que signifique?",27,3,2025-09-24 13:23:34
1npffdr,Primary_Journalist18,Palo de agua,"Las hojas estan arrugadas, necesita una maseta mas grande? ",6,15,2025-09-24 12:36:50
1npf7np,EmpleadoResponsable,"Eliseo Subiela, Visionario o Pretencioso?","Yo estoy del lado que piensa que al final del dia pecaba de pretencioso.   
Si te reconozco que era un tipo con cabeza para el cine y pocas peliculas lograron tener una identidad tan marcada como la de el, pero la segunda, tercer pelicula que miras de el ya es impasable, son todas monolgos existenciales que una vez que pasas el umbral de poetico **≠** profundo se vuelve muy densa su filmografia. 

De toda su filmografia me parece que la mejor lograda con respecto a su estilo es Ultimas Imagenes del Naufragio. Tambien me gusto mucho No Te Mueras sin Decirme a Donde Vas, a pesar de que a sus seguidores no la suelen poner muy arriba.",17,3,2025-09-24 12:28:46
1npf5fu,heenaasaaa,El BCRA aprovechó el respaldo de EEUU para bajar fuerte la tasa en pesos,,40,76,2025-09-24 12:26:21
1npf5e3,fatninja32k,Va a volver a suceder.,,137,705,2025-09-24 12:26:19
1npf2ar,_oxitono,De San Luis a Ghana: la alfalfa argentina inicia un nuevo capítulo exportador en África,"Firma: no posee

La plataforma Grow Farms concretó el 1er envío de fardos de alfalfa desde Villa Mercedes al mercado ecuestre de Ghana. El paso abre la puerta a futuras ventas en Nigeria.

(NAP) La empresa Grow Farms concretó la primera exportación de alfalfa producida en San Luis hacia Ghana, inaugurando un nuevo mercado para la Argentina en el continente africano.

El embarque partió desde la planta de Villa Mercedes e incluye fardos pequeños de alfalfa, especialmente destinados al consumo equino en el país africano, que cuenta con una importante actividad de cría y entrenamiento de caballos.

“Nos abre una ventana muy grande de exportación hacia un destino que hasta ahora no se tenía en cuenta”, destacó Gustavo Pardo Borgogno, fundador y CEO de Grow Farms, al confirmar la operación.

La compañía proyecta que esta venta sea solo el primer paso de un plan de expansión comercial que busca colocar al forraje argentino en mercados cada vez más sofisticados y de mayor demanda. En el corto plazo, el objetivo es sumar a Nigeria como nuevo comprador.

**De marketplace a proveedor global**

Grow Farms nació como un marketplace agrícola (plataforma de ventas on line), pero evolucionó hacia una plataforma integral de aprovisionamiento, que centraliza la producción, control de calidad, logística, financiamiento e inteligencia de mercado para sus clientes internacionales.

“Si nosotros ya estamos exportando, lo que hacemos es digitalizar los procesos para que haya un solo vendedor. Grow Farms, con todas sus fuentes de aprovisionamiento”, explicó Pardo a Infocampo.com.ar.

En 2024, la compañía superó las 35.000 toneladas exportadas, cifra que refleja el crecimiento sostenido de esta startup que ya se consolidó como actor de peso en el negocio forrajero.

[https://www.noticiasagropecuarias.com/2025/09/16/de-san-luis-a-ghana-la-alfalfa-argentina-inicia-un-nuevo-capitulo-exportador-en-africa/](https://www.noticiasagropecuarias.com/2025/09/16/de-san-luis-a-ghana-la-alfalfa-argentina-inicia-un-nuevo-capitulo-exportador-en-africa/)",32,93,2025-09-24 12:23:04
1npezxs,WallyTrainer87,Irá a juicio la presa que cambió de género en la cárcel de Bouwer y fue denunciada por violar a siete reclusas,Había embarazado a una de sus victimas,24,39,2025-09-24 12:20:36
1nped2s,sci_ssor_ss,A recordar de dónde venimos,,232,1227,2025-09-24 11:57:06
1npecf5,MonitorNo2101,China aprovechó la suspensión de las retenciones y compró hasta 15 buques de soja argentina,,79,196,2025-09-24 11:56:28
1npdzg9,Delsevvv,Encontraron asesinadas y descuartizadas a las tres chicas que habían desaparecido en La Matanza - Infobae,,466,325,2025-09-24 11:42:20
1npduin,Fair-Building9322,"Las ventas en supermercados cayeron 2,1 % según el Indec",,64,0,2025-09-24 11:36:56
1npds1r,EduBA,J.V.González: Azotes para un ladrón y una doble denuncia en la justicia,,2,6,2025-09-24 11:34:17
1npdpvc,Comfortable-Pie56,Alerta en el campo: EE.UU. quiere terminar con retenciones cero para el agro,,36,0,2025-09-24 11:31:58
1npdl71,_honeythief,Anda calentando que ya casi entras maestro,,45,584,2025-09-24 11:26:48
1npd9j9,Mateo03,Hallan tres cuerpos en Florencio Varela y analizan si son de las jóvenes desaparecidas en La Matanza,,42,19,2025-09-24 11:13:41
1npd0dc,zetoberuto,Dólar hoy: la divisa en el Banco Nación cae a $1.350 para la venta,Maslatón tenía razón! 😂,31,86,2025-09-24 11:03:32
1npc49i,Afraid-Comfort4933,Compras de aliexpress trabadas en aduana,"https://preview.redd.it/acavbumg54rf1.png?width=1060&format=png&auto=webp&s=738939acd7671ac58f391dfcfb39ed3571fbc075

Buenas compre una pantalla para una nintendo 3ds el 11 de julio en aliexpress y hace 8 dias me llego esta notificacion sin mas informacion, busque en el tracking y no mencionan nada de pagar impuestos.  
El correo nacional es andreani no correo argentino aparentemente y tampoco tengo ningun tipo de informacion al poner el numero de tracking en andreani.

Tambien obtuve el proximo numero de tracking atraves de una pagina de tracking con este formato CNG00XXXXXXXXXXXX

Debo declararlo yo por mi cuenta? Adonde si es gestionado por andreani?

Aliexpress me apura diciendo que va a autoconfirmar el pedido como completado en unos dias y no me brinda ningun tipo de solucion, tambien tengo otros dos pedidos de un lapiz para 3ds y una gomita que solo figuran que llegaron al pais de destino el 27 de julio y nunca mas supe nada.",21,0,2025-09-24 10:27:03
1npbmmn,heenaasaaa,El riesgo país se desplomó más de 100 puntos tras el nuevo anuncio de los EEUU,,72,164,2025-09-24 10:06:04
1npawu4,Sarmientino,"Apoyo histórico: EE.UU. otorgará US$ 20.000 millones vía swap y podría dar un préstamo de ""estabilización cambiaria""",,143,130,2025-09-24 09:33:54
1nparpa,Delsevvv,"""Belliboni chorro"": Capital Humano amaneció con carteles contra el líder piquetero que encabezó una nueva marcha por los alimentos de los comedores",,25,81,2025-09-24 09:27:10
1npahab,arlistan,El Tesoro de EEUU confirmó que negocia con el gobierno de Javier Milei una línea swap de u$s20.000 millones,,153,130,2025-09-24 09:13:32
1npaeip,zetoberuto,"El “efecto Trump” generó que organismos prometan fondos extra, en un contexto local de sorpresa por las liquidaciones del agro",,7,22,2025-09-24 09:09:48
1np9y9i,WallyTrainer87,Encontraron dos cuerpos en Florencio Varela e investigan si se trata de las jóvenes de La Matanza,,33,32,2025-09-24 08:47:14
1np9xt0,Argentinotriste,Listas truchas para confundir en la elección.,"Acá se muestran las boletas de la provincia de Buenos Aires y Córdoba para las elecciones de octubre.

Casualmente hay otras listas ""liberales"" o de color violeta para confundir al votante bonaerense y cordobés.

En el caso de Córdoba la lista está en el lugar 1 mientras la de LLA en el 13.

No caigan en trampas.",132,129,2025-09-24 08:46:34
1np9c9o,gadriano,Nafta y café,"En este momento estoy en el bar de una Shell.

Me pregunto por qué funcionan tan bien los bares de las estaciones de servicio. Qué tenemos los argentinos que el bar del frente está casi vacío y acá está siempre lleno. Y no son los precios.

Ayer en una Axion, un café con leche preparado por una sonrisa hecha persona que se comportaba como la dueña de la casa.

El otro día en una Full el desayuno despabilaba conductores aún antes que despunte el alba.

¿Qué será ese ""no sé qué que qué se yo"" que tienen los bares de las estaciones de servicio de este país?

Lejos de ser postas tristes y evitadas, son lugares donde sobra la calidez humana y la hospitalidad.

¿Será el síndrome de un país extenso que requiere de ese collar de perlas?

¿Ya es tan parte de nuestra cultura que este café en medio de la ciudad tiene sabor a viaje sólo por estar viendo cómo ese Palio se aproxima al surtidor?",42,3,2025-09-24 08:13:50
1np8tyd,Mrroncho,Chubut plebiscita la eliminación de fueros especiales para los tres poderes del Estado y sindicalistas,,19,53,2025-09-24 07:45:17
1np772i,Robo-TINA,Miércoles de Rant,Nuevo Rant con Standard de calidad ISO-9001,43,3,2025-09-24 06:00:19
1np76xe,Robo-TINA,"Thread Diario de Dudas, Consultas y Mitaps - 24/09","Thread Diario de Dudas y Consultas!

Entra a nuestro [Chat](https://chat.reddit.com/room/!hSSQyOrLT-ahufrqRuBANA%3Areddit.com) y charla con la comunidad!",60,3,2025-09-24 06:00:04
1np6gx3,MonitorNo2101,"Circulan a 30km/h: Demoras en trenes y subtes, por una medida de fuerza del gremio de maquinistas",,21,40,2025-09-24 05:09:29
1np4ei5,JapKumintang1991,"National Geographic: ""La isla africana que quiere independizarse... con la ayuda de Argentina""",,5,5,2025-09-24 02:54:47
1np45za,whaddefuck,¿Quién era el muerto? Las preguntas detrás del velorio equivocado en Tucumán,,3,4,2025-09-24 02:40:43
1np2flt,marianoguns,Se quedó con el auto del amante de su mujer,"
Cuando era preadolescente (1995) con un amigo nos metimos en bici por una zona rural de olavarria y el calor de la tarde hizo que paremos por un sector dónde había unas cuantas casas bastante viejas, para resguardarnos del sol bajo la sombra. En  eso vemos un grifo que estaba  en el jardin de una de las casas que parecía abandonada y goteaba, asi que no lo pensamos y nos acercamos para abrirlo y mojarnos la cabeza, veo entonces un auto antiguo Dodge Custom Royal 59 (se el nombre porque en esa época coleccionaba revistas antiguas que compraba y lo habia visto en una de ellas) el auto me llamó la atención porque estaba muy entero (insignias, luces, baguetas, aletas, vidrios, etc) pero con la pintura quemada y cuarteada por la intemperie,  ruedas desinfladas, mucha tierra y en su interior lleno de ladrillos de adobe, osea no se veía el interior por tantos ladrillos que llegaban casi al techo. Lo quería abrir pero no podía. En eso sale un hombre de unos 80 de adentro de la casa en ruinas gritando que queríamos y nosotros nos sorprendimos ya que parecía todo abandonado. Nos fuimos. Con los años me enteré que el hombre fue chófer de un contador y que la esposa de aquel lo engañaba con su jefe. El engañado al enterarse lo fue a buscar a su patrón y le hizo un corte en la cara que le desfiguro labios y nariz, no volvió a trabajar para el y se quedó con su auto que era ese dodge. En el último plan canje lo volví a ver al auto en un camión que llevaba otros mas para la compactacion, los aplastaban uno encima de otro para cargar más autos y ese dodge era tan dura la chapa que no lo pudieron achatar y se que era ese auto porque tenia una calco en un vidrio que decia algo de campeonato de tenis temporada 61.",11,32,2025-09-24 01:00:39
1np1sce,Extension_Ad_2042,Starbucks en Argentina,Locales starbucks en argentina de IG: patagonia.maps,27,46,2025-09-24 00:26:16
1noz7ye,passerby-,El BID aseguró que aumentará “significativamente” las operaciones en Argentina y podría acelerar desembolsos ya acordados,,20,47,2025-09-23 22:20:39
1noynsq,_honeythief,"Piboyazos, muevan la rama y pónganse pillos 🔫",,52,0,2025-09-23 21:53:51
1noyfan,Primary_Journalist18,Camioneta hace un chirrido al acelerar,Alguien sabe que puede ser? ,5,0,2025-09-23 21:43:03
1noy74l,masterofclownfu,Moraleja: no hacer nada que diga Maslaton,,71,379,2025-09-23 21:32:04
1noxbip,jjarg24,BMW se incorpora al Turismo Carretera,,5,17,2025-09-23 20:50:48
1noxb7l,Ezequiel_cisneros,Comprando un auto usado,Si tuviesen que comprar un auto usado a alguno de estos personajes con cuál de ellos preferís negociar y por qué?,51,33,2025-09-23 20:50:26
1nowsgu,Thick_Station_99909,Esto es Raro?,"es un libro de peron (? lo encontré en la casa de mi abuela ayer, Alguien sabe que es esto??",2,2,2025-09-23 20:27:02
1now8el,Argentinotriste,"Que significan las siglas ""UCR"" ? (solo respuestas incorrectas)",,293,57,2025-09-23 20:02:08
1now39z,Thorgrimr_AR,"El Joaquinraptor, uno de los últimos depredadores del Cretácico",,4,10,2025-09-23 19:55:51
1novcyo,MonitorNo2101,"Reapareció Alberto Fernández con críticas al apoyo de Trump a Milei: “Despertate, Donald (Wake up)”",,36,0,2025-09-23 19:24:25
1nouqmo,_oxitono,Argentina entre los principales productores de plata: una mina de Jujuy es la sexta en el ranking mundial,"Firma: no posee

**El proyecto Puna, de SSR Mining, proyecta una producción de más de 8 millones de onzas para 2025. Los yacimientos más importantes se ubican en México, Rusia y Perú.**

La cotización internacional de la [plata](https://dinamicarg.com/plata-precio-internacional-record-13-anos/) alcanzó en 2024 valores que no se veían en muchos años, lo que volvió a poner en primer plano a los principales proyectos extractivos de este metal. En este escenario, Argentina logró posicionarse entre los veinte mayores productores del mundo gracias al aporte de la mina Puna, ubicada en Jujuy y operada por SSR Mining Inc.

El resultado es considerado un hito para el sector minero local, ya que la operación se suma a un grupo reducido de explotaciones donde la plata constituye el producto central. El análisis elaborado por el portal especializado Mining Visuals destacó que el mercado global está dominado por unas pocas compañías

Un dato relevante es que las mejoras en los procesos operativos han permitido elevar la capacidad de tratamiento en la planta de Puna, que se espera procese en promedio unas 5.000 toneladas por día durante todo 2025.

“Una mina primaria de plata es una operación donde la plata es el principal producto extraído, lo que significa que representa la mayor parte de sus ingresos”, explica el documento. Bajo este criterio, Puna aparece en la sexta posición del ranking de 2024.

SSR Mining presentó además su guía de producción y costos para 2025, en la que proyecta una extracción consolidada de entre 410.000 y 480.000 onzas equivalentes de oro a partir de sus minas en Estados Unidos, Canadá y Argentina.

[https://dinamicarg.com/argentina-plata-mina-jujuy-ranking-mundial/](https://dinamicarg.com/argentina-plata-mina-jujuy-ranking-mundial/)",11,52,2025-09-23 18:58:34
1nou4u5,Argentinotriste,Otra jornada financiera positiva: cae el dólar y suben acciones y bonos,,43,42,2025-09-23 18:34:10
1nou351,FulanoMeng4no,"Gracias a los aranceles de Trump, China compraría más soja Argentina",,40,198,2025-09-23 18:32:17
1notvux,NicoPela,"Conociendo al RMF-200V, el nuevo radar táctico que INVAP esta desarrollando para el Ejército Argentino",,4,22,2025-09-23 18:24:19
1notu5w,esporx,"US ready to bail out Javier Milei’s Argentina, says White House",,80,23,2025-09-23 18:22:25
1nottss,zetoberuto,Documentos secretos: cuando los ingleses le ofrecieron a Perón compartir la soberanía de Malvinas,Para los chicos que no leen libros de historia... ni los diarios cuando salen notas importantes.,24,16,2025-09-23 18:22:02
1notsw5,Still_Lemon_5598,"Sin intervención del BCRA el dólar cerró 8% arriba de lo que llegó a valer en diciembre de 2023. Han pasado 21 meses, hace 24 años no pasa algo similar.",Fuente: [https://es.tradingview.com/chart/?symbol=FX\_IDC%3AUSDARS](https://es.tradingview.com/chart/?symbol=FX_IDC%3AUSDARS),114,335,2025-09-23 18:21:01
1nosolz,_oxitono,Desde Entre Ríos se exportaron más de 28 mil Kg de nuez pecán a Rusia y Países Bajos,"Firma: no posee

Fuente: Prensa SENASA

En lo que va de septiembre, el Senasa certificó en la provincia de Entre Ríos la exportación de 28.800 kilogramos de nuez pecán sin cáscara (*Carya illinoinensis*) con destino a Rusia y Países Bajos, confirmando el fortalecimiento de la presencia de esta fruta argentina en los mercados internacionales.

En dos operaciones realizadas este mes, el Centro Regional Entre Ríos del Senasa certificó envíos de 9.600 kg a la Federación Rusa y 19.200 kg a Países Bajos, desde una planta procesadora e industrializadora de nuez pecan ubicada en la ciudad de Crespo.

Estas exportaciones consolidan al pecán entrerriano como un alimento de alta calidad, con creciente demanda en los exigentes mercados europeos y asiáticos. La nuez fue procesada y acondicionada bajo estrictos estándares de calidad e inocuidad, cumpliendo con los requisitos fitosanitarios de los países de destino.

A través de este nuevo hito se reafirma que las acciones conjuntas público-privadas implementadas estratégicamente aportan valor agregado para la promoción de productos locales, en este caso de nuez pecán, para ser exportados a distintos destinos.

Por su parte, el Senasa cumple una función central en este proceso, garantizando la sanidad, calidad e inocuidad del producto en cada etapa, desde la producción hasta su comercialización nacional e internacional. Su acompañamiento técnico y operativo resulta indispensable para asegurar el cumplimiento de las exigencias internacionales y fortalecer la confianza de los consumidores globales en la nuez pecán argentina

Una estrategia clave del sector es la exportación de nuez pelada, que permite multiplicar el valor del producto primario, impulsar el desarrollo industrial local, generar empleo y contribuir al crecimiento de las economías regionales.

[https://www.argentina.gob.ar/noticias/desde-entre-rios-se-exportaron-mas-de-28-mil-kg-de-nuez-pecan-rusia-y-paises-bajos](https://www.argentina.gob.ar/noticias/desde-entre-rios-se-exportaron-mas-de-28-mil-kg-de-nuez-pecan-rusia-y-paises-bajos)

Relacionada:

[Nuez pecán: Entre Ríos consolida su liderazgo nacional como productor y exportador](https://www.argentina.gob.ar/noticias/nuez-pecan-entre-rios-consolida-su-liderazgo-nacional-como-productor-y-exportador)",32,115,2025-09-23 17:37:32
1nosoi7,Paltamachine,💣 TRUMP RESCATA A ARGENTINA DE LA QUIEBRA! Milei debería aprender economía del colombiano Petro!,,56,0,2025-09-23 17:37:26
1nosjrk,zetoberuto,El Banco Mundial anunció que adelantará préstamos por USD 4.000 millones para apoyar a la Argentina,,38,47,2025-09-23 17:32:20
1noshw5,Argentinotriste,Segunda rueda a la baja: el dólar oficial retrocedió $45 y finalizó a $1.385 en el Banco Nación,,9,28,2025-09-23 17:30:23
1nosd16,Lyapunoff,Mamita... qué líder...,,13,0,2025-09-23 17:25:05
1norypv,Barrilete_Cosmico,"11-Year-Old Faustino Oro Scores 1st GM Norm, Crosses 2500",,14,104,2025-09-23 17:09:55
1nortwq,Outrageous-Builder31,"mientras tanto en los ""estrechos"" de ciudad gótica:",,49,94,2025-09-23 17:04:59
1norop9,heenaasaaa,Con el sello de Cristina: Máximo Kirchner presentó un proyecto que declara nulo el salvataje de EE.UU. si no pasa por el Congreso,,59,0,2025-09-23 16:59:36
1noqw7v,Argentinotriste,Un hijo de Benjamin Netanyahu reconoció públicamente a las Islas Malvinas como parte de la Argentina,,46,27,2025-09-23 16:29:20
1noqra9,WallyTrainer87,Salió la figura coleccionable de Milei. Accesorios se venden por separado.,"Milei con mameluco de YPF, Milei Antártida, y Milei campera de cuero también disponibles",18,0,2025-09-23 16:24:00
1noqqie,GanacheRude,"Capitulo de ""Hablemos sin saber"" en radio 10",,18,31,2025-09-23 16:23:13
1noqodq,zetoberuto,Informe N°139 de la Jefatura de Gabinete: avances en la construcción de la nueva Base Naval Integrada de la Armada Argentina en Ushuaia,"La Base de la que los medios empezarán a hablar mucho, comenzó a construirse el 3 de Marzo de 2022.",9,15,2025-09-23 16:21:00
1noq0hb,FunkWavVol1,"Para obtener ayuda financiera, Milei negocia con Trump permitir la presencia militar de EE.UU. en la Argentina",,95,0,2025-09-23 15:55:56
1nopyrx,Fair-Building9322,"""Nunca los defraudará"": qué dice el tweet impreso que Donald Trump le regaló a Milei",,14,4,2025-09-23 15:54:06
1nopxkc,SukunDrule,"RRHH en Argentina es nefasto, se dedican a ghostear gente.","Hoy tenía una entrevista que cerré el viernes pasado. Esta mañana, a las 8, la chica de RRHH me escribe preguntando a qué hora podía hacer la llamada. Le digo 9, llega la hora y me manda un mensaje diciendo que no puede ahora y que me llama más tarde. Le pregunto a qué hora y chau, desapareció.

Es cualquiera, uno está necesitando laburo, manda cien CVs, te llaman y te boludean así. No creo que en otros países pase esto, digo, en lugares desarrollados no sería normal. Quiero pensar que esto solo pasa en este pais bananero.

Si no les intereso o el candidato no va para el puesto, decilo de una, no te dejes estar esperando como un boludo. Acá hay gente de RRHH que se hace la difícil y ni comenta estas cosas… algo tendría que cambiar.",85,196,2025-09-23 15:52:48
1nooslt,_oxitono,"Por Vaca Muerta, Neuquén marcó en agosto el récord histórico de producción de petróleo","**La provincia, que capitaliza el aporte del no convencional, llegó a los 547.545 barriles por día. Batió la anterior marca por un 3,44% e impulsó el total del país muy cerca del hito de 1998.**

Firma: [Victoria Terzaghi](https://www.rionegro.com.ar/autor/victoria-terzaghi/)

La calidad de la roca de Vaca Muerta es algo que ya no se discute a nivel mundial, y dentro de país es lo que acaba de explicar que en tan solo un mes la provincia de Neuquén haya sumado más de 18.000 barriles por día a su producción y anotado así el récord histórico de producción de petróleo. En agosto, se extrajo un total de 547.545 barriles por día, un volumen no solo nunca visto, sino que llevó al total nacional a quedar a un paso de superar el récord argentino de 1998.

Los datos corresponden a las declaraciones juradas que las empresas productoras de hidrocarburos de todo el país presentaron hoy ante el gobierno nacional y que fueron analizados por EnergíaON. Los mismos dan cuenta que en tan solo un mes, desde julio, la producción de Neuquén trepó un 3,44%, un dato para nada menor si se tiene en cuenta que julio ya había marcado un récord histórico.

En ese mes, todos los yacimientos de Neuquén aportaron 529.291 barriles en el promedio diario. Y ese valor ahora quedó chico, frente a los 547.545 que se contabilizaron en agosto y de los cuales, la enorme mayoría corresponde al crudo específico de Vaca Muerta, el shale oil.

En total, este crudo liviano que se obtiene mediante el fracking llegó en agosto a los 525.519 barriles por día, lo cual es su propio récord histórico y deja en claro la relevancia de Vaca Muerta, pues representa que hoy todo el consumo de petróleo del país podría abastecerse de estos pozos no convencionales.

Pero es precisamente esta fuerte producción la que complementa al petróleo convencional que muestra el fenómeno opuesto y en agosto se ubicó por primera vez por debajo de los 300.000 barriles por día, con un aporte de 296.331 barriles diarios a lo largo y ancho del país.

**Argentina, a un paso de batir el récord absoluto de 1998**

Este desgloce de la producción deja en claro que sin el aporte de la producción de Vaca Muerta, hoy Argentina se encontraría en una situación más que compleja, con la necesidad de importar enormes cantidades de petróleo, pues como se marcó, el nivel de consumo promedio de las refinerías del país es de unos 500.000 barriles por día.

Mientras el shale oil compensa esta caída estrepitosa del convencional, un segmento en donde la madurez de los pozos mella la rentabilidad y explica la crisis financiera de varias de sus operadoras, el petróleo de Vaca Muerta avanza a pasos tan agigantados que no solo los 18.524 barriles diarios que sumó Neuquén en agosto representan casi como sumar toda la producción que tiene la provincia de Río Negro.

Sino que gracias a Vaca Muerta la producción de petróleo de Argentina está a un paso de batir el récord histórico de la era dorada del convencional, el de mayo de 1998 cuando se llegó -por única vez- a los 853.000 barriles por día

[https://www.rionegro.com.ar/energia/por-vaca-muerta-neuquen-marco-en-agosto-el-record-historico-de-produccion-de-petroleo-4308696/](https://www.rionegro.com.ar/energia/por-vaca-muerta-neuquen-marco-en-agosto-el-record-historico-de-produccion-de-petroleo-4308696/)",23,38,2025-09-23 15:09:57
1nooodu,Argentinotriste,“American peronist”: el debate entre el Secretario del Tesoro de EEUU y una senadora demócrata por el rescate a la Argentina,,11,7,2025-09-23 15:05:35
1noo2jl,WallyTrainer87,Fuerte respaldo de Trump a Milei antes de la reunión: “Demostró ser un líder verdaderamente fantástico y poderoso”,,20,42,2025-09-23 14:43:13
1noo1uz,hernannadal,Leopoldo Lugones: el talentoso poeta que nació anarquista y terminó en la derecha pidiendo un golpe de estado,,4,4,2025-09-23 14:42:28
1nonhec,milfenjoyer_69,"Reunión de Milei y Trump: ""Respaldamos al Presidente Milei""",,107,140,2025-09-23 14:20:42
1nonetz,Cayetanus,Posiblemente vivamos la mejor relación ARGENTINA-EEUU en 32 años,,665,1481,2025-09-23 14:18:01
1noncre,arlistan,Donald Trump: “Milei tiene mi respaldo completo para la reelección”,,69,85,2025-09-23 14:15:45
1non6kx,nikolaibk,La foto de Javier Milei con Donald Trump que el presidente argentino compartió en Twitter,,307,728,2025-09-23 14:09:12
1non3g7,boston_joker,Garrahan,,201,325,2025-09-23 14:05:52
1non37n,Saxon_of_new_param,El Banco Central podría tener ganancias de casi 1 billón de pesos en dólar futuro por la caída del tipo de cambio,,18,37,2025-09-23 14:05:38
1nomqek,zetoberuto,[Conurbano] Alarma por la desaparición de tres jóvenes mujeres en La Matanza: la pista de una camioneta e hipótesis que inquietan,,39,5,2025-09-23 13:52:37
1nomkot,OsoAmoroso33,Trump sobre Milei,"https://preview.redd.it/28cxkqn81yqf1.png?width=1100&format=png&auto=webp&s=1d543289efcd42446ec5d3699e56dd885a454f4d

Trump:

El muy respetado Presidente de Argentina, Javier Milei, ha demostrado ser un líder verdaderamente fantástico y poderoso para el Gran Pueblo de Argentina, avanzando en todos los niveles a una velocidad récord. Heredó un “total desastre” con una inflación horrible causada por el anterior Presidente de Izquierda Radical (muy parecido al **Corrupto Joe Biden, el PEOR Presidente en la historia de nuestra Nación**), y sin embargo ha traído estabilidad de nuevo a la economía de Argentina, elevándola a un nuevo nivel de Prominencia y Respeto.

Hemos tenido una relación tremenda con Argentina, que se ha convertido en un fuerte aliado, gracias al Presidente Milei. Espero continuar trabajando estrechamente con él para que ambos países puedan seguir en sus increíbles caminos de éxito.

Argentina: Javier Milei es un muy buen amigo, luchador y GANADOR, y tiene mi completo y total respaldo para la reelección como Presidente — ¡Nunca los defraudará!",153,86,2025-09-23 13:46:41
1nomfxa,DoctorMengeche98,Este tipo si que la ve,,151,271,2025-09-23 13:41:48
1nomf45,hernannadal,Denuncian que destinaron $40.000 millones del Garrahan a un fondo de inversión de Caputo,,14,0,2025-09-23 13:40:55
1noltqf,Fair-Building9322,El secretario del Tesoro dijo que la asistencia de EEUU para la Argentina será “grande y contundente”,,83,67,2025-09-23 13:19:02
1noltb7,PussyDestr0yer99,Argentina es uno de los pocos paises en el mundo que castiga las exportaciones con impuestos.,,184,390,2025-09-23 13:18:36
1nolrkz,whaddefuck,Sigue la búsqueda de los gansos y qué pena le podría caber al ladrón,,5,7,2025-09-23 13:16:57
1nolm0e,_oxitono,Así es la operación de los grandes buques que exportan crudo de Vaca Muerta por puerto Rosales,"La terminal cuenta con capacidad de operar hasta 25 buques mensuales, y puede recibir buques tipo Panamax, Aframax y Suezmax",2,8,2025-09-23 13:11:02
1nolaj9,CaramelAutomatic7762,"Ayer Jorge rial sobre la quita de retenciones: ""Este es un plan putita""",,51,23,2025-09-23 12:59:11
1nol8ie,SirPerronus,"Bueno, van a dolarizar o no? ya dejense de misterio","Eso, ya me huele a que vamos a tener que entregarle el ocote a usa de todos modos asi que mejor ir preparandonos.

https://preview.redd.it/0b1cx0sdtxqf1.png?width=1856&format=png&auto=webp&s=d1e975cf2a9ffa4f28aa75f8b583e209d6daf52c

",15,0,2025-09-23 12:57:00
1nol3pe,WallyTrainer87,Crisis salarial: 8 de cada 10 argentinos no cubre sus necesidades básicas y el sueldo se les acaba en menos de dos semanas,,20,0,2025-09-23 12:51:53
1nokuz6,MonitorNo2101,Los piqueteros vuelven a las calles para reclamar por ayuda alimentaria,,10,0,2025-09-23 12:42:49
1noksna,hernannadal,"""Roma no paga traidores"". Milei, LLA y grandes traidores de la historia | La columna de Felipe Pigna",,7,0,2025-09-23 12:40:25
1nokotr,zetoberuto,Dólar hoy: en el Banco Nación baja a $1.375 para la venta,,118,131,2025-09-23 12:36:25
1nok5ht,Saxon_of_new_param,Gobierno promulga ley de discapacidad y la suspende hasta que digan de dónde salen los fondos,,234,146,2025-09-23 12:16:07
1nojz65,fatninja32k,Dirección: Quentin Argentino.,,5,11,2025-09-23 12:09:38
1nojydg,Saxon_of_new_param,Garrahan otorga aumentos a personal,,173,194,2025-09-23 12:08:48
1noju9w,OsoAmoroso33,Cae como un piano el dolar,"https://preview.redd.it/qgoa3251jxqf1.png?width=714&format=png&auto=webp&s=3171d21076d9b2da1a7ab7ea666f68dfb6faf225

https://preview.redd.it/yvs35ne2jxqf1.png?width=256&format=png&auto=webp&s=9250b55b4cc0954bcb6ad85adfffa0c5e607470a

Cae el dolar, luego testear el techo de la banda, el BCRA ya no tendrá que vender reservas para sostenerlo.

Jugada maestra del BCRA, achicando 7% de la base monetaria, comprando pesos baratos a 1500.",262,265,2025-09-23 12:04:37
1nojtvn,DrakoXMusic1,Composición del stock de deuda en moneda extranjera,,4,4,2025-09-23 12:04:13
1noj7uh,sartrejp,Impacto de la quita de retenciones y de las leyes vetadas,"Sólo pone en evidencia lo mal asesorado que está. Si no hubiese vetado esas leyes, hubiera tenido mucha menos gente en contra y hubiera perdido mucha menos plata. ",143,0,2025-09-23 11:40:57
1noiw85,zetoberuto,Los bonos argentinos suben 3% en Wall Street y el riesgo país quedó a punto de perforar el piso de 1.000 puntos básicos,,45,100,2025-09-23 11:28:16
1noifom,whaddefuck,Los espías rusos contaron su historia en la Argentina en un especial de TV afín al Kremlin,,10,7,2025-09-23 11:10:03
1noi8j6,RoJAnAVi,Ex legisladores libertarios armaron un interbloque opositor en la Cámara de Diputados,,55,6,2025-09-23 11:02:12
1nohing,WallyTrainer87,Desaparición en La Matanza: investigan si las jóvenes iban a encontrarse con un cliente por 300 dólares,,7,8,2025-09-23 10:33:06
1nohifu,hernannadal,Encuesta Seúl a periodistas,,0,0,2025-09-23 10:32:51
1noh60y,Barrilete_Cosmico,La visión de The Wall Street Journal: cómo Trump puede ayudar a Milei y por qué se debe “poner sobre la mesa la dolarización”,,33,0,2025-09-23 10:18:23
1noh4ac,EduBA,Estremecedor video: discutieron por un encendedor y lo apuñaló con un destornillador,,12,5,2025-09-23 10:16:21
1noglpz,DWildOne,Me hizo acordar a cuando Sanpaoli presentó su libro,"Creo que Sanpaoli justo lo presentó en medio de todo el quilombo de las eliminatorias y antes de la debacle del mundial, no?

https://www.infobae.com/politica/2025/09/23/javier-milei-presentara-su-nuevo-libro-la-construccion-del-milagro-con-un-evento-masivo-a-20-dias-de-las-elecciones/

",5,0,2025-09-23 09:54:02
1noge22,Pipecp,Efectivo o tarjeta en Buenos Aires,"Hola gente, estoy planeando un viaje a Buenos Aires pronto y quisiera hacer una pregunta, voy a estar 1 semana y quería saber si es necesario llevar (casi) todo el dinero que voy a gastar dn efectivo, o es normal pagar con tarjetas?

Si tienen algún consejo para un primerizo en Argentina es bien recibido. Gracias!

Edit: voy desde Colombia",14,0,2025-09-23 09:44:50
1nofy49,hjf2014,Milei se aferra al respaldo de Trump y trata de disimular las falencias que expuso el Gobierno,,20,0,2025-09-23 09:24:45
1noccns,Robo-TINA,Martes de mascotas,¡Bienvenidos sean los Firulais y Michis al sub!,8,0,2025-09-23 06:01:12
1nocbyp,Robo-TINA,"Thread Diario de Dudas, Consultas y Mitaps - 23/09","Thread Diario de Dudas y Consultas!

Entra a nuestro [Chat](https://chat.reddit.com/room/!hSSQyOrLT-ahufrqRuBANA%3Areddit.com) y charla con la comunidad!",94,2,2025-09-23 06:00:06
1noa4we,Damosh37,Regimen Sircupa y baja del monotributo,"Hola primera vez que publico algo en reddit por que la verdad no encuentro info acerca de esto. El caso es que me di de baja del monotributo hace ya un año y en mis billeteras virtuales y cuentas bancarias me siguen cobrando el ""Regimen Sircupa"" cada vez que recibo una trasferencia, ya sea de mi para mi o de terceros hacia mi cuenta. Me gustaria saber como darme de baja de ese regimen o impuesto y por lo poco que averigue se debe a IIBB y el caso es que soy de la provincia de jujuy y aca no se modernizaron por lo visto y no puedo darme la baja desde la web y tampoco encuentro como darme la baja, mi ultima esperanza era ir a la direccion de rentas de aqui para poder hacer algo. Entre al sistema de ARCA o AFIP para los nostalgicos y no aparece que este registrado en ninguno impuesto lo unico que dice es que mi dependencia fiscal es JUJUY y nada mas, alguno tiene info sobre esto? y cuales serian las consecuencias de no haber pedido la baja durante tanto tiempo de iibb por que la actividad no la desarrollo desde ese momento.",16,5,2025-09-23 03:32:46
1no96iq,Low-Paramedic-6057,Alguien que me la explique filosofia de Particia Bullrich,"No se como encarar este post sin que se tome para la chacota, Pero voy a intentar.

Una de las candidatas presidenciales y opositora en su momento, que hoy es parte de la mesa chica de este gobierno dijo los siguiente:

Que iba armar un  sistema que iba a poner el foco en el ser humano desde una perspectiva en el que todo aquello que tiene que ver con el ser humano iba a estar bajo una filosofía muy interesante.



Mas allá de lo surreal de la explicación,  ella alguna vez explico lo que quiso decir?",27,0,2025-09-23 02:34:36
1no72qs,_oxitono,Argentina apunta al molibdeno: reservas de 100 kt podrían abrir nuevo capítulo minero,"Firma: [Gabriela Llontop](https://www.rumbominero.com/author/gllontop/)

**El país busca aprovechar su noveno lugar en reservas globales y entrar a un mercado donde el mineral vale seis veces más que el cobre.**

Argentina, que en 2025 alcanzó récords en producción y exportación de hidrocarburos, comienza a mirar hacia otro recurso estratégico: el molibdeno en Argentina. Con 100 kt de reservas, el país ocupa el noveno lugar a nivel mundial y podría ingresar a un mercado global en expansión, impulsado por su uso en pantallas, turbinas de avión, motores, energía nuclear e hidrógeno verde. Actualmente, el mineral cotiza hasta seis veces más caro que el cobre, lo que lo convierte en una oportunidad de alto valor.

El molibdeno, obtenido principalmente como subproducto de la minería del cobre, destaca por sus propiedades únicas como conductor y su resistencia a la corrosión. Hoy, China lidera la producción mundial, seguido de Chile con alrededor del 15% del mercado. En la región, Perú, México y Estados Unidos también figuran como productores relevantes. Aunque Argentina aún no produce, ya cuenta con 10 proyectos mineros orientados a este mineral, sea como explotación principal o secundaria

Expertos coinciden en que el interés internacional se explica por su creciente demanda en sectores de alta tecnología, desde la industria aeroespacial hasta la fabricación de baterías y equipos electrónicos. Países como China, Japón y la Unión Europea encabezan la lista de compradores. La oportunidad para Argentina radica en consolidarse como un nuevo jugador en un mercado altamente competitivo y con proyección de largo plazo.

**¿Qué desafíos enfrenta Argentina para desarrollar su industria de molibdeno?**

Para aprovechar este recurso, el país deberá atraer inversiones en infraestructura, ampliar la exploración y promover tecnologías que garanticen una explotación sostenible. La combinación de reservas significativas y una demanda global en ascenso posiciona al molibdeno como un “tesoro dormido” que podría diversificar la matriz minera argentina y convertir al país en un actor emergente en el mercado internacional

[https://www.rumbominero.com/argentina/argentina-apunta-al-molibdeno-reservas-de-100-kt-podrian-abrir-nuevo-capitulo-minero/](https://www.rumbominero.com/argentina/argentina-apunta-al-molibdeno-reservas-de-100-kt-podrian-abrir-nuevo-capitulo-minero/)",32,32,2025-09-23 00:36:28
1no6wzk,Tokita_Caju,"Cordobés táctico, encima táctico!!!!!",Sniper del Equipo de Tácticas Especiales Recomendable (E.T.E.R.) de la Policía de Córdoba. Operativo por la presencia del presidente Javier Milei. Viernes 19/09.,13,53,2025-09-23 00:28:27
1no6spg,Business-Ear-9112,Cuánta judicial alimentos,"Hola ,algún abogado que sepa y me de una mano, tengo un hermano gemelos, los dos somos titulares de la cuenta, hoy fui yo a cobrar, por q mí hermano no podía venir conmigo, fui solo y firme por qué necesitaba la plata pero me dijeron q nunca iba a tener tarje ni home baking y iba a tener q ir siempre con un papel y así, por q firme por los dos, que hago ahora? En ese momento no pensé bien las cosas tiene alguna solución?",4,0,2025-09-23 00:22:16
1no662w,kotien3,El video anterior pero con sonidos de jal laif para los gordos freeman,,4,79,2025-09-22 23:50:09
1no5v67,_oxitono,La balanza comercial registra un superávit de USD 1.402 millones en agosto,"En ago-2025, Argentina tuvo un superávit comercial de USD 1.402 millones, el mayor en lo que va del año, marcando el **21° mes consecutivo de saldo positivo**, pero con una reducción de USD 473 millones respecto al mismo mes de 2024.

El superávit acumulado en ene-ago de 2025 fue de USD 5.071 millones, registrando una disminución de casi 64% con relación al mismo período del año anterior (USD 14.151 millones). La reducción del excedente se debe al sustantivo crecimiento de las importaciones que aumentaron un 32,1% en el período, mientras que las exportaciones subieron un 6,2%. 

Cámara de exportadores de la República Argentina

C.E.R.A. [Informe Pdf Agosto 2025 ](https://www.cera.org.ar/sites/default/files/publicos/2025-09/Monitor_COMEX_Ago_2025.pdf)Editado por Claudio Levalle

Instituto de Estrategia Internacional 

Monitor Comex Argentino Agosto 2025",49,70,2025-09-22 23:34:52
1no51iy,_honeythief,Que inicie el bardo político,,79,0,2025-09-22 22:54:26
1no4zsc,Gonbatfire,Primera escena q me vino a la cabeza 🇦🇷🤝🇺🇸,,90,426,2025-09-22 22:52:10
1no4var,Nicobarck00,Tomense un rato para ver el gimnasio mas bizarro del mundo.,"
Desde llevar garrafas de gas hasta caer desde una escalera.
Pensé que era en joda pero no. 
Y no tiene comentarios, lo que me hace pensar que esto todavía no se vilarizó.

https://www.instagram.com/spartancentro?igsh=MXZjNzdxYWltazZqcA==


",13,0,2025-09-22 22:46:17
1no4ucm,Living_Point_2085,Usted no puede votar semejante barbaridad.,,18,6,2025-09-22 22:45:03
1no4qfb,heenaasaaa,El tribunal que condenó a Cristina Kirchner le dio intervención a Máximo y Florencia para debatir sobre el decomiso de sus bienes,,2,16,2025-09-22 22:39:48
1no4q3w,_honeythief,Provincias Unidas busca hacer pie en la Ciudad: ya sumó a Lousteau y ahora quiere seducir a Larreta,,17,0,2025-09-22 22:39:24
1no4myc,SeaJuggernaut9017,"Este tipo realmente se llamaba Gustavo Cerati, y no era su apodo ni nombre artístico","Siempre pensé que Gustavo Cerati era un apodo o sobrenombre como el de tantos otros músicos argentinos como Pappo, pity Álvarez, indio Solari, Fito Paez, Charly García etc",21,0,2025-09-22 22:35:03
1no4bvh,Ladybz,Rappi me estafo,"Anoche me paso que pedi un pedido en McDonald's por Rappi, llego mi pedido, cuento la plata ($25.000, dos billetes de $10.000 y 5 de $1000) y bajo. Le doy la plata a la repartidora que bajo de un auto, la saludo y le digo te di la plata justa, me despido y mientras estoy por subir la escalera me doy cuenta que se pone la mano en el bolsillo y prosigue a decirme chica, falta plata. Me quedo sorprendida y le digo no puede ser, acabo de contarla y me responde: Sí, aca hay solo $15.000 y me muestra la plata. Prosigo a decirle espera que me voy a fijar arriba sino deje plata en la mesa, como lo imaginaba no habia nada porque le habia dado todo el dinero, bajo y le digo fijate si no tenes la plata porque te la di,  me lo empezo a negar y me empece a enojar porque estaba segura que le di la plata y también porque me imaginaba que se habia guardado los otros $10.000 en el bolsillo y quería cagarme y que le diera $10.000 más. Mientras sucedia todo esto, se baja un tipo con una pinta terrible del auto de donde bajo ella y me puse nerviosa por la situación subi y le dije bueno, arreglalo con la app. Creo que subi porque bajo ese tipo y también porque tampoco queria darles $10.000 mas o devolver la comida y que me devuelvan menos de la plata que les habia dado. Subo y como no me funciona el timbre del departamento donde vivo, me llamaron como 4 veces y nunca atendi, estaba muy nerviosa y para colmo comi super estresada y me callo mal la comida. 

Despues de terminar de comer me llega un mensaje de Rappi diciendome que debo pagar el monto entero porque el repartidor habia asentado que habia llegado a mi domicilio y me llamo 4 veces y no atendí. Trate de hablar con una persona y poder demostrar que habia recibido el pedido y que tenia el comprobante pero fue en vano, el bot de Rappi continuamente me decia que no habia nada por hacer y que para seguir usando la app tengo que pagar por completo nuevamente el pedido que ya había pagado. No se si lo que hice estuvo bien o mal, pero no supe actuar de otra manera.

Pd: Termine desinstalando la app y decidi no volver a usarla y mucho menos pagar y sentirme que me re cagaron y se salieron con la suya.",103,128,2025-09-22 22:20:34
1no49ci,Firm_Translator_3256,Buen momento para viajar y comprar dólares,,63,1096,2025-09-22 22:17:12
1no416a,HotContribution9653,Nuevo prestamo con USA,Yo le quiero poner onda para entender pero no me la creo que sea buena idea pedir 20mil palos verdes para gastarse en aguantar el dolar barato? Que puede tener de bueno endeudarse cada 6 meses? No es obvio que despues te van a pedir mucho mas con los intereses? Siento que cuando dan una explicación compleja es que estan metiendo el dedo en el culo.,21,0,2025-09-22 22:06:23
1no3a3s,OsoAmoroso33,"Por mas que el gobierno tome nueva deuda, la deuda no aumenta","Conceptualmente cuando tenes superavit fiscal, significa que estas bajando la deuda.  
Si tomas deuda nueva es para pagar vencimiento de deuda vieja.

Les encanta decir que este gobierno pide deuda, que Caputo se fuma todo (mentira, el prestamo del fmi está intacto), etc etc",22,0,2025-09-22 21:30:27
1no313x,Federal_Addition1944,Hace casi un año que esta cerrada,"No eso, cuando voy a Constitucion siempre paso por H.Yrigoyen y nunca para, y un video de Constitucion a Ezeiza de OCTUBRE 2024, y todavia seguia cerrada, que le paso??",8,8,2025-09-22 21:18:33
1no2rnv,_oxitono,Magos legendarios,"Merlín fue la fusión de dos grandes del rock argentino: Gustavo Montesano ( Crucis ) y Alejandro De Michele ( Pastoral ). En 1980 publicaron este único álbum:

[Merlín](https://www.youtube.com/watch?v=j2h8JxKyN1U)

Su primer y único disco fue grabado en 1980, pero  el material no tuvo aceptación en el publico y eso llevo a la banda a la disolución en 1982.

Alejandro De Michele: Guitarra, voz  
Gustavo Montesano: Guitarras, sintetizador, voz  
Roberto Villace: Teclados  
Francisco Ojsterzek: Bajo  
Gustavo Dones: Bajo  
Daniel Colombres: Batería",2,2,2025-09-22 21:06:24
1no2bwc,WallyTrainer87,Martín Lousteau criticó el pedido de asistencia financiera al Tesoro de EEUU: “Trump no hace nada gratis”,,30,0,2025-09-22 20:46:06
1no1a37,Formal_Eye,Un supuesto argentino habría subido a steam un juego con malware y le habría robado 30k a un paciente con cancer,,43,83,2025-09-22 19:58:21
1no107q,alpinemonster,Experience reports: Temporary import/registration of motorcycles Switzerland → Chile/Argentina,"I plan a motorbike trip in February/March through Patagonia with my bike from Switzerland.


1) Is temporary import possible? Requirements, deadlines, limits?
2) Are border crossings from Chile to Argentina and back similar to Schengen permitted?
3) Necessary forms/declarations (carnet, customs, etc.), license plate tariff, insurance (green card, local policy)?
4) International registration/insurance certificate?

Optional: Tips on customs, costs, helpful links.",5,2,2025-09-22 19:45:56
1no0mwl,Expensive-Course-758,Mi Argentina tiene otro DNI,"En mi cuenta de mi Argentina está el CUIL correcto, pero un DNI que no es mío, y en DNI digital aparece la foto de otra persona con nombre, día de nacimiento y localidad distintos. Traté de borrar la cuenta pero me pide elegir un motivo, pero no me da opciones para elegirlo, nada más un espacio en blanco.

¿Qué hago?",11,6,2025-09-22 19:29:52
1no0g85,WallyTrainer87,"La única forma de hacer milanesa: carne de lomo, rebozada con Panko y a punto Bleu.","La milanesa de Francis Mallmann, reconocido chef argentino.",33,0,2025-09-22 19:21:39
1no09s9,nikolaibk,La plata de los impuestos de CABA en uso,,120,347,2025-09-22 19:14:00
1no097w,Corruptus_inextremis,"Dólar futuro: por la baja del dólar, el central ganó 900 mil millones de pesos",,86,40,2025-09-22 19:13:20
1nnzgvx,jojojo123x,"Hay terminal de buses en ezeiza? No en el aeropuerto, sino en la localidad, para larga distancia","Hola muchachos, la duda es lo que dice en el titulo porque veo pasajes desde ezeiza como localidad, pero el telefono que encuentro que figura como terminal de omnibus ezeiza no funciona. Muchas gracias",3,0,2025-09-22 18:41:03
1nnyx8m,HexplosiveMustache,Si te gorrean es culpa de Milei,,12,0,2025-09-22 18:18:35
1nnyf0x,Still_Lemon_5598,"Cierre del día. S&P Merval: +7,55%en pesos, en USD +16,79%. Bonos en Dólares +17,05% Promedio. ADRs +14,75% Promedio. CCL -7,91%. Dólar MEP -7,96%. Dólar Futuro -6,21% Promedio.",,34,85,2025-09-22 17:58:48
1nnxor9,_oxitono,Argentina anclada en el pasado : Las corridas eran el espectáculo más popular junto con las riñas de gallos,"La primera de la que se tiene noticia fue en 1609 en la Plaza Mayor,hoy Plaza de Mayo

Desde 1790 funcionó una pequeña plaza de toros en el *hueco de Monserrat*,que era un barrio en el límite de la ciudad, más poblada hacia el Sur.

Fue autorizada por el virrey Arredondo, pero no era el lugar adecuado y los vecinos de hace dos siglos se quejaron y el virrey marqués Gabriel de Avilés, ordenó al intendente de Buenos Aires, capitán Martín Boneo, la construcción de una nueva plaza en las afueras,en el lugar conocido como El Retiro, donde hoy se encuentra la Plaza San Martín en 1799

Las hubo en el barrio de Belgrano, en la zona de Lima y Venezuela, y en el actual Parque de Lezama.en el barrio de San Telmo.

En Barracas, por ejemplo, funcionaba un precario corral desde 1789; allí no se cobraba entrada y el espectáculo se hacía por el solo gusto de torear.

Las corridas de toros en retiro siguieron hasta enero de 1819, fueron prohibidas, el 10 de ese mes escribe Beruti:

\`\`fue la última que hubo en la Plaza del Retiro, porque el día 11 de orden superior se principió a deshacer''. 

Damián Hudson relata que la noticia de la Declaración de la Independencia se festejó en San Juan, en 1819, con corridas de toros. 

Está también la anécdota atribuida al general San Martín, cuando organizó una corrida de toros para que se lucieran los oficiales de sus tropas, en Mendoza.

En 1823, en Salta José Ignacio Gorriti prohibió las corridas de toros.

En Buenos Aires, Martín Rodríguez, por decreto del 4 de enero de 1822 prohibió hasta las lidias con toros “embolados”, es decir, con bolos de madera o cuero en las astas, que evitaban que el torero fuera herido.

La Ley Sarmiento se refiere originalmente a la Ley Nacional Nº 2786 de 1891, que fue la primera en Argentina en prohibir el maltrato animal,el término también se usa para referirse a la actual ley penal de protección animal, la Ley 14.346 de 1954, que fue sancionada en su memoria y establece penas de prisión para los actos de crueldad y maltrato animal.

En1899 el país adoptó una posición clara contra las corridas de toros, que dejó de ser una práctica común a nivel nacional

En 1947 alguien solicitó reabrir la vieja plaza de Salta, también en 1951 se inició un movimiento similar en Chascomús.  Y alguna vez, sobre todo en romerías españolas o en alguna fecha grata a la colectividad hispana, se han improvisado corridas de toros.

**Actualmente Casabindo, en la puna jujeña, es la única corrida de toros de la República Argentina , cada 15 de agosto se lleva a cabo.**

Más de 20 toreros participan en ellas, el único requisito es ser mayor de 18 años y tener una promesa para hacerle a la virgen.,y como es festividad religiosa, de paso rinden ofrenda a la virgen de la Asunción.

Al animal no se lo lastima ni se lo mata. La corrida consiste en quitarle una vincha roja con monedas peruanas de la cabeza de los toros,con coraje y no sin riesgo,a veces algunos toreros fallecieron o fueron trasladados al hospital.

Es parte de la Fiesta.",13,0,2025-09-22 17:30:34
1nnxlb8,MiserableIntern,Volcó un camión frigorífico en Mendoza y hubo caos: la Policía echó con gases y balas de goma a los vecinos que quisieron saquear la carne,,67,88,2025-09-22 17:26:59
1nnx5np,heenaasaaa,Trump no hace nada gratis,,23,0,2025-09-22 17:10:29
1nnwosb,Mother-Insect-9919,Un argentino en EEUU le robó 30mil Usd a un chico con cáncer,"En Estados Unidos se dio a conocer una noticia sobre un chico que padece cáncer; mientras realizaba un stream en Twitch, un usuario le compartió el enlace de un supuesto juego disponible en la plataforma Steam. El muchacho lo descargó y, poco después, se dio cuenta de que le habían sustraído los 30.000 dólares que tenía destinados para su tratamiento.
Después, no se de que manera, le sacaron la identidad 
contexto: https://x.com/cryptocowboy_au/status/1970101769184461140?s=46",106,282,2025-09-22 16:52:51
1nnwj1v,Shiny5hoes,BCRA (@BancoCentral_AR) on X,,46,13,2025-09-22 16:46:44
1nnwina,hernannadal,El costo fiscal de la quita de retenciones llegaría hasta los USD 1.800 millones: qué factores pueden aminorar el impacto,,47,0,2025-09-22 16:46:18
1nnw7wq,Argentinotriste,Vicuña invierte $400 millones en preconstrucción minera en San Juan,,4,18,2025-09-22 16:34:56
1nnvpsa,hernannadal,Con y para la gente: el muralista rosarino que transforma paredes en historias populares,,0,0,2025-09-22 16:15:18
1nnu9ea,Hecatusky,El Gobierno suspendió también las retenciones a la carne vacuna y aviar hasta el 31 de octubre,,160,89,2025-09-22 15:20:58
1nnu2l6,helloidonothaveaname,Que cosa que perfeccionamos en Argentina,"De carne al cuchillo, J&Q, bechamel y acelga colorada",52,56,2025-09-22 15:14:05
1nntcn7,No_Scale_464,El riesgo pais bajo con la pendiente más inclinada desde las elecciones de BA,"
Hoy ya bajo casi un 25%, habrá que ver como evoluciona.",154,249,2025-09-22 14:47:51
1nnszty,CaramelAutomatic7762,"""Pero los familiares y también los prestadores, en materia de discapacidad se preguntan, bueno ¿En casa como andamos?""",,10,73,2025-09-22 14:34:43
1nnsegr,RealRock_n_Rolla,Mar del Plata: Grupo de delincuentes intentaron asaltarlos cuando su mujer llegaba a la casa y los puso en fuga a los balazos,,49,446,2025-09-22 14:12:32
1nnrvpz,Argentinotriste,"El consumo masivo aumentó un 4% interanual en agosto, según un informe privado",,22,39,2025-09-22 13:52:55
1nnru6n,MaureNostrum,"Kicillof le está negando la atención médica a niños, discapacitados y jubilados.",En el IOMA están negando la atención médica a los afiliados y encima le cerraron la puerta en la cara a esta chica,152,474,2025-09-22 13:51:21
1nnru23,lucasarg14,¿Cuáles son los dos términos que más usan los seguidores de Milei para atacar a quienes lo critican? Viejo meado y mogólico. Ley de jubilaciones y discapacidad: ambas vetadas. No más preguntas señor juez.,https://x.com/LHDA16/status/1970162984971272661?t=Hudc5dS0ijYruXbyM6e7_w&s=19,21,0,2025-09-22 13:51:13
1nnrooj,hjf2014,La oposición criticó las medidas del gobierno y las vinculó a una necesidad electoral,,22,0,2025-09-22 13:45:46
1nnrlmz,OneCosmicOwl,"Discusión sobre Ley 24.156: Administración financiera y de los sistemas de control del sector público nacional, Art 38","Relevante a lo de estas semanas, en el art. 38 dice:
>ARTICULO 38.- Toda ley que autorice gastos no previstos en el presupuesto general deber especificar las fuentes de los recursos a utilizar para su financiamiento.

La oposición especificó las fuentes? Si no lo hizo, qué argumento usaron, si es que usaron alguno, para justificarse frente a esto? No es una ley derogada, está en total vigencia y se usó como uno de los Considerando de los vetos.",27,8,2025-09-22 13:42:38
1nnrbl0,DrakoXMusic1,"El mayorista opera en 1439, por el momento 318 millones operados, sin ventas por parte del BCRA",,23,31,2025-09-22 13:32:25
1nnr5dg,Ulises747,Situación excepcional en el truco,"Hola gente, queria mostrarles una situación que provocó demasiados gritos hoy entre amigos. Si un compañero canta mal los puntos, ejemplo: teniendo 29 canta 28, pero este compañero fue el primero en cantar, y el rival dice ""son buenas"", y luego se revela que fueron puntos mal cantados, se revienten los puntos y nadie gana nada, o se van para el rival? Esto fue un todos vs 1 (el que canto mal) pero quiero que digan sus costumbres a ver si en alguna región se juega asi ",34,0,2025-09-22 13:26:05
1nnqzzy,Lyapunoff,Argentina según pasan loas años...,,63,0,2025-09-22 13:20:33
1nnql2g,Plus-Philosopher-973,Se robo dos ganzos de los lagos de Palermo y los llevo a su casa,,198,543,2025-09-22 13:05:04
1nnq8su,Joseph20102011,"Minerales críticos, energía nuclear e IA, claves del interés de EEUU en la Argentina",,10,6,2025-09-22 12:52:34
1nnpzml,fueradeconteexto,"Violenta pelea, trompadas y choque en Potrero de Garay durante los festejos de la primavera","Lo que debía ser una noche de celebración por la **llegada de la primavera** terminó en un violento enfrentamiento en Potrero de Garay, Córdoba.

El hecho ocurrió este sábado por la noche, en la zona de la entrada al lago, donde se desarrollaba parte de los festejos. En las imágenes, que rápidamente se viralizaron en redes sociales, se puede ver cómo dos grupos comienzan a pelearse a golpes en plena calle.

La situación escaló aún más cuando uno de los involucrados subió a su camioneta, realizó marcha atrás y embistió el auto que estaba detrás. Luego, huyó del lugar.

Por el momento no se sabe si hubo heridos ni intervenciones oficiales tras el episodio.",19,12,2025-09-22 12:43:06
1nnpqgb,hjf2014,Dólar hoy: en el Banco Nación baja a $1.470 para la venta,,164,164,2025-09-22 12:33:23
1nnpd8u,Dex2310,Los tortolitos en el laburo,,3,66,2025-09-22 12:19:37
1nnp9wp,hernannadal,"El Garrahan, al borde del colapso: “Si se van 50 profesionales más va a ser difícil seguir atendiendo”",,14,0,2025-09-22 12:16:01
1nnp9cj,heenaasaaa,Elecciones | Kicillof acusó a Milei por generar confusión con la boleta única papel y advirtió sobre posibles impugnaciones,,20,0,2025-09-22 12:15:25
1nnnrgz,12151718,Insólito y repudiable: robó dos gansos de los Lagos de Palermo y los llevó a nadar a la pileta de su casa,,24,32,2025-09-22 11:19:22
1nnnnf5,hernannadal,Crisis en Discapacidad: los testimonios de familias a la deriva,,49,0,2025-09-22 11:15:02
1nnn8py,Ready_Philosophy_734,Pasa que los economistas en los medios dijeron que se iba a 1900 y coso...,,402,812,2025-09-22 10:59:19
1nnn584,WallyTrainer87,Mensaje del Tesoro de EEUU: “Estamos dispuestos a hacer lo necesario para apoyar a Argentina”,,136,166,2025-09-22 10:55:20
1nnmr9a,heenaasaaa,Miguel Ángel Pichetto calificó de “medida oportunista y electoral” la suspensión de retenciones a los granos,,85,0,2025-09-22 10:39:08
1nnmi4k,DrakoXMusic1,Treasury Secretary Scott Bessent (@SecScottBessent) on X,,61,27,2025-09-22 10:28:34
1nnmhlo,StuttgartJambo,Velez Sarsfield,"Hi there, 

I will be in Buenos Aries and was attempting to go catch a Velez game. I tried through their official website but it won't let me purchase a membership as I'm not from Argentina. Is that normal or am I doing something wrong?

Thanks in advance for your help.",8,2,2025-09-22 10:27:57
1nnm63o,Lyapunoff,Gerardo Werthein desmintió que Javier Milei viaje a EE.UU. para pedir un préstamo de 30 mil millones de dólares,,37,23,2025-09-22 10:14:57
1nnlo1u,DrakoXMusic1,Soja: Precio Chicago y Productor,"Si se hace efectivo el 0% de retenciones a la soja el precio para el productor seria el mejor en años.

Es una movida electoralista?
Si, pero bueno, necesitan lo dolare'",34,12,2025-09-22 09:53:55
1nnlglh,sartrejp,Suben los bonos argentinos y hunden más de 100 puntos al riesgo país tras el anuncio de baja de retenciones,,92,157,2025-09-22 09:44:57
1nnkocy,WallyTrainer87,Milei adelantó un feriado y habrá un fin de semana de cuatro días: ¿cuándo será?,Viernes 21 al lunes 24 de Noviembre,19,0,2025-09-22 09:08:07
1nnk308,Astrofisicocuantico,Intentemos encontrar una respuesta definitiva: por qué no hay gobierno que pueda mantener estable el dólar?,"Desde 2003-2008 que no se mantiene el precio del dólar a un mediano plazo, sigue subiendo infinitamente 
Y no hay solución. Ni cepo, ni solución monetarista, ni oferta suficiente 
Entonces teoricemos, a qué se debe que suba infinitamente?
Hablemos sin saber",41,0,2025-09-22 08:38:26
1nnjoou,Itchy-Fan-3900,Quiero agarrar el habito de leer diarios,"Nunca fui lector de medios informativos, siempre llegué a la data del día a día de maneras alternativas como las redes sociales.

Me gustaria empezar a leer diarios y quiero escuchar recomendaciones. Cual es hoy por hoy el mejor diario argentino?",14,0,2025-09-22 08:17:05
1nnjil9,Far_Road_11,"Críquet: Celebraciones mientras Argentina gana el Campeonato Sudamericano Sub-19, venciendo a Brasil por 62 carreras en la final.",,13,45,2025-09-22 08:07:52
1nnjgpg,Alejandra-689,Argentina No lo entenderías,El infinito bucle en Argentina ,42,0,2025-09-22 08:04:58
1nnjfqn,SambreusBA,"Para aumentar la oferta de dólares, no habrá retenciones a los granos hasta el 31 de octubre",,151,134,2025-09-22 08:03:36
1nnipl9,Blackbird_song13,CINE CLUB COLON - El único cine rural de Buenos Aires cumplió 91 años 🎂🎥,"**PATRIMONIO HISTÓRICO & CULTURAL**  
  
Pedro Coltrinari llegó de Italia a esta tierra fértil a los 17 años, y trabajó en el campo hasta que hizo fortuna, entonces era posible y los europeos al venir a hacerse la América, realmente lo lograban.   
Se compró su propia tierra y cruzó nuevamente los mares para buscar a su novia, que había quedado en Italia, la trajo aquí y trabajó de pionero: hizo todo lo que había que hacer en el Paraje ""La Paz Chica"", partido de Rique Perez pero hombre especial como pocos, a Coltrinari se le puso en la cabeza que había que edificar un cine y convocó a Rómulo Mazagliari para que llevara al papel la idea. La llevó y este llamó a un tal Mangalardo, un tano que si se lo proponía podía bajar la luna con un lazo. Él sólo hizo el Cine Club Colón inaugurándose un 20 de Septiembre de 1934.

Así que el pasado 20 de Septiembre se cumplieron **91 años** de su inauguración.",7,124,2025-09-22 07:22:06
1nnig2h,ghio1234,"Financial Times hizo un duro diagnóstico de la economía argentina antes de que Trump reciba a Milei: ""Está dinámica es insostenible""",,127,9,2025-09-22 07:06:26
1nnhe4t,Robo-TINA,Lunes Random,Cosas Random,69,2,2025-09-22 06:00:17
1nnhdyu,Robo-TINA,"Thread Diario de Dudas, Consultas y Mitaps - 22/09","Thread Diario de Dudas y Consultas!

Entra a nuestro [Chat](https://chat.reddit.com/room/!hSSQyOrLT-ahufrqRuBANA%3Areddit.com) y charla con la comunidad!",58,2,2025-09-22 06:00:01
1nnd1l8,whaddefuck,"Cómo es la «Sala Conan», el cuarto en la Quinta de Olivos donde Javier Milei guarda los regalos más importantes",,6,0,2025-09-22 01:28:21
1nnctmi,Exact_Chef5434,Creo que me cagaron en la casa de sepelios,"El martes a la madrugada falleció mi papá, ese mismo día hicimos el velorio en la tarde/noche y a la mañana siguiente fue el entierro en Chacarita.

En el medio del velorio nos enteramos de que mi hermana tiene un seguro por su trabajo que le cubre todo el servicio, menos los ""gastos de destino"" (por lo que entiendo, lo que uno paga porque su familiar esté en el cementerio).

Antes de saber esto del seguro, teníamos que pagar 1100000, cuando conversamos lo del seguro nos salieron con que teníamos que pagar 500000 por esto de los ""gastos de destino"" (?). Hoy fui a buscar el acta de defunción y me dieron un papel del gobierno de la ciudad que dice que la inhumación por sepultura costó 58000 aprox. Creo que nos re cagaron y no sé cómo confirmarlo y si lo hicieron, no sé cómo reclamarlo.

No nos dieron una factura, nos dieron un papel random onda ""recibí de fulano 500000 en concepto de pago de gestiones, impuestos y arrendamiento de sepultura"", pagamos por transferencia.",46,123,2025-09-22 01:16:01
1nnc679,None,Consejos de turismo,"¿Qué lugares recomiendas visitar? Tengo muchas ganas de visitar Argentina algún día.

En Google Maps ya he encontrado lugares maravillosos, sobre todo más al sur que tienen mucha nieve, me encanta la nieve.",0,4,2025-09-22 00:41:10
1nnbo3a,None,¿Las ciudades pequeñas de Argentina siguen este mismo patrón de urbanización?,"Estuve explorando países de Sudamérica, viendo algunas ciudades pequeñas, cuando fui a Argentina noté este patrón en todas las ciudades pequeñas que visité, me parecieron muy hermosas y quería saber si todas eran así.

Me pareció que se trataba en gran medida del mismo patrón de urbanización que en los Estados Unidos.",31,41,2025-09-22 00:14:52
1nnb9xn,MiserableIntern,Suman $ 16 mil M a la SIDE y reducen $ 12 mil M a comedores,,25,0,2025-09-21 23:54:58
1nnatzx,Unhappy-Animator-516,Duda de un uruguayo.,"Buenas, soy uruguayo, tengo la duda de pq siempre en Argentina pasa algo con el FMI, parece que todos los presidentes piden prestamos o que? En Uruguay no pasa eso, nunca e visto pedir un prestamo al FMI a algun presidente.

Que pasa en Argentina?",43,0,2025-09-21 23:32:43
1nnan5f,ghio1234,"Financial Times: ""Argentina gasta 1.000 millones de dólares para defender el peso mientras se agrava la crisis del presidente Javier Milei""",,2,0,2025-09-21 23:23:13
1nnaa41,masterofclownfu,BASTA MILEI NO LE PODES HACER ESO A LILITA 😡,,59,57,2025-09-21 23:05:45
1nn9pjt,Foreign-Bandicoot771,Myriam Bregman tiene razón.,"TEXTO DEL PRIMER DEBATE PRESIDENCIAL 2023.

SERGIO MASSA - Myriam, te quiero hacer una pregunta que es importante porque estamos 
empezando a definir el futuro de la Argentina. ¿De verdad vos crees que es lo mismo para la 
Argentina que gobernemos nosotros a que gobiernen Bullrich o Milei? 

MIRIAM BREGMAN - No se esforzaron mucho hoy no, sacaron todos los chistes de Twitter. 
Mirá, yo creo que el problema que tiene el país es otro, Massa. Porque cada 4 años ustedes se 
cambian de nombre, pasan de Frente de Todos, Frente para la Victoria, Unión por la Patria y 
renuevan las excusas para que se los pueda votar. Yo creo que es el momento de decir basta, 
de dejar de pensar todo el tiempo, tengo que votar a este porque es menos malo que el otro, 
porque de esta manera y empezar a tener convicciones, principios, valores, a demostrar que 
somos muchos y muchas lo que queremos un futuro para los pibes y para las pibas, que 
queremos que haya trabajo genuino, de calidad, con derechos, las que queremos, las que 
queremos, que se respeten todos nuestros derechos, entonces no pueden vivir encerrando a 
todo el mundo en esa rosca permanente en la que ustedes viven.",256,428,2025-09-21 22:38:22
1nn9irg,Mateo03,"""¿Cuál es el límite, CFK?"": el gobernador de Santa Cruz denunció un “golpe judicial” orquestado por Cristina y Máximo Kirchner",# Claudio Vidal acusó a la expresidente y a su hijo de manipular la justicia provincial mediante jueces afines. También alertó sobre una posible intervención federal y exigió respeto por la división de poderes.,4,11,2025-09-21 22:29:13
1nn8n76,fatninja32k,Casa Rosada en el Banderazo Nacional en apoyo al presidente Mile 21/09/25,,358,692,2025-09-21 21:47:19
1nn8d6s,msvalkyr,Milei’s fall from grace: Argentina’s stock market becomes the world’s worst performer in 2025,,35,0,2025-09-21 21:33:46
1nn8897,DrakoXMusic1,Tipo de cambio real efectivo en paises avanzados y emergentes,,8,0,2025-09-21 21:27:08
1nn7j86,hernannadal,"Así rompieron la caldera de la Usina 21 Mw, por el uso del carbón inapropiado. Ante las voces que intentaron minimizar el problema, los confrontamos con las pruebas — OPI Santa Cruz",,4,0,2025-09-21 20:54:22
1nn6ltb,yes_no_very_good,Hackers Argentinos le roban fondos a paciente de Cáncer.,"Historia completa acá https://x.com/vxunderground/status/1969828998109610461?t=eFiJibyl3bM24rCFI7BB-w&s=19

Contexto generado por Grok para los gordos vagos:

El post, publicado por @vxunderground
 el 21 de septiembre de 2025 a las 18:20 UTC, resume un incidente impactante. Habla de un streamer de videojuegos, @rastalandTV
, quien padece cáncer en etapa 4 (sarcoma de tejidos blandos). Este individuo estaba recaudando fondos para su tratamiento, pero fue víctima de un robo de criptomonedas. Le drenaron $32,000 de su billetera digital después de descargar un juego supuestamente ""verificado"" en Steam, que resultó ser malware diseñado para robar criptoactivos. El post destaca que el ataque parecía dirigido específicamente a su dinero de tratamiento.La buena noticia es que la comunidad respondió: más de 50 expertos en ciberseguridad y ""nerds"" se unieron para contrarrestar el daño. Encontraron la infraestructura del malware, recopilaron datos de las víctimas, notificaron a las afectadas y rastrearon información de los atacantes a través de sus IDs de Telegram y Steam. Además, @ZssBecker
 donó $30,000 para ayudar a cubrir las pérdidas, y el juego fue reportado masivamente a Steam, lo que probablemente llevó a su eliminación. El mensaje cierra con un emotivo ""fuck cancer"", reflejando la indignación y apoyo colectivo.

NOTA: Los que trackearon a los ladrones consiguieron obtener su identidad y fotos de como festejaban con Champagne, y era de Argentina.",26,0,2025-09-21 20:11:18
1nn6els,msvalkyr,Crece el descontento: la imagen de Javier Milei tocó un nuevo piso de 39% en septiembre,,42,0,2025-09-21 20:02:14
1nn601h,hernannadal,"El dólar alto impacta algo en la inflación, paraliza el mercado inmobiliario pero no detiene viajes al exterior",,11,0,2025-09-21 19:44:19
1nn5p5v,leomuni,De aquí al 26/10 el votante será “un arma cargada de futuro”,Firma: Manuel de Paz ,5,0,2025-09-21 19:30:59
1nn5agn,RealRock_n_Rolla,El asombro de un norteamericano al ver una chica caminando sola a la madrugada,,349,1857,2025-09-21 19:13:14
1nn4iws,DoctorMengeche98,Tinelli reaccionando a la historia del desodorante,,49,215,2025-09-21 18:40:28
1nn3ttk,gorditololero,Buen resumen de los que nos dejó el super ministro de economía Sergio Massa,,112,151,2025-09-21 18:11:45
1nn2wmc,termoymate,Top 10,,63,38,2025-09-21 17:35:39
1nn2ti7,AlanMartin393,La Infantería de Marina de la Armada se adiestra en EE.UU.,"El contingente de Infantería de Marina de la Armada Argentina comenzó a operar en el terreno mostrando las capacidades anfibias en el ejercicio internacional Unitas LXVI junto al resto de los países participantes. 

Estas actividades incluyeron adiestramientos específicos en desembarco, patrullas de combate, operaciones militares en ambientes urbanos, paracaidismo y buceo, tiro y coordinación de apoyo de fuego. 

La etapa anfibia del UNITAS LXVI constituye un hito en el adiestramiento combinado, fortaleciendo la cooperación internacional y la interoperabilidad entre marinas y cuerpos de infantería de marina, al tiempo que incrementa la preparación de las fuerzas para responder de manera combinada ante escenarios de crisis en el ámbito marítimo y litoral. 

Créditos: Gaceta Marinera

",76,273,2025-09-21 17:32:17
1nn2669,WallyTrainer87,"Antimileísmo puro, un candidato colado y una receta de los 90, la campaña de Fuerza Patria",,13,0,2025-09-21 17:06:57
1nn1vty,ripemole,Cada vez me siento peor,"Hola, tengo 25 años, tengo un trabajo estable, vehículo, estudio, pero no tengo amigos ni pareja
En realidad nunca tuve pareja, suelo salir con chicas, con las que me veo una o dos veces y despues nunca mas, cada vez me siento mas solo, es como que tengo todo y nada a la vez. Últimamente ando muy bajon, me siento solo, siempre tengo problemas con todos los circulos sociales, siempre me ""odian"" o tienen 'envidia ' como me dijeron algunos, pero desde primaria siempre me pasa eso, es como que tengo algo en el interior que siempre me hace chocante con la gente, como que nunca me dejo llevar, soy un desastre en muchas cosas como no saber cocinar etc... nunca me pongo algo en mente y lo cumplo, veo que muchos tienen otros pasatiempos, yo solo veo redes y paso asi el tiempo. Necesito consejos porfavor para mejorar",30,0,2025-09-21 16:55:48
1nn1dls,hernannadal,Cambia Argentina para siempre: la NASA advirtió que el país está expuesto a una anomalía que traerá graves consecuencias,,37,0,2025-09-21 16:35:51
1nmzyjq,Few-Design-5474,Te gustaría recibir flores?,Que dicen ya pasó de moda las flores? Aún se sorprenden por recibirlas? ,33,84,2025-09-21 15:42:38
1nmzdwq,Mindless_Tomorrow_45,Bariloche,[https://www.instagram.com/p/DIhe52QvCnd/](https://www.instagram.com/p/DIhe52QvCnd/),39,245,2025-09-21 15:20:40
1nmykb7,zetoberuto,Endeudómetro argentino: cómo evolucionó la deuda estatal neta durante los últimos 4 gobiernos,"Para los que se preguntan por la Deuda Externa.

Alberto = Cristina",73,25,2025-09-21 14:49:38
1nmyca7,falopita_rica,La intervención del BCRA en el mercado de cambios viaja a...,"Básicamente, si las reservas siguen ""[viajando](https://www.lanacion.com.ar/economia/como-llega-milei-al-15000-de-inflacion-y-que-dicen-los-economistas-nid10122023/)"" a esta velocidad de intervención, no llegamos al día 8. 

Obviamente no estoy validando la metodología maestra del Javo, sólo él puede decir cuando las cosas viajan a la estratósfera anualizando tasas de un momento puntual. Pero bueno, si LLA fuera oposición, esto estarían diciendo.

 

https://preview.redd.it/advvn1c71kqf1.png?width=900&format=png&auto=webp&s=1711e6adeaaa8b54af7b7ae52d9658d0198e63b1

",25,0,2025-09-21 14:41:04
1nmwb0y,Relevant_Syllabub895,Expectativa vs realidad(dia de primavera),"Como andan gente! feliz primavera! esperaba algo com la primera foto no la segunda, todo nublado, lluvioso y con frio jaja",18,95,2025-09-21 13:21:58
1nmvwzs,DrakoXMusic1,Problemas de una economía dolarizada y te explico el modelo IS-LM-PC con dibujitos,"* IMAGEN 1

Hay dos graficos, el primero (que es interes vs produccion, r vs Y) contiene la curva IS (naranja) y la LM (azul).

La curva IS es el equilibrio en el mercado de bienes.

IS tiene la forma Y = C + G + I
Donde Y es la produccion, C el consumo, G el gasto publico e I la inversion

La curva LM es el equilibrio en el mercado de dinero, para hacerla facil vamos a suponer que depende solo de la tasa de interes.

LM tiene la forma r = r* solo se determina por la tasa de interes, en nuestro ejemplo facil.

en el segundo grafico (que es cambio en inflacion vs produccion, Δπ vs Y) esta la curva PC que es la relación entre el desempleo y la inflacion.

La curva PC tiene la forma π = πe - k(u-un)
Donde π es la inflacion, πe la inflacion esperada, u el desempleo y un el desempleo natural.

* IMAGEN 2

Un shock de oferta puede ser el aumento de un commoditie (como el crudo) o una sequía fuerte.

La produccion potencial es el punto donde la inflación no varia y el desempleo es natural.

Y'n es el nuevo potencial que resulta del shock, puede volver al original si pasa el tiempo.

* IMAGEN 4

Si la economia no esta dolarizada el banco central puede dictar politica monetaria, moviendo la curva LM (cambiando la tasa de interes) para amortiguar la perdida en la produccion.

* IMAGEN 5

Si la economía esta dolarizada el banco central no puede dictar política monetaria, solamente le queda la fiscal (que no es muy efectiva) y termina comiéndose de lleno el shock.",73,0,2025-09-21 13:06:44
1nmvmm8,tamara2864,Esto es real dije yo,yo,204,1155,2025-09-21 12:55:44
1nmvdjd,Significant_Year5423,🌼🏵️💮🌸🪷🌺,"Aaaahhhh la primavera, estación de las lluvias y las alergias...",15,45,2025-09-21 12:45:50
1nmtocu,Mindless_Tomorrow_45,El incidente entre Alex Albon y Colapinto que lo complicó en el GP de Azerbaiyán de la Fórmula 1,,31,48,2025-09-21 11:38:42
1nmskc5,Background-Topic7369,Un KO para la historia: EVELIN BERMÚDEZ UNIFICÓ LOS TÍTULOS DEL MUNDO EN CANADÁ - TyC Sports,,2,3,2025-09-21 10:53:28
1nmshhv,Outrageous-Builder31,como ser un otaku inimputable:,,55,186,2025-09-21 10:50:13
